longitude,latitude,city,name,rating,reviews_count,price_turkey_shawarma_pita,price_cow_shawarma_pita,price_turkey_shawarma_laffa,price_cow_shawarma_laffa,price_falafel_pita,price_falafel_laffa,price_small_fries,price_big_fries,price_drink,car_park_nearby,price_source,price_notes,google_maps_url
34.7785556,32.0596082,תל אביב,שווארמה ראש העיר ת״א,4.5,936,52,59,74,75,26,32,16,27,11,True,estimated,"Estimated prices, not verified from menu.",https://www.google.com/maps/place/%D7%A9%D7%95%D7%95%D7%90%D7%A8%D7%9E%D7%94+%D7%A8%D7%90%D7%A9+%D7%94%D7%A2%D7%99%D7%A8+%D7%AA%D7%B4%D7%90%E2%80%AD/data=!4m7!3m6!1s0x151d4bdb81611377:0x9aa91354cf30d2c4!8m2!3d32.0596082!4d34.7785556!16s%2Fg%2F1td_80g8!19sChIJdxNhgdtLHRURxNIwz1QTqZo?authuser=0&hl=iw&rclk=1
34.7909905,32.0535767,תל אביב,פינת השווארמה תל אביב,3.9,320,56,60,65,75,26,33,17,26,12,False,estimated,"Estimated prices, not verified from menu.",https://www.google.com/maps/place/%D7%A4%D7%99%D7%A0%D7%AA+%D7%94%D7%A9%D7%95%D7%95%D7%90%D7%A8%D7%9E%D7%94+%D7%AA%D7%9C+%D7%90%D7%91%D7%99%D7%91%E2%80%AD/data=!4m7!3m6!1s0x151d4b0fed9870f9:0xf1cbd498fbf3edbd!8m2!3d32.0535767!4d34.7909905!16s%2Fg%2F11j23w5n4s!19sChIJ-XCY7Q9LHRURve3z-5jUy_E?authuser=0&hl=iw&rclk=1
34.7785556,32.0596082,תל אביב,שווארמה אריה,4.6,47,57,63,67,80,25,35,16,28,11,True,estimated,"Estimated prices, not verified from menu.",https://www.google.com/maps/place/%D7%A9%D7%95%D7%95%D7%90%D7%A8%D7%9E%D7%94+%D7%90%D7%A8%D7%99%D7%94%E2%80%AD/data=!4m7!3m6!1s0x151d4b63757507e3:0x1429da06996d6de9!8m2!3d32.0596082!4d34.7785556!16s%2Fg%2F11b6vf61tk!19sChIJ4wd1dWNLHRUR6W1tmQbaKRQ?authuser=0&hl=iw&rclk=1
34.7958491,32.1190434,תל אביב,שווארמה אסולין,4.6,55,58,65,65,80,24,35,18,27,12,True,estimated,"Estimated prices, not verified from menu.",https://www.google.com/maps/place/%D7%A9%D7%95%D7%95%D7%90%D7%A8%D7%9E%D7%94+%D7%90%D7%A1%D7%95%D7%9C%D7%99%D7%9F%E2%80%AD/data=!4m7!3m6!1s0x151d490035e0f087:0xbdfeec59bd1eaeb6!8m2!3d32.1190434!4d34.7958491!16s%2Fg%2F11n3lk1zm4!19sChIJh_DgNQBJHRURtq4evVns_r0?authuser=0&hl=iw&rclk=1
34.7707356,32.0561868,תל אביב,שווארמה מפגש הברכה,4.9,170,51,59,65,73,25,31,16,27,11,True,estimated,"Estimated prices, not verified from menu.",https://www.google.com/maps/place/%D7%A9%D7%95%D7%95%D7%90%D7%A8%D7%9E%D7%94+%D7%9E%D7%A4%D7%92%D7%A9+%D7%94%D7%91%D7%A8%D7%9B%D7%94%E2%80%AD/data=!4m7!3m6!1s0x151d4d29bda5345f:0xa60ac93f4a82c451!8m2!3d32.0561868!4d34.7707356!16s%2Fg%2F11kp58v08c!19sChIJXzSlvSlNHRURUcSCSj_JCqY?authuser=0&hl=iw&rclk=1
34.774643,32.0960987,תל אביב,Shabu Shawarma & Grill - שאבו שווארמה,4.1,379,50,62,67,81,23,31,17,28,11,True,estimated,"Estimated prices, not verified from menu.",https://www.google.com/maps/place/Shabu+Shawarma+%26+Grill+-+%D7%A9%D7%90%D7%91%D7%95+%D7%A9%D7%95%D7%95%D7%90%D7%A8%D7%9E%D7%94%E2%80%AD/data=!4m7!3m6!1s0x151d4b9880314d11:0xdebb150a431ebdeb!8m2!3d32.0960987!4d34.774643!16s%2Fg%2F11tdns9mxx!19sChIJEU0xgJhLHRUR670eQwoVu94?authuser=0&hl=iw&rclk=1
34.7700692,32.0704895,תל אביב,שווארמה בון טעם,4.1,563,55,64,71,75,26,36,15,29,11,False,estimated,"Estimated prices, not verified from menu.",https://www.google.com/maps/place/%D7%A9%D7%95%D7%95%D7%90%D7%A8%D7%9E%D7%94+%D7%91%D7%95%D7%9F+%D7%98%D7%A2%D7%9D%E2%80%AD/data=!4m7!3m6!1s0x151d4c816a39ad39:0x7b288bd072beb260!8m2!3d32.0704895!4d34.7700692!16s%2Fg%2F1tpx22zr!19sChIJOa05aoFMHRURYLK-ctCLKHs?authuser=0&hl=iw&rclk=1
34.7815765,32.0797764,תל אביב,דבוש שווארמה אבן גבירול,3.7,1258,54,59,75,73,24,31,16,26,11,False,estimated,"Estimated prices, not verified from menu.",https://www.google.com/maps/place/%D7%93%D7%91%D7%95%D7%A9+%D7%A9%D7%95%D7%95%D7%90%D7%A8%D7%9E%D7%94+%D7%90%D7%91%D7%9F+%D7%92%D7%91%D7%99%D7%A8%D7%95%D7%9C%E2%80%AD/data=!4m7!3m6!1s0x151d4b85bde8ad81:0x63559bc511f7a47c!8m2!3d32.0797764!4d34.7815765!16s%2Fg%2F1ydpv9zmt!19sChIJga3ovYVLHRURfKT3EcWbVWM?authuser=0&hl=iw&rclk=1
34.796657,32.075209,גבעתיים,שווארמה נחלת יצחק,4.1,1170,54,60,69,75,26,31,17,28,11,True,estimated,"Estimated prices, not verified from menu.",https://www.google.com/maps/place/%D7%A9%D7%95%D7%95%D7%90%D7%A8%D7%9E%D7%94+%D7%A0%D7%97%D7%9C%D7%AA+%D7%99%D7%A6%D7%97%D7%A7%E2%80%AD/data=!4m7!3m6!1s0x151d4ba2a1922093:0xd90fca5a320a6f13!8m2!3d32.075209!4d34.796657!16s%2Fg%2F11cjvbswnh!19sChIJkyCSoaJLHRURE28KMlrKD9k?authuser=0&hl=iw&rclk=1
34.7662055,32.0676819,תל אביב,שווארמה הכרמל Shawarma Carmel,4.1,250,57,61,70,75,23,32,16,28,12,True,estimated,"Estimated prices, not verified from menu.",https://www.google.com/maps/place/%D7%A9%D7%95%D7%95%D7%90%D7%A8%D7%9E%D7%94+%D7%94%D7%9B%D7%A8%D7%9E%D7%9C+Shawarma+Carmel%E2%80%AD/data=!4m7!3m6!1s0x151d4c845f3e1ea7:0x78dec17632b8fa22!8m2!3d32.0676819!4d34.7662055!16s%2Fg%2F11f2smrvsv!19sChIJpx4-X4RMHRURIvq4MnbB3ng?authuser=0&hl=iw&rclk=1
34.7742005,32.0619438,תל אביב,פנינת השווארמה,4.1,284,54,58,71,73,23,35,17,25,11,True,estimated,"Estimated prices, not verified from menu.",https://www.google.com/maps/place/%D7%A4%D7%A0%D7%99%D7%A0%D7%AA+%D7%94%D7%A9%D7%95%D7%95%D7%90%D7%A8%D7%9E%D7%94%E2%80%AD/data=!4m7!3m6!1s0x151d4c9d60591fd7:0xd2b21369296b2d09!8m2!3d32.0619438!4d34.7742005!16s%2Fg%2F11f3dd1kqs!19sChIJ1x9ZYJ1MHRURCS1rKWkTstI?authuser=0&hl=iw&rclk=1
34.7834256,32.0663344,תל אביב,דבוש שווארמה קרליבך,4.2,281,57,60,64,74,24,33,18,28,11,True,estimated,"Estimated prices, not verified from menu.",https://www.google.com/maps/place/%D7%93%D7%91%D7%95%D7%A9+%D7%A9%D7%95%D7%95%D7%90%D7%A8%D7%9E%D7%94+%D7%A7%D7%A8%D7%9C%D7%99%D7%91%D7%9A%E2%80%AD/data=!4m7!3m6!1s0x151d4b02666e0809:0xc21e568a3714fafd!8m2!3d32.0663344!4d34.7834256!16s%2Fg%2F1v1ks33n!19sChIJCQhuZgJLHRUR_foUN4pWHsI?authuser=0&hl=iw&rclk=1
34.7864988,32.0701276,תל אביב,בוטרא - שווארמה תל אביב,4.2,76,52,59,70,83,25,34,17,25,12,True,estimated,"Estimated prices, not verified from menu.",https://www.google.com/maps/place/%D7%91%D7%95%D7%98%D7%A8%D7%90+-+%D7%A9%D7%95%D7%95%D7%90%D7%A8%D7%9E%D7%94+%D7%AA%D7%9C+%D7%90%D7%91%D7%99%D7%91%E2%80%AD/data=!4m7!3m6!1s0x151d4b97a63c66b7:0x9762c48a5c93b6f6!8m2!3d32.0701276!4d34.7864988!16s%2Fg%2F11v02w5x7b!19sChIJt2Y8ppdLHRUR9raTXIrEYpc?authuser=0&hl=iw&rclk=1
34.7854339,32.0646937,תל אביב,שווארמה אליאס,4.3,316,57,60,65,80,24,33,17,28,11,True,estimated,"Estimated prices, not verified from menu.",https://www.google.com/maps/place/%D7%A9%D7%95%D7%95%D7%90%D7%A8%D7%9E%D7%94+%D7%90%D7%9C%D7%99%D7%90%D7%A1%E2%80%AD/data=!4m7!3m6!1s0x151d4b86caf40a2d:0x7f7dc4931a39fd4a!8m2!3d32.0646937!4d34.7854339!16s%2Fg%2F11t5nhm242!19sChIJLQr0yoZLHRURSv05GpPEfX8?authuser=0&hl=iw&rclk=1
34.7676046,32.0680561,תל אביב,טקסים שוארמה,4.5,27,57,62,68,83,25,33,16,29,12,True,estimated,"Estimated prices, not verified from menu.",https://www.google.com/maps/place/%D7%98%D7%A7%D7%A1%D7%99%D7%9D+%D7%A9%D7%95%D7%90%D7%A8%D7%9E%D7%94%E2%80%AD/data=!4m7!3m6!1s0x151d4d819af21987:0xdfa7f03f5402a8b8!8m2!3d32.0680561!4d34.7676046!16s%2Fg%2F11t29fj_4b!19sChIJhxnymoFNHRURuKgCVD_wp98?authuser=0&hl=iw&rclk=1
34.7866265,32.1124111,תל אביב,שווארמה שמעוני רמת אביב,4.4,16,51,59,74,79,24,35,15,25,4,False,mixed_existing_and_estimated,"Existing non-empty price values preserved; missing price values estimated, not verified from menu.",https://www.google.com/maps/place/%D7%A9%D7%95%D7%95%D7%90%D7%A8%D7%9E%D7%94+%D7%A9%D7%9E%D7%A2%D7%95%D7%A0%D7%99+%D7%A8%D7%9E%D7%AA+%D7%90%D7%91%D7%99%D7%91%E2%80%AD/data=!4m7!3m6!1s0x151d49001fb85df5:0x3d426a3abb7f4c00!8m2!3d32.1124111!4d34.7866265!16s%2Fg%2F11xdb89t11!19sChIJ9V24HwBJHRURAEx_uzpqQj0?authuser=0&hl=iw&rclk=1
34.7628393,32.0545654,תל אביב,שאוורמה עאוני אקבפרס,4.0,190,53,58,65,81,26,34,17,25,10,True,estimated,"Estimated prices, not verified from menu.",https://www.google.com/maps/place/%D7%A9%D7%90%D7%95%D7%95%D7%A8%D7%9E%D7%94+%D7%A2%D7%90%D7%95%D7%A0%D7%99+%D7%90%D7%A7%D7%91%D7%A4%D7%A8%D7%A1%E2%80%AD/data=!4m7!3m6!1s0x151d4d25daa2c20b:0xfac2a3cb9e049d9b!8m2!3d32.0545654!4d34.7628393!16s%2Fg%2F11g_xncx3c!19sChIJC8Ki2iVNHRURm50Ensujwvo?authuser=0&hl=iw&rclk=1
34.7680872,32.0678779,תל אביב,שווארמה כרמל,4.6,9,52,57,71,75,24,33,16,25,11,True,estimated,"Estimated prices, not verified from menu.",https://www.google.com/maps/place/%D7%A9%D7%95%D7%95%D7%90%D7%A8%D7%9E%D7%94+%D7%9B%D7%A8%D7%9E%D7%9C%E2%80%AD/data=!4m7!3m6!1s0x151d4c847db18963:0x757f2a01e58f2a83!8m2!3d32.0678779!4d34.7680872!16s%2Fg%2F11bxw0j415!19sChIJY4mxfYRMHRURgyqP5QEqf3U?authuser=0&hl=iw&rclk=1
34.7562236,32.0546913,תל אביב,שווארמה בינו,3.3,115,51,62,73,76,23,32,16,28,11,True,estimated,"Estimated prices, not verified from menu.",https://www.google.com/maps/place/%D7%A9%D7%95%D7%95%D7%90%D7%A8%D7%9E%D7%94+%D7%91%D7%99%D7%A0%D7%95%E2%80%AD/data=!4m7!3m6!1s0x151d4cbebfa2a92b:0xc30e2b7ec036a7ca!8m2!3d32.0546913!4d34.7562236!16s%2Fg%2F1tcy1nzv!19sChIJK6miv75MHRURyqc2wH4rDsM?authuser=0&hl=iw&rclk=1
34.7753251,32.0741626,תל אביב,שולה שווארמה,3.1,45,57,57,64,78,23,33,16,25,12,True,estimated,"Estimated prices, not verified from menu.",https://www.google.com/maps/place/%D7%A9%D7%95%D7%9C%D7%94+%D7%A9%D7%95%D7%95%D7%90%D7%A8%D7%9E%D7%94%E2%80%AD/data=!4m7!3m6!1s0x151d4b9c8b5efc9f:0xb911c87e75f35a85!8m2!3d32.0741626!4d34.7753251!16s%2Fg%2F11v0x225l_!19sChIJn_xei5xLHRURhVrzdX7IEbk?authuser=0&hl=iw&rclk=1
34.7589979,32.0488723,תל אביב,פונדק הרצל שווארמה כיד המלך,4.2,268,51,61,67,78,24,31,16,29,10,True,estimated,"Estimated prices, not verified from menu.",https://www.google.com/maps/place/%D7%A4%D7%95%D7%A0%D7%93%D7%A7+%D7%94%D7%A8%D7%A6%D7%9C+%D7%A9%D7%95%D7%95%D7%90%D7%A8%D7%9E%D7%94+%D7%9B%D7%99%D7%93+%D7%94%D7%9E%D7%9C%D7%9A%E2%80%AD/data=!4m7!3m6!1s0x151d4cba6d10a5e3:0x3515a0e496652f73!8m2!3d32.0488723!4d34.7589979!16s%2Fg%2F11f5_l05tj!19sChIJ46UQbbpMHRURcy9lluSgFTU?authuser=0&hl=iw&rclk=1
34.7704994,32.0700472,תל אביב,גדליה שווארמה,3.1,33,56,66,74,72,24,35,16,28,11,False,estimated,"Estimated prices, not verified from menu.",https://www.google.com/maps/place/%D7%92%D7%93%D7%9C%D7%99%D7%94+%D7%A9%D7%95%D7%95%D7%90%D7%A8%D7%9E%D7%94%E2%80%AD/data=!4m7!3m6!1s0x151d4c8165b7804f:0x6d90667ba0febc7e!8m2!3d32.0700472!4d34.7704994!16s%2Fg%2F1tl5cl3p!19sChIJT4C3ZYFMHRURfrz-oHtmkG0?authuser=0&hl=iw&rclk=1
34.7855231,32.0691568,תל אביב,נורמן שניצל בתל אביב | שווארמה | שניצל בחלה,3.3,588,58,59,67,75,24,32,18,26,11,True,estimated,"Estimated prices, not verified from menu.",https://www.google.com/maps/place/%D7%A0%D7%95%D7%A8%D7%9E%D7%9F+%D7%A9%D7%A0%D7%99%D7%A6%D7%9C+%D7%91%D7%AA%D7%9C+%D7%90%D7%91%D7%99%D7%91+%7C+%D7%A9%D7%95%D7%95%D7%90%D7%A8%D7%9E%D7%94+%7C+%D7%A9%D7%A0%D7%99%D7%A6%D7%9C+%D7%91%D7%97%D7%9C%D7%94%E2%80%AD/data=!4m7!3m6!1s0x151d4b0bf0d927c1:0xd764ae86027b326f!8m2!3d32.0691568!4d34.7855231!16s%2Fg%2F11g2_9hx50!19sChIJwSfZ8AtLHRURbzJ7AoauZNc?authuser=0&hl=iw&rclk=1
34.7865203,32.0666876,תל אביב,הבוכרי - שווארמה ובשרים | מסעדת בשרים וקטריינג כשרה,4.0,323,51,63,73,82,23,33,16,26,11,True,estimated,"Estimated prices, not verified from menu.",https://www.google.com/maps/place/%D7%94%D7%91%D7%95%D7%9B%D7%A8%D7%99+-+%D7%A9%D7%95%D7%95%D7%90%D7%A8%D7%9E%D7%94+%D7%95%D7%91%D7%A9%D7%A8%D7%99%D7%9D+%7C+%D7%9E%D7%A1%D7%A2%D7%93%D7%AA+%D7%91%D7%A9%D7%A8%D7%99%D7%9D+%D7%95%D7%A7%D7%98%D7%A8%D7%99%D7%99%D7%A0%D7%92+%D7%9B%D7%A9%D7%A8%D7%94%E2%80%AD/data=!4m7!3m6!1s0x151d4b7712a70f25:0xbeb35e2f647ba704!8m2!3d32.0666876!4d34.7865203!16s%2Fg%2F1trlrc87!19sChIJJQ-nEndLHRURBKd7ZC9es74?authuser=0&hl=iw&rclk=1
34.822196,32.1102915,תל אביב,שווארמה יפו פלאפל אציר,3.9,387,57,61,71,78,24,33,16,25,10,True,estimated,"Estimated prices, not verified from menu.",https://www.google.com/maps/place/%D7%A9%D7%95%D7%95%D7%90%D7%A8%D7%9E%D7%94+%D7%99%D7%A4%D7%95+%D7%A4%D7%9C%D7%90%D7%A4%D7%9C+%D7%90%D7%A6%D7%99%D7%A8%E2%80%AD/data=!4m7!3m6!1s0x151d499c8b216c67:0x44396656c5df3cae!8m2!3d32.1102915!4d34.822196!16s%2Fg%2F1tljnxsv!19sChIJZ2whi5xJHRURrjzfxVZmOUQ?authuser=0&hl=iw&rclk=1
34.8182384,32.1093624,תל אביב,שווארמיה,3.0,2,52,65,68,80,26,33,17,26,11,True,estimated,"Estimated prices, not verified from menu.",https://www.google.com/maps/place/%D7%A9%D7%95%D7%95%D7%90%D7%A8%D7%9E%D7%99%D7%94%E2%80%AD/data=!4m7!3m6!1s0x151d4978000675cd:0x79b9030f78508374!8m2!3d32.1093624!4d34.8182384!16s%2Fg%2F11h7s45646!19sChIJzXUGAHhJHRURdINQeA8DuXk?authuser=0&hl=iw&rclk=1
34.7789665,32.0563771,תל אביב,שווארמה לאפה לי,2.9,30,50,66,70,85,24,36,18,28,11,False,estimated,"Estimated prices, not verified from menu.",https://www.google.com/maps/place/%D7%A9%D7%95%D7%95%D7%90%D7%A8%D7%9E%D7%94+%D7%9C%D7%90%D7%A4%D7%94+%D7%9C%D7%99%E2%80%AD/data=!4m7!3m6!1s0x151d4bc85cefbb03:0xbd4e8c76107adace!8m2!3d32.0563771!4d34.7789665!16s%2Fg%2F11q1tmh2dp!19sChIJA7vvXMhLHRURztp6EHaMTr0?authuser=0&hl=iw&rclk=1
34.822108,32.110354,תל אביב,Shawarma Yaffo,2.8,13,55,58,67,74,23,31,17,25,11,True,estimated,"Estimated prices, not verified from menu.",https://www.google.com/maps/place/Shawarma+Yaffo/data=!4m7!3m6!1s0x151d499cae4209db:0x22ca11110aac04e9!8m2!3d32.110354!4d34.822108!16s%2Fg%2F11sc7hmys7!19sChIJ2wlCrpxJHRUR6QSsChERyiI?authuser=0&hl=iw&rclk=1
34.7721718,32.0596321,תל אביב,שווארמה פלאפל אלי,3.8,209,52,63,68,79,23,33,16,26,11,False,estimated,"Estimated prices, not verified from menu.",https://www.google.com/maps/place/%D7%A9%D7%95%D7%95%D7%90%D7%A8%D7%9E%D7%94+%D7%A4%D7%9C%D7%90%D7%A4%D7%9C+%D7%90%D7%9C%D7%99%E2%80%AD/data=!4m7!3m6!1s0x151d4c9dc5134a9f:0xef87212a592423ba!8m2!3d32.0596321!4d34.7721718!16s%2Fg%2F1wl06ccj!19sChIJn0oTxZ1MHRURuiMkWSohh-8?authuser=0&hl=iw&rclk=1
34.8039622,32.087509,תל אביב,שווארמה שמש | כשר,3.8,1746,52,63,70,75,24,32,17,27,11,True,estimated,"Estimated prices, not verified from menu.",https://www.google.com/maps/place/%D7%A9%D7%95%D7%95%D7%90%D7%A8%D7%9E%D7%94+%D7%A9%D7%9E%D7%A9+%7C+%D7%9B%D7%A9%D7%A8%E2%80%AD/data=!4m7!3m6!1s0x151d4bc6edfb4e0d:0xe5cd881f5b326f16!8m2!3d32.087509!4d34.8039622!16s%2Fg%2F1td8frf4!19sChIJDU777cZLHRURFm8yWx-IzeU?authuser=0&hl=iw&rclk=1
34.8108918,32.0855919,רמת גן,שווארמה סטריט,4.1,457,51,62,67,81,25,34,17,28,11,True,estimated,"Estimated prices, not verified from menu.",https://www.google.com/maps/place/%D7%A9%D7%95%D7%95%D7%90%D7%A8%D7%9E%D7%94+%D7%A1%D7%98%D7%A8%D7%99%D7%98%E2%80%AD/data=!4m7!3m6!1s0x151d4bf64da12257:0x2bb7cb8eda25a35e!8m2!3d32.0855919!4d34.8108918!16s%2Fg%2F11hkbh8dt8!19sChIJVyKhTfZLHRURXqMl2o7Ltys?authuser=0&hl=iw&rclk=1
34.7697575,32.065837,תל אביב,שווארמה סטריט שוק התקוה,1.9,10,50,61,73,84,26,36,16,25,12,True,estimated,"Estimated prices, not verified from menu.",https://www.google.com/maps/place/%D7%A9%D7%95%D7%95%D7%90%D7%A8%D7%9E%D7%94+%D7%A1%D7%98%D7%A8%D7%99%D7%98+%D7%A9%D7%95%D7%A7+%D7%94%D7%AA%D7%A7%D7%95%D7%94%E2%80%AD/data=!4m7!3m6!1s0x151d4d4e332adec5:0x4103131c1eb493b0!8m2!3d32.065837!4d34.7697575!16s%2Fg%2F11fnx5lhy1!19sChIJxd4qM05NHRURsJO0HhwTA0E?authuser=0&hl=iw&rclk=1
34.7778888,32.0628763,תל אביב,שווארמה אדוארדו,4.9,189,54,65,74,77,23,32,18,25,10,True,estimated,"Estimated prices, not verified from menu.",https://www.google.com/maps/place/%D7%A9%D7%95%D7%95%D7%90%D7%A8%D7%9E%D7%94+%D7%90%D7%93%D7%95%D7%90%D7%A8%D7%93%D7%95%E2%80%AD/data=!4m7!3m6!1s0x151d4b10fc1aa80b:0xa40a09688e1fec1e!8m2!3d32.0628763!4d34.7778888!16s%2Fg%2F11wx_vpxwj!19sChIJC6ga_BBLHRURHuwfjmgJCqQ?authuser=0&hl=iw&rclk=1
34.8394775,32.1181411,תל אביב,שווארמה אליהו תל אביב,3.4,47,52,59,69,74,25,36,17,29,10,,estimated,"Estimated prices, not verified from menu.",https://www.google.com/maps/place/%D7%A9%D7%95%D7%95%D7%90%D7%A8%D7%9E%D7%94+%D7%90%D7%9C%D7%99%D7%94%D7%95+%D7%AA%D7%9C+%D7%90%D7%91%D7%99%D7%91%E2%80%AD/data=!4m7!3m6!1s0x151d49ae5db67eb7:0x5245910c6175a21e!8m2!3d32.1181411!4d34.8394775!16s%2Fg%2F11ftx5d02h!19sChIJt362Xa5JHRURHqJ1YQyRRVI?authuser=0&hl=iw&rclk=1
34.793553,32.047786,תל אביב,שווארמה עזורי,4.6,36,58,57,65,82,24,33,15,29,12,False,estimated,"Estimated prices, not verified from menu.",https://www.google.com/maps/place/%D7%A9%D7%95%D7%95%D7%90%D7%A8%D7%9E%D7%94+%D7%A2%D7%96%D7%95%D7%A8%D7%99%E2%80%AD/data=!4m7!3m6!1s0x151d4b002c531931:0xa63ee0016aeed0ee!8m2!3d32.047786!4d34.793553!16s%2Fg%2F11x77rvtxl!19sChIJMRlTLABLHRUR7tDuagHgPqY?authuser=0&hl=iw&rclk=1
34.7587319,32.0475313,תל אביב,בא לי שווארמה,4.3,68,56,60,72,73,25,35,16,26,10,True,estimated,"Estimated prices, not verified from menu.",https://www.google.com/maps/place/%D7%91%D7%90+%D7%9C%D7%99+%D7%A9%D7%95%D7%95%D7%90%D7%A8%D7%9E%D7%94%E2%80%AD/data=!4m7!3m6!1s0x151d4cb0a2ede7b5:0xae6d8481020d64ab!8m2!3d32.0475313!4d34.7587319!16s%2Fg%2F11hcjzl_yn!19sChIJteftorBMHRURq2QNAoGEba4?authuser=0&hl=iw&rclk=1
34.7795038,32.0566153,תל אביב,שווארמה מספר אחד,5.0,1,51,59,67,73,26,36,17,26,10,False,estimated,"Estimated prices, not verified from menu.",https://www.google.com/maps/place/%D7%A9%D7%95%D7%95%D7%90%D7%A8%D7%9E%D7%94+%D7%9E%D7%A1%D7%A4%D7%A8+%D7%90%D7%97%D7%93%E2%80%AD/data=!4m7!3m6!1s0x151d4b6401c1d3d9:0xbf54eb4b370c6f72!8m2!3d32.0566153!4d34.7795038!16s%2Fg%2F11b6vf24z3!19sChIJ2dPBAWRLHRURcm8MN0vrVL8?authuser=0&hl=iw&rclk=1
34.7824261,32.0703562,תל אביב,שווארמה קרליבך 39,3.8,190,55,63,72,72,25,31,16,28,11,True,estimated,"Estimated prices, not verified from menu.",https://www.google.com/maps/place/%D7%A9%D7%95%D7%95%D7%90%D7%A8%D7%9E%D7%94+%D7%A7%D7%A8%D7%9C%D7%99%D7%91%D7%9A+39%E2%80%AD/data=!4m7!3m6!1s0x151d4bccf797d7a3:0xf4facb1aeba7a928!8m2!3d32.0703562!4d34.7824261!16s%2Fg%2F11ts5r4qzw!19sChIJo9eX98xLHRURKKmn6xrL-vQ?authuser=0&hl=iw&rclk=1
34.755917,32.0545419,תל אביב,Shawarma Abouelafia,3.3,655,54,65,67,75,25,32,18,29,12,True,estimated,"Estimated prices, not verified from menu.",https://www.google.com/maps/place/Shawarma+Abouelafia/data=!4m7!3m6!1s0x151d4cbec8550079:0x3cf9da1044321c03!8m2!3d32.0545419!4d34.755917!16s%2Fg%2F1w604b5h!19sChIJeQBVyL5MHRURAxwyRBDa-Tw?authuser=0&hl=iw&rclk=1
34.8189937,32.0757308,רמת גן,שווארמה שיפודי סמי ובניו רמת גן,3.9,2410,55,64,71,76,24,32,18,27,11,False,estimated,"Estimated prices, not verified from menu.",https://www.google.com/maps/place/%D7%A9%D7%95%D7%95%D7%90%D7%A8%D7%9E%D7%94+%D7%A9%D7%99%D7%A4%D7%95%D7%93%D7%99+%D7%A1%D7%9E%D7%99+%D7%95%D7%91%D7%A0%D7%99%D7%95+%D7%A8%D7%9E%D7%AA+%D7%92%D7%9F%E2%80%AD/data=!4m7!3m6!1s0x151d4a4b370eaf5f:0x4d5f5d580d44cd3c!8m2!3d32.0757308!4d34.8189937!16s%2Fg%2F1vsmv86s!19sChIJX68ON0tKHRURPM1EDVhdX00?authuser=0&hl=iw&rclk=1
34.7625084,32.0640628,תל אביב,שווארמה יהלום אלמז תל אביב,,1,56,60,66,81,26,33,16,27,12,True,estimated,"Estimated prices, not verified from menu.",https://www.google.com/maps/place/%D7%A9%D7%95%D7%95%D7%90%D7%A8%D7%9E%D7%94+%D7%99%D7%94%D7%9C%D7%95%D7%9D+%D7%90%D7%9C%D7%9E%D7%96+%D7%AA%D7%9C+%D7%90%D7%91%D7%99%D7%91%E2%80%AD/data=!4m7!3m6!1s0x151d4d0b13350807:0xba70e34ca57b52f4!8m2!3d32.0640628!4d34.7625084!16s%2Fg%2F11mpjmn_fg!19sChIJBwg1EwtNHRUR9FJ7pUzjcLo?authuser=0&hl=iw&rclk=1
34.8134673,32.0878996,רמת גן,שווארמה שמש,3.7,1117,52,59,67,84,25,32,17,28,11,False,estimated,"Estimated prices, not verified from menu.",https://www.google.com/maps/place/%D7%A9%D7%95%D7%95%D7%90%D7%A8%D7%9E%D7%94+%D7%A9%D7%9E%D7%A9%E2%80%AD/data=!4m7!3m6!1s0x151d4bcc24895b7f:0x68431f4a4e48278!8m2!3d32.0878996!4d34.8134673!16s%2Fg%2F11csrw164x!19sChIJf1uJJMxLHRUReILkpPQxhAY?authuser=0&hl=iw&rclk=1
34.8279638,32.0602805,רמת גן,שווארמה הסולטן רמת גן,3.9,766,56,59,64,72,23,33,16,29,12,True,estimated,"Estimated prices, not verified from menu.",https://www.google.com/maps/place/%D7%A9%D7%95%D7%95%D7%90%D7%A8%D7%9E%D7%94+%D7%94%D7%A1%D7%95%D7%9C%D7%98%D7%9F+%D7%A8%D7%9E%D7%AA+%D7%92%D7%9F%E2%80%AD/data=!4m7!3m6!1s0x151d4a574188b58b:0x5d22de98f525db49!8m2!3d32.0602805!4d34.8279638!16s%2Fg%2F1tdqwsj7!19sChIJi7WIQVdKHRURSdsl9ZjeIl0?authuser=0&hl=iw&rclk=1
34.8416574,32.1099902,תל אביב,יוסף - מסעדת בשרים ברמת החייל | מסעדת שיפודים | שווארמה,4.1,120,51,63,66,82,26,34,18,29,11,True,estimated,"Estimated prices, not verified from menu.",https://www.google.com/maps/place/%D7%99%D7%95%D7%A1%D7%A3+-+%D7%9E%D7%A1%D7%A2%D7%93%D7%AA+%D7%91%D7%A9%D7%A8%D7%99%D7%9D+%D7%91%D7%A8%D7%9E%D7%AA+%D7%94%D7%97%D7%99%D7%99%D7%9C+%7C+%D7%9E%D7%A1%D7%A2%D7%93%D7%AA+%D7%A9%D7%99%D7%A4%D7%95%D7%93%D7%99%D7%9D+%7C+%D7%A9%D7%95%D7%95%D7%90%D7%A8%D7%9E%D7%94%E2%80%AD/data=!4m7!3m6!1s0x151d497d226922f5:0xbeb95da34ff0b7ce!8m2!3d32.1099902!4d34.8416574!16s%2Fg%2F11g19pr9g5!19sChIJ9SJpIn1JHRURzrfwT6Ndub4?authuser=0&hl=iw&rclk=1
34.7704649,32.0701324,תל אביב,שווארמה Shawarma & Beer,3.0,6,55,59,65,78,25,34,17,25,11,False,estimated,"Estimated prices, not verified from menu.",https://www.google.com/maps/place/%D7%A9%D7%95%D7%95%D7%90%D7%A8%D7%9E%D7%94+Shawarma+%26+Beer%E2%80%AD/data=!4m7!3m6!1s0x151d4d4b1accf5ad:0xa9de1aadb4b4594e!8m2!3d32.0701324!4d34.7704649!16s%2Fg%2F11khzpjjn_!19sChIJrfXMGktNHRURTlm0tK0a3qk?authuser=0&hl=iw&rclk=1
34.7812905,32.0562518,תל אביב,שווארמה דוד המלך,4.4,50,53,59,70,79,25,32,16,26,11,True,estimated,"Estimated prices, not verified from menu.",https://www.google.com/maps/place/%D7%A9%D7%95%D7%95%D7%90%D7%A8%D7%9E%D7%94+%D7%93%D7%95%D7%93+%D7%94%D7%9E%D7%9C%D7%9A%E2%80%AD/data=!4m7!3m6!1s0x151d4b6420c8aebd:0xc9198c7e237169ef!8m2!3d32.0562518!4d34.7812905!16s%2Fg%2F11f3x9hrt3!19sChIJva7IIGRLHRUR72lxI36MGck?authuser=0&hl=iw&rclk=1
34.8026634,32.0859467,תל אביב,שווארמה-פלאפל המזרח | כשר,4.4,168,55,63,65,84,26,33,16,27,11,True,estimated,"Estimated prices, not verified from menu.",https://www.google.com/maps/place/%D7%A9%D7%95%D7%95%D7%90%D7%A8%D7%9E%D7%94-%D7%A4%D7%9C%D7%90%D7%A4%D7%9C+%D7%94%D7%9E%D7%96%D7%A8%D7%97+%7C+%D7%9B%D7%A9%D7%A8%E2%80%AD/data=!4m7!3m6!1s0x151d4bc73cd57d81:0x495936176c14fb09!8m2!3d32.0859467!4d34.8026634!16s%2Fg%2F11c1wkpkv0!19sChIJgX3VPMdLHRURCfsUbBc2WUk?authuser=0&hl=iw&rclk=1
34.8005054,32.0847435,גבעתיים,שווארמה בנדורה,3.9,379,55,57,74,84,26,36,17,28,11,True,estimated,"Estimated prices, not verified from menu.",https://www.google.com/maps/place/%D7%A9%D7%95%D7%95%D7%90%D7%A8%D7%9E%D7%94+%D7%91%D7%A0%D7%93%D7%95%D7%A8%D7%94%E2%80%AD/data=!4m7!3m6!1s0x151d4bbf59d00001:0xfd4a4067a3bc2d9!8m2!3d32.0847435!4d34.8005054!16s%2Fg%2F11j9l6nr69!19sChIJAQDQWb9LHRUR2cI7egak1A8?authuser=0&hl=iw&rclk=1
34.764779,32.0503382,תל אביב,שווארמה ומאפה איסטנבול,4.2,9,52,64,74,81,24,32,16,25,12,True,estimated,"Estimated prices, not verified from menu.",https://www.google.com/maps/place/%D7%A9%D7%95%D7%95%D7%90%D7%A8%D7%9E%D7%94+%D7%95%D7%9E%D7%90%D7%A4%D7%94+%D7%90%D7%99%D7%A1%D7%98%D7%A0%D7%91%D7%95%D7%9C%E2%80%AD/data=!4m7!3m6!1s0x151d4dd1d8ee2ab3:0x7e7d76e08d6b0de2!8m2!3d32.0503382!4d34.764779!16s%2Fg%2F11j91n6qgf!19sChIJsyru2NFNHRUR4g1rjeB2fX4?authuser=0&hl=iw&rclk=1
34.8022831,32.0870632,תל אביב,שווארדי,3.8,41,50,61,68,78,26,33,17,25,11,True,estimated,"Estimated prices, not verified from menu.",https://www.google.com/maps/place/%D7%A9%D7%95%D7%95%D7%90%D7%A8%D7%93%D7%99%E2%80%AD/data=!4m7!3m6!1s0x151d4b290463052f:0x63100e77965487ab!8m2!3d32.0870632!4d34.8022831!16s%2Fg%2F11ykbp0bb4!19sChIJLwVjBClLHRURq4dUlncOEGM?authuser=0&hl=iw&rclk=1
34.7718271,32.041916,תל אביב,שווארמה 4 טעמים,1.7,6,55,59,67,80,26,36,16,27,4,False,mixed_existing_and_estimated,"Existing non-empty price values preserved; missing price values estimated, not verified from menu.",https://www.google.com/maps/place/%D7%A9%D7%95%D7%95%D7%90%D7%A8%D7%9E%D7%94+4+%D7%98%D7%A2%D7%9E%D7%99%D7%9D%E2%80%AD/data=!4m7!3m6!1s0x151d4daacd2c150b:0x4376219624d546d2!8m2!3d32.041916!4d34.7718271!16s%2Fg%2F11s0wg3pym!19sChIJCxUszapNHRUR0kbVJJYhdkM?authuser=0&hl=iw&rclk=1
34.780418,32.06304,תל אביב,השווארמה של שהרבני תל אביב,4.3,160,54,64,72,82,26,31,17,25,11,True,estimated,"Estimated prices, not verified from menu.",https://www.google.com/maps/place/%D7%94%D7%A9%D7%95%D7%95%D7%90%D7%A8%D7%9E%D7%94+%D7%A9%D7%9C+%D7%A9%D7%94%D7%A8%D7%91%D7%A0%D7%99+%D7%AA%D7%9C+%D7%90%D7%91%D7%99%D7%91%E2%80%AD/data=!4m7!3m6!1s0x151d4b7b7b3e27db:0x45b146173c9d4d69!8m2!3d32.06304!4d34.780418!16s%2Fg%2F1td22t6f!19sChIJ2yc-e3tLHRURaU2dPBdGsUU?authuser=0&hl=iw&rclk=1
34.9838793,32.7967937,חיפה,מנגל - MANGAL שווארמה ועל האש,4.7,319,56,64,66,79,26,36,16,28,12,True,estimated,"Estimated prices, not verified from menu.",https://www.google.com/maps/place/%D7%9E%D7%A0%D7%92%D7%9C+-+MANGAL+%D7%A9%D7%95%D7%95%D7%90%D7%A8%D7%9E%D7%94+%D7%95%D7%A2%D7%9C+%D7%94%D7%90%D7%A9%E2%80%AD/data=!4m7!3m6!1s0x151dbbee4acfb00f:0xcecd640afed5873!8m2!3d32.7967937!4d34.9838793!16s%2Fg%2F11sz15py7j!19sChIJD7DPSu67HRURc1jtr0DW7Aw?authuser=0&hl=iw&rclk=1
34.7914653,32.0515033,תל אביב,מפגש הפלאפל והשווארמה,3.9,165,50,63,73,83,23,34,18,28,12,False,estimated,"Estimated prices, not verified from menu.",https://www.google.com/maps/place/%D7%9E%D7%A4%D7%92%D7%A9+%D7%94%D7%A4%D7%9C%D7%90%D7%A4%D7%9C+%D7%95%D7%94%D7%A9%D7%95%D7%95%D7%90%D7%A8%D7%9E%D7%94%E2%80%AD/data=!4m7!3m6!1s0x151d4b6bc374c3b5:0x813d8d2de3c28b3e!8m2!3d32.0515033!4d34.7914653!16s%2Fg%2F11g65g4jcr!19sChIJtcN0w2tLHRURPovC4y2NPYE?authuser=0&hl=iw&rclk=1
34.8875984,32.0856752,פתח תקווה,נדב שווארמה & פלאפל - פלאפל שווארמה בפתח תקווה כשר,4.4,323,53,61,69,85,23,36,17,25,11,True,estimated,"Estimated prices, not verified from menu.",https://www.google.com/maps/place/%D7%A0%D7%93%D7%91+%D7%A9%D7%95%D7%95%D7%90%D7%A8%D7%9E%D7%94+%26+%D7%A4%D7%9C%D7%90%D7%A4%D7%9C+-+%D7%A4%D7%9C%D7%90%D7%A4%D7%9C+%D7%A9%D7%95%D7%95%D7%90%D7%A8%D7%9E%D7%94+%D7%91%D7%A4%D7%AA%D7%97+%D7%AA%D7%A7%D7%95%D7%95%D7%94+%D7%9B%D7%A9%D7%A8%E2%80%AD/data=!4m7!3m6!1s0x151d367250cd050d:0xec9225d0e06002f4!8m2!3d32.0856752!4d34.8875984!16s%2Fg%2F11csrnd8yg!19sChIJDQXNUHI2HRUR9AJg4NAlkuw?authuser=0&hl=iw&rclk=1
34.7556869,32.0543479,תל אביב,shwarma awni,3.4,263,55,62,69,77,23,31,17,29,10,True,estimated,"Estimated prices, not verified from menu.",https://www.google.com/maps/place/shwarma+awni/data=!4m7!3m6!1s0x151d4da722259089:0x843d5a647ff43320!8m2!3d32.0543479!4d34.7556869!16s%2Fg%2F11f2xn7yp_!19sChIJiZAlIqdNHRURIDP0f2RaPYQ?authuser=0&hl=iw&rclk=1
35.221425,31.757526,ירושלים,בבאדו שווארמה Babado Shawarma,4.8,165,47,59,66,72,21,30,15,23,10,False,estimated,"Estimated prices, not verified from menu.",https://www.google.com/maps/place/%D7%91%D7%91%D7%90%D7%93%D7%95+%D7%A9%D7%95%D7%95%D7%90%D7%A8%D7%9E%D7%94+Babado+Shawarma%E2%80%AD/data=!4m7!3m6!1s0x150329b7926c0d21:0x2de04739d65d7266!8m2!3d31.757526!4d35.221425!16s%2Fg%2F11l6shdn82!19sChIJIQ1skrcpAxURZnJd1jlH4C0?authuser=0&hl=iw&rclk=1
35.2019357,31.7891508,ירושלים,שווארמה מסוב - כשר למהדרין,4.5,836,51,56,66,73,24,29,16,25,11,True,estimated,"Estimated prices, not verified from menu.",https://www.google.com/maps/place/%D7%A9%D7%95%D7%95%D7%90%D7%A8%D7%9E%D7%94+%D7%9E%D7%A1%D7%95%D7%91+-+%D7%9B%D7%A9%D7%A8+%D7%9C%D7%9E%D7%94%D7%93%D7%A8%D7%99%D7%9F%E2%80%AD/data=!4m7!3m6!1s0x1502d6307b1da0b3:0xdfd5ba943216d3ee!8m2!3d31.7891508!4d35.2019357!16s%2Fg%2F11c5wdry0k!19sChIJs6AdezDWAhUR7tMWMpS61d8?authuser=0&hl=iw&rclk=1
35.2203974,31.7913265,ירושלים,שווארמה צנעני,4.2,436,51,54,64,70,23,30,16,23,9,False,estimated,"Estimated prices, not verified from menu.",https://www.google.com/maps/place/%D7%A9%D7%95%D7%95%D7%90%D7%A8%D7%9E%D7%94+%D7%A6%D7%A0%D7%A2%D7%A0%D7%99%E2%80%AD/data=!4m7!3m6!1s0x150329ddd50f9a45:0xb9cab6fcd32b70e4!8m2!3d31.7913265!4d35.2203974!16s%2Fg%2F11dzdkzhg5!19sChIJRZoP1d0pAxUR5HAr0_y2yrk?authuser=0&hl=iw&rclk=1
34.9837266,32.7970522,חיפה,שווארמה Shawarma 52,4.7,697,51,58,58,71,24,30,15,25,10,True,estimated,"Estimated prices, not verified from menu.",https://www.google.com/maps/place/%D7%A9%D7%95%D7%95%D7%90%D7%A8%D7%9E%D7%94+Shawarma+52%E2%80%AD/data=!4m7!3m6!1s0x151dbbb9e9a68709:0xb528366d8fc4bda7!8m2!3d32.7970522!4d34.9837266!16s%2Fg%2F11t0m59pnr!19sChIJCYem6bm7HRURp73Ej202KLU?authuser=0&hl=iw&rclk=1
35.0027415,32.8088225,חיפה,שווארמה תלפיות,3.4,25,52,52,63,67,23,32,14,24,11,True,estimated,"Estimated prices, not verified from menu.",https://www.google.com/maps/place/%D7%A9%D7%95%D7%95%D7%90%D7%A8%D7%9E%D7%94+%D7%AA%D7%9C%D7%A4%D7%99%D7%95%D7%AA%E2%80%AD/data=!4m7!3m6!1s0x151dba4ef95240e7:0x7d5ad4cb66f7a5!8m2!3d32.8088225!4d35.0027415!16s%2Fg%2F113fjbt1v!19sChIJ50BS-U66HRURpfdmy9RafQA?authuser=0&hl=iw&rclk=1
35.2164814,31.7814155,ירושלים,מעוז פלאפל ושווארמה,4.2,971,47,59,58,70,21,29,15,25,9,True,estimated,"Estimated prices, not verified from menu.",https://www.google.com/maps/place/%D7%9E%D7%A2%D7%95%D7%96+%D7%A4%D7%9C%D7%90%D7%A4%D7%9C+%D7%95%D7%A9%D7%95%D7%95%D7%90%D7%A8%D7%9E%D7%94%E2%80%AD/data=!4m7!3m6!1s0x150329d61510f64b:0xdc26b27fe12e792b!8m2!3d31.7814155!4d35.2164814!16s%2Fg%2F1tcwz7zy!19sChIJS_YQFdYpAxURK3ku4X-yJtw?authuser=0&hl=iw&rclk=1
35.2157326,31.7842366,ירושלים,שווארמה ופלאפל צמח,4.3,68,49,56,59,69,23,32,15,22,10,True,estimated,"Estimated prices, not verified from menu.",https://www.google.com/maps/place/%D7%A9%D7%95%D7%95%D7%90%D7%A8%D7%9E%D7%94+%D7%95%D7%A4%D7%9C%D7%90%D7%A4%D7%9C+%D7%A6%D7%9E%D7%97%E2%80%AD/data=!4m7!3m6!1s0x150329d7eefbc1cf:0xfc5c60dadd355d52!8m2!3d31.7842366!4d35.2157326!16s%2Fg%2F11gbhkprjw!19sChIJz8H77tcpAxURUl013dpgXPw?authuser=0&hl=iw&rclk=1
35.21918,31.7822268,ירושלים,שווארמה גזית,4.2,102,46,54,57,74,21,28,15,23,10,True,estimated,"Estimated prices, not verified from menu.",https://www.google.com/maps/place/%D7%A9%D7%95%D7%95%D7%90%D7%A8%D7%9E%D7%94+%D7%92%D7%96%D7%99%D7%AA%E2%80%AD/data=!4m7!3m6!1s0x150329ef6d1596df:0x22e890d716c926e7!8m2!3d31.7822268!4d35.21918!16s%2Fg%2F11h7jfgnn6!19sChIJ35YVbe8pAxUR5ybJFteQ6CI?authuser=0&hl=iw&rclk=1
35.1874451,31.7947743,ירושלים,שווארמה בירושלים דרור הקטן,4.1,341,50,52,63,70,22,31,16,23,11,True,estimated,"Estimated prices, not verified from menu.",https://www.google.com/maps/place/%D7%A9%D7%95%D7%95%D7%90%D7%A8%D7%9E%D7%94+%D7%91%D7%99%D7%A8%D7%95%D7%A9%D7%9C%D7%99%D7%9D+%D7%93%D7%A8%D7%95%D7%A8+%D7%94%D7%A7%D7%98%D7%9F%E2%80%AD/data=!4m7!3m6!1s0x1502d7fc8bb01923:0xada73eb67ef08d6!8m2!3d31.7947743!4d35.1874451!16s%2Fg%2F11shkbsd0b!19sChIJIxmwi_zXAhUR1gjvZ-tz2go?authuser=0&hl=iw&rclk=1
35.2137451,31.7524776,ירושלים,הרכבת - שווארמה וגריל בשרים,4.1,465,49,57,65,72,22,28,15,22,10,True,estimated,"Estimated prices, not verified from menu.",https://www.google.com/maps/place/%D7%94%D7%A8%D7%9B%D7%91%D7%AA+-+%D7%A9%D7%95%D7%95%D7%90%D7%A8%D7%9E%D7%94+%D7%95%D7%92%D7%A8%D7%99%D7%9C+%D7%91%D7%A9%D7%A8%D7%99%D7%9D%E2%80%AD/data=!4m7!3m6!1s0x1502d749d457ce31:0xbc194d811501cc44!8m2!3d31.7524776!4d35.2137451!16s%2Fg%2F11h4zq08ky!19sChIJMc5X1EnXAhURRMwBFYFNGbw?authuser=0&hl=iw&rclk=1
35.217472,31.781416,ירושלים,פלאפל שווארמה מושיקו בירושלים,4.1,1200,49,56,65,74,21,28,15,24,9,True,estimated,"Estimated prices, not verified from menu.",https://www.google.com/maps/place/%D7%A4%D7%9C%D7%90%D7%A4%D7%9C+%D7%A9%D7%95%D7%95%D7%90%D7%A8%D7%9E%D7%94+%D7%9E%D7%95%D7%A9%D7%99%D7%A7%D7%95+%D7%91%D7%99%D7%A8%D7%95%D7%A9%D7%9C%D7%99%D7%9D%E2%80%AD/data=!4m7!3m6!1s0x150329d61743a77d:0xf321bc0a725bd496!8m2!3d31.781416!4d35.217472!16s%2Fg%2F1tdhhkw6!19sChIJfadDF9YpAxURltRbcgq8IfM?authuser=0&hl=iw&rclk=1
34.9876491,32.8267559,חיפה,שווארמה האחים,4.4,4611,48,54,63,68,22,30,16,25,10,True,estimated,"Estimated prices, not verified from menu.",https://www.google.com/maps/place/%D7%A9%D7%95%D7%95%D7%90%D7%A8%D7%9E%D7%94+%D7%94%D7%90%D7%97%D7%99%D7%9D%E2%80%AD/data=!4m7!3m6!1s0x151dbbceea768fcb:0xdd5205d34aabad5!8m2!3d32.8267559!4d34.9876491!16s%2Fg%2F11dd_qn9tz!19sChIJy4926s67HRUR1bqqNF0g1Q0?authuser=0&hl=iw&rclk=1
35.212567,31.7839062,ירושלים,השווארמה הירושלמית,3.5,169,46,55,57,65,22,31,16,22,9,False,estimated,"Estimated prices, not verified from menu.",https://www.google.com/maps/place/%D7%94%D7%A9%D7%95%D7%95%D7%90%D7%A8%D7%9E%D7%94+%D7%94%D7%99%D7%A8%D7%95%D7%A9%D7%9C%D7%9E%D7%99%D7%AA%E2%80%AD/data=!4m7!3m6!1s0x1502d78fa5f89b69:0xd69f3c71176dc813!8m2!3d31.7839062!4d35.212567!16s%2Fg%2F11fl76bgs5!19sChIJaZv4pY_XAhURE8htF3E8n9Y?authuser=0&hl=iw&rclk=1
35.2012771,31.7465394,ירושלים,מיסטר שווארמה,4.7,7,46,52,64,71,21,31,14,26,10,False,estimated,"Estimated prices, not verified from menu.",https://www.google.com/maps/place/%D7%9E%D7%99%D7%A1%D7%98%D7%A8+%D7%A9%D7%95%D7%95%D7%90%D7%A8%D7%9E%D7%94%E2%80%AD/data=!4m7!3m6!1s0x1502d7b01bf67283:0xa8b10c3c41be8af7!8m2!3d31.7465394!4d35.2012771!16s%2Fg%2F11t5m3tppf!19sChIJg3L2G7DXAhUR94q-QTwMsag?authuser=0&hl=iw&rclk=1
35.2137773,31.7527443,ירושלים,שווארמה,3.5,30,50,53,58,74,23,31,16,25,10,True,estimated,"Estimated prices, not verified from menu.",https://www.google.com/maps/place/%D7%A9%D7%95%D7%95%D7%90%D7%A8%D7%9E%D7%94%E2%80%AD/data=!4m7!3m6!1s0x1502d75cc91b621d:0x2e25e219aa952167!8m2!3d31.7527443!4d35.2137773!16s%2Fg%2F11ghnfn1hc!19sChIJHWIbyVzXAhURZyGVqhniJS4?authuser=0&hl=iw&rclk=1
35.2135694,31.7838005,ירושלים,Hakatzavim Shawarma,3.8,5,51,59,64,69,22,29,15,22,10,False,estimated,"Estimated prices, not verified from menu.",https://www.google.com/maps/place/Hakatzavim+Shawarma/data=!4m7!3m6!1s0x1502d70058fa6e4b:0xaec559ecf51cbadf!8m2!3d31.7838005!4d35.2135694!16s%2Fg%2F11zkf_x2h_!19sChIJS276WADXAhUR37oc9exZxa4?authuser=0&hl=iw&rclk=1
35.225791,31.7235601,ירושלים,טובי שווארמה,3.3,126,47,52,63,68,20,28,15,26,9,True,estimated,"Estimated prices, not verified from menu.",https://www.google.com/maps/place/%D7%98%D7%95%D7%91%D7%99+%D7%A9%D7%95%D7%95%D7%90%D7%A8%D7%9E%D7%94%E2%80%AD/data=!4m7!3m6!1s0x150327afa503a835:0xb9c0495086826f3a!8m2!3d31.7235601!4d35.225791!16s%2Fg%2F11mq6pzqtq!19sChIJNagDpa8nAxUROm-ChlBJwLk?authuser=0&hl=iw&rclk=1
35.1099205,31.8082447,אבו גוש,שווארמה חמדי,4.5,1698,44,54,61,76,21,32,16,23,10,False,estimated,"Estimated prices, not verified from menu.",https://www.google.com/maps/place/%D7%A9%D7%95%D7%95%D7%90%D7%A8%D7%9E%D7%94+%D7%97%D7%9E%D7%93%D7%99%E2%80%AD/data=!4m7!3m6!1s0x1502d0df59fcc62d:0x2cfd35a0e763d72a!8m2!3d31.8082447!4d35.1099205!16s%2Fg%2F11c2y8bm3x!19sChIJLcb8Wd_QAhURKtdj56A1_Sw?authuser=0&hl=iw&rclk=1
35.2190026,31.7818907,ירושלים,Shawarma שׁווארמה המודקי,4.1,17,52,56,65,65,21,31,15,22,10,True,estimated,"Estimated prices, not verified from menu.",https://www.google.com/maps/place/Shawarma+%EF%AC%AA%D7%95%D7%95%D7%90%D7%A8%D7%9E%D7%94+%D7%94%D7%9E%D7%95%D7%93%D7%A7%D7%99%E2%80%AD/data=!4m7!3m6!1s0x15032946e2f06165:0x9a2d1744fc27c80f!8m2!3d31.7818907!4d35.2190026!16s%2Fg%2F11g0m4hsr4!19sChIJZWHw4kYpAxURD8gn_EQXLZo?authuser=0&hl=iw&rclk=1
35.2123819,31.7841126,ירושלים,The Jerusalem Shawarma,4.4,41,46,58,65,73,22,29,14,23,10,False,estimated,"Estimated prices, not verified from menu.",https://www.google.com/maps/place/The+Jerusalem+Shawarma/data=!4m7!3m6!1s0x1502d78cfabe901d:0x61a2249517d628e3!8m2!3d31.7841126!4d35.2123819!16s%2Fg%2F11fsnxw_w7!19sChIJHZC--ozXAhUR4yjWF5UkomE?authuser=0&hl=iw&rclk=1
35.2220485,31.7796308,ירושלים,שווארמה מלך,4.5,2,47,54,60,68,21,30,16,25,10,True,estimated,"Estimated prices, not verified from menu.",https://www.google.com/maps/place/%D7%A9%D7%95%D7%95%D7%90%D7%A8%D7%9E%D7%94+%D7%9E%D7%9C%D7%9A%E2%80%AD/data=!4m7!3m6!1s0x15032939e234e03b:0x8808dca40cca56bb!8m2!3d31.7796308!4d35.2220485!16s%2Fg%2F11v3q7zkny!19sChIJO-A04jkpAxURu1bKDKTcCIg?authuser=0&hl=iw&rclk=1
35.2025442,31.7888531,ירושלים,שוארמה 20,3.0,6,46,56,57,74,22,29,15,24,10,True,estimated,"Estimated prices, not verified from menu.",https://www.google.com/maps/place/%D7%A9%D7%95%D7%90%D7%A8%D7%9E%D7%94+20%E2%80%AD/data=!4m7!3m6!1s0x1502d6300d3b5135:0xbf3d3e5ab246dd23!8m2!3d31.7888531!4d35.2025442!16s%2Fg%2F11b6v9ln4c!19sChIJNVE7DTDWAhURI91Gslo-Pb8?authuser=0&hl=iw&rclk=1
35.1764507,31.7601158,ירושלים,פלאפל שווארמה יערה,2.8,86,52,54,61,73,21,32,14,23,10,True,estimated,"Estimated prices, not verified from menu.",https://www.google.com/maps/place/%D7%A4%D7%9C%D7%90%D7%A4%D7%9C+%D7%A9%D7%95%D7%95%D7%90%D7%A8%D7%9E%D7%94+%D7%99%D7%A2%D7%A8%D7%94%E2%80%AD/data=!4m7!3m6!1s0x1502d79c793604db:0xfefb166e2faa0abd!8m2!3d31.7601158!4d35.1764507!16s%2Fg%2F1vd395vm!19sChIJ2wQ2eZzXAhURvQqqL24W-_4?authuser=0&hl=iw&rclk=1
35.2158745,31.7845198,ירושלים,פלאפל שווארמה ברכת יעקב,4.5,10,49,53,66,67,22,28,15,22,10,True,estimated,"Estimated prices, not verified from menu.",https://www.google.com/maps/place/%D7%A4%D7%9C%D7%90%D7%A4%D7%9C+%D7%A9%D7%95%D7%95%D7%90%D7%A8%D7%9E%D7%94+%D7%91%D7%A8%D7%9B%D7%AA+%D7%99%D7%A2%D7%A7%D7%91%E2%80%AD/data=!4m7!3m6!1s0x15032938a0c0cf55:0xa441f3e56d0cd20!8m2!3d31.7845198!4d35.2158745!16s%2Fg%2F11x7b9dryc!19sChIJVc_AoDgpAxURIM3QVj4fRAo?authuser=0&hl=iw&rclk=1
35.2280051,31.8278534,ירושלים,Shawarma Stop,3.7,89,49,57,58,73,23,32,14,22,10,False,estimated,"Estimated prices, not verified from menu.",https://www.google.com/maps/place/Shawarma+Stop/data=!4m7!3m6!1s0x15032ba94c4aedd3:0xe599980384e62658!8m2!3d31.8278534!4d35.2280051!16s%2Fg%2F11kc8qq8kz!19sChIJ0-1KTKkrAxURWCbmhAOYmeU?authuser=0&hl=iw&rclk=1
35.21371,31.768319,ירושלים,שווארמה ציון,,1,47,55,61,64,21,29,15,25,10,True,estimated,"Estimated prices, not verified from menu.",https://www.google.com/maps/place/%D7%A9%D7%95%D7%95%D7%90%D7%A8%D7%9E%D7%94+%D7%A6%D7%99%D7%95%D7%9F%E2%80%AD/data=!4m7!3m6!1s0x1502d7d634ea0083:0xad9432ae28729380!8m2!3d31.768319!4d35.21371!16s%2Fg%2F11b6v577pq!19sChIJgwDqNNbXAhURgJNyKK4ylK0?authuser=0&hl=iw&rclk=1
35.1445807,31.7930292,מבשרת ציון,המפנק- שווארמה וגריל פחמים חלק מהדרין,4.5,109,46,52,59,72,20,31,15,25,11,True,estimated,"Estimated prices, not verified from menu.",https://www.google.com/maps/place/%D7%94%D7%9E%D7%A4%D7%A0%D7%A7-+%D7%A9%D7%95%D7%95%D7%90%D7%A8%D7%9E%D7%94+%D7%95%D7%92%D7%A8%D7%99%D7%9C+%D7%A4%D7%97%D7%9E%D7%99%D7%9D+%D7%97%D7%9C%D7%A7+%D7%9E%D7%94%D7%93%D7%A8%D7%99%D7%9F%E2%80%AD/data=!4m7!3m6!1s0x1502d7a48bac1f0d:0x61c307db5777f65e!8m2!3d31.7930292!4d35.1445807!16s%2Fg%2F11v0t80s9s!19sChIJDR-si6TXAhURXvZ3V9sHw2E?authuser=0&hl=iw&rclk=1
35.2319486,31.7755023,ירושלים,שווארמה בר,2.6,19,46,53,57,71,22,30,15,23,10,True,estimated,"Estimated prices, not verified from menu.",https://www.google.com/maps/place/%D7%A9%D7%95%D7%95%D7%90%D7%A8%D7%9E%D7%94+%D7%91%D7%A8%E2%80%AD/data=!4m7!3m6!1s0x15032915b322b967:0xb603c11e710775da!8m2!3d31.7755023!4d35.2319486!16s%2Fg%2F11sy70wx6p!19sChIJZ7kisxUpAxUR2nUHcR7BA7Y?authuser=0&hl=iw&rclk=1
35.232414,31.7755232,ירושלים,Shwarma Bar,3.5,31,51,59,60,73,23,29,16,24,10,True,estimated,"Estimated prices, not verified from menu.",https://www.google.com/maps/place/Shwarma+Bar/data=!4m7!3m6!1s0x150329c9436fd511:0xc54517a584cc9a71!8m2!3d31.7755232!4d35.232414!16s%2Fg%2F11c0w0qqs8!19sChIJEdVvQ8kpAxURcZrMhKUXRcU?authuser=0&hl=iw&rclk=1
35.2190026,31.7818907,ירושלים,שווארמה הטורקי,3.4,356,49,54,64,67,23,29,16,25,11,True,estimated,"Estimated prices, not verified from menu.",https://www.google.com/maps/place/%D7%A9%D7%95%D7%95%D7%90%D7%A8%D7%9E%D7%94+%D7%94%D7%98%D7%95%D7%A8%D7%A7%D7%99%E2%80%AD/data=!4m7!3m6!1s0x15032950e97cf409:0xba72f0ea91dccc03!8m2!3d31.7818907!4d35.2190026!16s%2Fg%2F11h7czbrj5!19sChIJCfR86VApAxURA8zckerwcro?authuser=0&hl=iw&rclk=1
35.2303991,31.7767339,ירושלים,Old city shawarma & falafel,3.5,22,52,57,66,71,20,30,16,23,11,True,estimated,"Estimated prices, not verified from menu.",https://www.google.com/maps/place/Old+city+shawarma+%26+falafel/data=!4m7!3m6!1s0x150329ae9feba66f:0xa4321c7f1d5055fa!8m2!3d31.7767339!4d35.2303991!16s%2Fg%2F11jz8bhmgv!19sChIJb6brn64pAxUR-lVQHX8cMqQ?authuser=0&hl=iw&rclk=1
35.228496,31.7749122,ירושלים,Shawarma and falafel,1.7,11,47,52,65,69,22,29,15,25,10,True,estimated,"Estimated prices, not verified from menu.",https://www.google.com/maps/place/Shawarma+and+falafel/data=!4m7!3m6!1s0x150329c95a3ff083:0x35167e58c6623516!8m2!3d31.7749122!4d35.228496!16s%2Fg%2F11v0922hxx!19sChIJg_A_WskpAxURFjVixlh-FjU?authuser=0&hl=iw&rclk=1
35.1883053,31.7858606,ירושלים,שווארמה ביס הזהב,4.6,8,44,51,64,66,23,31,16,22,10,False,estimated,"Estimated prices, not verified from menu.",https://www.google.com/maps/place/%D7%A9%D7%95%D7%95%D7%90%D7%A8%D7%9E%D7%94+%D7%91%D7%99%D7%A1+%D7%94%D7%96%D7%94%D7%91%E2%80%AD/data=!4m7!3m6!1s0x1502d70074a5252d:0x97a4944391e4b6f8!8m2!3d31.7858606!4d35.1883053!16s%2Fg%2F11xh041kbp!19sChIJLSWldADXAhUR-LbkkUOUpJc?authuser=0&hl=iw&rclk=1
35.4937223,32.9682797,צפת,שווארמה גריל בר,3.8,71,51,55,63,74,23,32,16,25,10,True,estimated,"Estimated prices, not verified from menu.",https://www.google.com/maps/place/%D7%A9%D7%95%D7%95%D7%90%D7%A8%D7%9E%D7%94+%D7%92%D7%A8%D7%99%D7%9C+%D7%91%D7%A8%E2%80%AD/data=!4m7!3m6!1s0x151c239159be21f9:0xe0bc00ca48df8840!8m2!3d32.9682797!4d35.4937223!16s%2Fg%2F1tdj7_2v!19sChIJ-SG-WZEjHBURQIjfSMoAvOA?authuser=0&hl=iw&rclk=1
35.2121375,31.7857992,ירושלים,Shawarma,4.0,14,50,56,62,73,21,31,15,24,10,True,estimated,"Estimated prices, not verified from menu.",https://www.google.com/maps/place/Shawarma/data=!4m7!3m6!1s0x1502d7c281b066b1:0x798d09dcd97358bb!8m2!3d31.7857992!4d35.2121375!16s%2Fg%2F11h1dxhslm!19sChIJsWawgcLXAhURu1hz2dwJjXk?authuser=0&hl=iw&rclk=1
35.2141883,31.7836509,ירושלים,השוארמה והפלאפל,5.0,3,48,53,61,76,21,31,14,23,10,False,estimated,"Estimated prices, not verified from menu.",https://www.google.com/maps/place/%D7%94%D7%A9%D7%95%D7%90%D7%A8%D7%9E%D7%94+%D7%95%D7%94%D7%A4%D7%9C%D7%90%D7%A4%D7%9C%E2%80%AD/data=!4m7!3m6!1s0x1502d6282ff8e5e7:0xb43a5525bbe10561!8m2!3d31.7836509!4d35.2141883!16s%2Fg%2F11b6vcfg_d!19sChIJ5-X4LyjWAhURYQXhuyVVOrQ?authuser=0&hl=iw&rclk=1
34.9989649,32.8110918,חיפה,שווארמה אריק,4.8,272,47,54,58,71,21,28,15,22,10,True,estimated,"Estimated prices, not verified from menu.",https://www.google.com/maps/place/%D7%A9%D7%95%D7%95%D7%90%D7%A8%D7%9E%D7%94+%D7%90%D7%A8%D7%99%D7%A7%E2%80%AD/data=!4m7!3m6!1s0x151dbb39a5809a7f:0x51671c7a09596b44!8m2!3d32.8110918!4d34.9989649!16s%2Fg%2F11fl080mrk!19sChIJf5qApTm7HRURRGtZCXocZ1E?authuser=0&hl=iw&rclk=1
34.9866844,32.8035689,חיפה,שווארמה בילי חיפה,4.2,636,44,52,61,72,21,27,16,25,10,True,estimated,"Estimated prices, not verified from menu.",https://www.google.com/maps/place/%D7%A9%D7%95%D7%95%D7%90%D7%A8%D7%9E%D7%94+%D7%91%D7%99%D7%9C%D7%99+%D7%97%D7%99%D7%A4%D7%94%E2%80%AD/data=!4m7!3m6!1s0x151dbba9aa850317:0x1e660f919439f003!8m2!3d32.8035689!4d34.9866844!16s%2Fg%2F11csbs0q9b!19sChIJFwOFqqm7HRURA_A5lJEPZh4?authuser=0&hl=iw&rclk=1
34.9935744,32.8200857,חיפה,שווארמה גנאם עספור 19,4.6,842,47,51,60,73,21,32,14,23,10,False,estimated,"Estimated prices, not verified from menu.",https://www.google.com/maps/place/%D7%A9%D7%95%D7%95%D7%90%D7%A8%D7%9E%D7%94+%D7%92%D7%A0%D7%90%D7%9D+%D7%A2%D7%A1%D7%A4%D7%95%D7%A8+19%E2%80%AD/data=!4m7!3m6!1s0x151dbbe950778c83:0x8e29661540aa9182!8m2!3d32.8200857!4d34.9935744!16s%2Fg%2F11g1dy1hwp!19sChIJg4x3UOm7HRURgpGqQBVmKY4?authuser=0&hl=iw&rclk=1
34.9935536,32.8187558,חיפה,Shawarma Sabbah - שווארמה סבאח,4.5,772,44,57,58,74,23,31,14,24,10,True,estimated,"Estimated prices, not verified from menu.",https://www.google.com/maps/place/Shawarma+Sabbah+-+%D7%A9%D7%95%D7%95%D7%90%D7%A8%D7%9E%D7%94+%D7%A1%D7%91%D7%90%D7%97%E2%80%AD/data=!4m7!3m6!1s0x151dbbca9fbe13c1:0x602a35868ae95943!8m2!3d32.8187558!4d34.9935536!16s%2Fg%2F11f66r2y69!19sChIJwRO-n8q7HRURQ1npioY1KmA?authuser=0&hl=iw&rclk=1
35.0379486,32.7925949,חיפה,שווארמה אמיר,4.5,1580,50,54,64,70,20,28,15,22,9,True,estimated,"Estimated prices, not verified from menu.",https://www.google.com/maps/place/%D7%A9%D7%95%D7%95%D7%90%D7%A8%D7%9E%D7%94+%D7%90%D7%9E%D7%99%D7%A8%E2%80%AD/data=!4m7!3m6!1s0x151dbb03f49c3941:0x280e977234f7d61a!8m2!3d32.7925949!4d35.0379486!16s%2Fg%2F11b6vfz7s2!19sChIJQTmc9AO7HRURGtb3NHKXDig?authuser=0&hl=iw&rclk=1
34.9873191,32.8270507,חיפה,שווארמה חאזן,4.3,4202,48,57,57,74,23,28,15,24,10,True,estimated,"Estimated prices, not verified from menu.",https://www.google.com/maps/place/%D7%A9%D7%95%D7%95%D7%90%D7%A8%D7%9E%D7%94+%D7%97%D7%90%D7%96%D7%9F%E2%80%AD/data=!4m7!3m6!1s0x151dbbcee8797379:0xa2409397f6829aae!8m2!3d32.8270507!4d34.9873191!16s%2Fg%2F1td3bsjc!19sChIJeXN56M67HRURrpqC9peTQKI?authuser=0&hl=iw&rclk=1
35.0141285,32.7828261,חיפה,שווארמה התאומים,4.0,138,49,53,59,69,20,30,16,25,10,True,estimated,"Estimated prices, not verified from menu.",https://www.google.com/maps/place/%D7%A9%D7%95%D7%95%D7%90%D7%A8%D7%9E%D7%94+%D7%94%D7%AA%D7%90%D7%95%D7%9E%D7%99%D7%9D%E2%80%AD/data=!4m7!3m6!1s0x151dbbcd62b38d39:0x16de64a80744458e!8m2!3d32.7828261!4d35.0141285!16s%2Fg%2F11sfg8ns3r!19sChIJOY2zYs27HRURjkVEB6hk3hY?authuser=0&hl=iw&rclk=1
34.9944481,32.8200884,חיפה,שווארמה אמיל,4.5,2190,47,57,59,73,23,32,15,22,10,False,estimated,"Estimated prices, not verified from menu.",https://www.google.com/maps/place/%D7%A9%D7%95%D7%95%D7%90%D7%A8%D7%9E%D7%94+%D7%90%D7%9E%D7%99%D7%9C%E2%80%AD/data=!4m7!3m6!1s0x151dbbcaa5e68859:0x9d740529309e7644!8m2!3d32.8200884!4d34.9944481!16s%2Fg%2F1tg8g260!19sChIJWYjmpcq7HRURRHaeMCkFdJ0?authuser=0&hl=iw&rclk=1
34.9874244,32.8269423,חיפה,בית השווארמה והגריל של משה,4.2,145,44,54,61,71,21,29,16,22,10,True,estimated,"Estimated prices, not verified from menu.",https://www.google.com/maps/place/%D7%91%D7%99%D7%AA+%D7%94%D7%A9%D7%95%D7%95%D7%90%D7%A8%D7%9E%D7%94+%D7%95%D7%94%D7%92%D7%A8%D7%99%D7%9C+%D7%A9%D7%9C+%D7%9E%D7%A9%D7%94%E2%80%AD/data=!4m7!3m6!1s0x151dbb76f828065b:0xdffacc21b5487101!8m2!3d32.8269423!4d34.9874244!16s%2Fg%2F11t899j5l7!19sChIJWwYo-Ha7HRURAXFItSHM-t8?authuser=0&hl=iw&rclk=1
35.0121775,32.788322,חיפה,"שווארמה ופאלפל גרנד קניון בע""מ",1.8,32,49,54,65,72,21,30,15,24,10,False,estimated,"Estimated prices, not verified from menu.",https://www.google.com/maps/place/%D7%A9%D7%95%D7%95%D7%90%D7%A8%D7%9E%D7%94+%D7%95%D7%A4%D7%90%D7%9C%D7%A4%D7%9C+%D7%92%D7%A8%D7%A0%D7%93+%D7%A7%D7%A0%D7%99%D7%95%D7%9F+%D7%91%D7%A2%22%D7%9E%E2%80%AD/data=!4m7!3m6!1s0x151dbaf6ca3bf1cd:0x35988ef31c94fe43!8m2!3d32.788322!4d35.0121775!16s%2Fg%2F1tdf3l8p!19sChIJzfE7yva6HRURQ_6UHPOOmDU?authuser=0&hl=iw&rclk=1
34.9970904,32.8147868,חיפה,שווארמה בכיכר,4.3,68,49,54,64,69,23,28,14,25,10,True,estimated,"Estimated prices, not verified from menu.",https://www.google.com/maps/place/%D7%A9%D7%95%D7%95%D7%90%D7%A8%D7%9E%D7%94+%D7%91%D7%9B%D7%99%D7%9B%D7%A8%E2%80%AD/data=!4m7!3m6!1s0x151dba4b03ec4b97:0x6e7e14761e81b9e1!8m2!3d32.8147868!4d34.9970904!16s%2Fg%2F11cnbt0v73!19sChIJl0vsA0u6HRUR4bmBHnYUfm4?authuser=0&hl=iw&rclk=1
34.9928995,32.8187327,חיפה,שוארמה גנאם,4.5,286,49,55,60,71,22,29,15,22,10,True,estimated,"Estimated prices, not verified from menu.",https://www.google.com/maps/place/%D7%A9%D7%95%D7%90%D7%A8%D7%9E%D7%94+%D7%92%D7%A0%D7%90%D7%9D%E2%80%AD/data=!4m7!3m6!1s0x151dbbb562d3561f:0xed7c62a383c23347!8m2!3d32.8187327!4d34.9928995!16s%2Fg%2F11hbqd3ygl!19sChIJH1bTYrW7HRURRzPCg6NifO0?authuser=0&hl=iw&rclk=1
34.9860992,32.7843424,חיפה,שווארמה קטנה וטעימה,4.1,818,46,57,58,69,21,31,14,22,10,False,estimated,"Estimated prices, not verified from menu.",https://www.google.com/maps/place/%D7%A9%D7%95%D7%95%D7%90%D7%A8%D7%9E%D7%94+%D7%A7%D7%98%D7%A0%D7%94+%D7%95%D7%98%D7%A2%D7%99%D7%9E%D7%94%E2%80%AD/data=!4m7!3m6!1s0x151dbb19ac1b8197:0xab43676d06db7ba7!8m2!3d32.7843424!4d34.9860992!16s%2Fg%2F1td8g12d!19sChIJl4EbrBm7HRURp3vbBm1nQ6s?authuser=0&hl=iw&rclk=1
34.9996333,32.8171718,חיפה,שווארמה בילי בעיר,3.5,73,49,55,63,64,20,27,15,22,10,True,estimated,"Estimated prices, not verified from menu.",https://www.google.com/maps/place/%D7%A9%D7%95%D7%95%D7%90%D7%A8%D7%9E%D7%94+%D7%91%D7%99%D7%9C%D7%99+%D7%91%D7%A2%D7%99%D7%A8%E2%80%AD/data=!4m7!3m6!1s0x151dbb4de30a176b:0xd9ee72f919cf6247!8m2!3d32.8171718!4d34.9996333!16s%2Fg%2F11q99jnmyn!19sChIJaxcK4027HRURR2LPGfly7tk?authuser=0&hl=iw&rclk=1
35.0014427,32.8166068,חיפה,שווארמה כבש בני דבאח,4.2,18,49,55,60,67,23,31,15,25,9,True,estimated,"Estimated prices, not verified from menu.",https://www.google.com/maps/place/%D7%A9%D7%95%D7%95%D7%90%D7%A8%D7%9E%D7%94+%D7%9B%D7%91%D7%A9+%D7%91%D7%A0%D7%99+%D7%93%D7%91%D7%90%D7%97%E2%80%AD/data=!4m7!3m6!1s0x151dbbded75a03b5:0xeb39e15a3d1aa6f3!8m2!3d32.8166068!4d35.0014427!16s%2Fg%2F11v4j4pmm0!19sChIJtQNa1967HRUR86YaPVrhOes?authuser=0&hl=iw&rclk=1
34.9968118,32.8201432,חיפה,שווארמה פייר,4.2,94,49,52,57,71,21,31,16,25,9,True,estimated,"Estimated prices, not verified from menu.",https://www.google.com/maps/place/%D7%A9%D7%95%D7%95%D7%90%D7%A8%D7%9E%D7%94+%D7%A4%D7%99%D7%99%D7%A8%E2%80%AD/data=!4m7!3m6!1s0x151dbb0029875f85:0x8d42709d2f4bc972!8m2!3d32.8201432!4d34.9968118!16s%2Fg%2F11x7wt5rng!19sChIJhV-HKQC7HRURcslLL51wQo0?authuser=0&hl=iw&rclk=1
35.000065,32.817815,חיפה,פלאפל שווארמה אבו האני,4.3,55,46,56,63,64,23,27,16,24,10,True,estimated,"Estimated prices, not verified from menu.",https://www.google.com/maps/place/%D7%A4%D7%9C%D7%90%D7%A4%D7%9C+%D7%A9%D7%95%D7%95%D7%90%D7%A8%D7%9E%D7%94+%D7%90%D7%91%D7%95+%D7%94%D7%90%D7%A0%D7%99%E2%80%AD/data=!4m7!3m6!1s0x151dbbff045247bb:0x40667f27b1767ad8!8m2!3d32.817815!4d35.000065!16s%2Fg%2F11gv1b_bls!19sChIJu0dSBP-7HRUR2Hp2sSd_ZkA?authuser=0&hl=iw&rclk=1
34.9581656,32.803403,חיפה,שווארמה פלפלת,4.1,131,44,56,60,67,20,30,16,23,9,True,estimated,"Estimated prices, not verified from menu.",https://www.google.com/maps/place/%D7%A9%D7%95%D7%95%D7%90%D7%A8%D7%9E%D7%94+%D7%A4%D7%9C%D7%A4%D7%9C%D7%AA%E2%80%AD/data=!4m7!3m6!1s0x151dbb47526dd0ef:0xfb15305ae45d9fcb!8m2!3d32.803403!4d34.9581656!16s%2Fg%2F11ss6srjqd!19sChIJ79BtUke7HRURy59d5FowFfs?authuser=0&hl=iw&rclk=1
34.9877778,32.8266667,חיפה,שווארמה ג'יבלי,4.0,1651,45,53,64,67,22,31,14,24,9,True,estimated,"Estimated prices, not verified from menu.",https://www.google.com/maps/place/%D7%A9%D7%95%D7%95%D7%90%D7%A8%D7%9E%D7%94+%D7%92%27%D7%99%D7%91%D7%9C%D7%99%E2%80%AD/data=!4m7!3m6!1s0x151dbbcec0441485:0x9807e48c586b9c0!8m2!3d32.8266667!4d34.9877778!16s%2Fg%2F1vmvy_lx!19sChIJhRREwM67HRURwLmGxUh-gAk?authuser=0&hl=iw&rclk=1
34.987896,32.8262859,חיפה,שווארמיה,4.0,1,46,57,64,66,20,30,14,23,9,True,estimated,"Estimated prices, not verified from menu.",https://www.google.com/maps/place/%D7%A9%D7%95%D7%95%D7%90%D7%A8%D7%9E%D7%99%D7%94%E2%80%AD/data=!4m7!3m6!1s0x151dbbceb8a57f7d:0x612c10d8be86635f!8m2!3d32.8262859!4d34.987896!16s%2Fg%2F11j00smtky!19sChIJfX-luM67HRURX2OGvtgQLGE?authuser=0&hl=iw&rclk=1
34.9962436,32.8138589,חיפה,"שווארמה גיימלשטיין ובנותיו בע""מ",5.0,6,46,56,59,65,21,28,15,25,10,True,estimated,"Estimated prices, not verified from menu.",https://www.google.com/maps/place/%D7%A9%D7%95%D7%95%D7%90%D7%A8%D7%9E%D7%94+%D7%92%D7%99%D7%99%D7%9E%D7%9C%D7%A9%D7%98%D7%99%D7%99%D7%9F+%D7%95%D7%91%D7%A0%D7%95%D7%AA%D7%99%D7%95+%D7%91%D7%A2%22%D7%9E%E2%80%AD/data=!4m7!3m6!1s0x151dbb48e5e7636b:0xba61f49a9b334a47!8m2!3d32.8138589!4d34.9962436!16s%2Fg%2F11q277d99v!19sChIJa2Pn5Ui7HRURR0ozm5r0Ybo?authuser=0&hl=iw&rclk=1
34.9968483,32.8199837,חיפה,Shawarma Pierre,4.4,94,51,57,62,70,22,31,15,22,10,True,estimated,"Estimated prices, not verified from menu.",https://www.google.com/maps/place/Shawarma+Pierre/data=!4m7!3m6!1s0x151dbb0029c15359:0x2cb7f53ee744365c!8m2!3d32.8199837!4d34.9968483!16s%2Fg%2F11m6m1w84b!19sChIJWVPBKQC7HRURXDZE5z71tyw?authuser=0&hl=iw&rclk=1
35.0364807,32.7932118,חיפה,שווארמה הכוכבים - קניון לב המפרץ,1.8,96,50,53,56,71,22,30,14,23,10,,estimated,"Estimated prices, not verified from menu.",https://www.google.com/maps/place/%D7%A9%D7%95%D7%95%D7%90%D7%A8%D7%9E%D7%94+%D7%94%D7%9B%D7%95%D7%9B%D7%91%D7%99%D7%9D+-+%D7%A7%D7%A0%D7%99%D7%95%D7%9F+%D7%9C%D7%91+%D7%94%D7%9E%D7%A4%D7%A8%D7%A5%E2%80%AD/data=!4m7!3m6!1s0x151dbbd1bafb2ea3:0xbc4273f11be2415e!8m2!3d32.7932118!4d35.0364807!16s%2Fg%2F11hz19vn1b!19sChIJoy77utG7HRURXkHiG_FzQrw?authuser=0&hl=iw&rclk=1
35.0407833,32.7764975,נשר,לשובע שווארמה פלאפל וגריל,4.4,28,50,50,64,66,21,27,14,23,10,True,estimated,"Estimated prices, not verified from menu.",https://www.google.com/maps/place/%D7%9C%D7%A9%D7%95%D7%91%D7%A2+%D7%A9%D7%95%D7%95%D7%90%D7%A8%D7%9E%D7%94+%D7%A4%D7%9C%D7%90%D7%A4%D7%9C+%D7%95%D7%92%D7%A8%D7%99%D7%9C%E2%80%AD/data=!4m7!3m6!1s0x151db102406dbfdd:0x305712de0aa85449!8m2!3d32.7764975!4d35.0407833!16s%2Fg%2F11trxh5h1x!19sChIJ3b9tQAKxHRURSVSoCt4SVzA?authuser=0&hl=iw&rclk=1
34.9638183,32.789528,חיפה,שווארמה חזן פורד,3.3,43,49,56,66,64,23,30,14,25,10,True,estimated,"Estimated prices, not verified from menu.",https://www.google.com/maps/place/%D7%A9%D7%95%D7%95%D7%90%D7%A8%D7%9E%D7%94+%D7%97%D7%96%D7%9F+%D7%A4%D7%95%D7%A8%D7%93%E2%80%AD/data=!4m7!3m6!1s0x151dbb6837415603:0x8bb26f9fa6bc44a8!8m2!3d32.789528!4d34.9638183!16s%2Fg%2F11ggnc86hh!19sChIJA1ZBN2i7HRURqES8pp9vsos?authuser=0&hl=iw&rclk=1
35.0020359,32.8085428,חיפה,Shawarma Talpiot,1.0,3,47,54,57,72,20,27,14,23,10,True,estimated,"Estimated prices, not verified from menu.",https://www.google.com/maps/place/Shawarma+Talpiot/data=!4m7!3m6!1s0x151dbb000a4f8eef:0xd5051d5f3692b505!8m2!3d32.8085428!4d35.0020359!16s%2Fg%2F11ydgkdfx_!19sChIJ745PCgC7HRURBbWSNl8dBdU?authuser=0&hl=iw&rclk=1
35.0012047,32.8168585,חיפה,פלאפל ושווארמה סאלח,4.4,22,44,51,65,64,22,30,14,23,11,True,estimated,"Estimated prices, not verified from menu.",https://www.google.com/maps/place/%D7%A4%D7%9C%D7%90%D7%A4%D7%9C+%D7%95%D7%A9%D7%95%D7%95%D7%90%D7%A8%D7%9E%D7%94+%D7%A1%D7%90%D7%9C%D7%97%E2%80%AD/data=!4m7!3m6!1s0x151dba3610b8a40b:0xb36727c5833821dd!8m2!3d32.8168585!4d35.0012047!16s%2Fg%2F11f159pkdp!19sChIJC6S4EDa6HRUR3SE4g8UnZ7M?authuser=0&hl=iw&rclk=1
35.0372805,32.7918954,חיפה,שווארמה ותבשילי סלאם,2.2,5,50,53,57,70,21,28,15,25,10,True,estimated,"Estimated prices, not verified from menu.",https://www.google.com/maps/place/%D7%A9%D7%95%D7%95%D7%90%D7%A8%D7%9E%D7%94+%D7%95%D7%AA%D7%91%D7%A9%D7%99%D7%9C%D7%99+%D7%A1%D7%9C%D7%90%D7%9D%E2%80%AD/data=!4m7!3m6!1s0x151dbb2d8b0942e7:0x7b0640297ceec62f!8m2!3d32.7918954!4d35.0372805!16s%2Fg%2F11hlt9vcr5!19sChIJ50IJiy27HRURL8bufClABns?authuser=0&hl=iw&rclk=1
34.973096,32.7632956,טירת כרמל,שווארמה העגל - חלק מחפוד טירת כרמל,4.7,204,46,54,59,68,20,28,14,23,9,False,estimated,"Estimated prices, not verified from menu.",https://www.google.com/maps/place/%D7%A9%D7%95%D7%95%D7%90%D7%A8%D7%9E%D7%94+%D7%94%D7%A2%D7%92%D7%9C+-+%D7%97%D7%9C%D7%A7+%D7%9E%D7%97%D7%A4%D7%95%D7%93+%D7%98%D7%99%D7%A8%D7%AA+%D7%9B%D7%A8%D7%9E%D7%9C%E2%80%AD/data=!4m7!3m6!1s0x151da5779fd86ecf:0xbe9083a085be8cd6!8m2!3d32.7632956!4d34.973096!16s%2Fg%2F11wx4bkpnh!19sChIJz27Yn3elHRUR1oy-haCDkL4?authuser=0&hl=iw&rclk=1
35.0687014,32.8112276,חיפה,שווארמה מיכל,4.0,1624,50,56,61,69,22,29,16,23,10,True,estimated,"Estimated prices, not verified from menu.",https://www.google.com/maps/place/%D7%A9%D7%95%D7%95%D7%90%D7%A8%D7%9E%D7%94+%D7%9E%D7%99%D7%9B%D7%9C%E2%80%AD/data=!4m7!3m6!1s0x151db0cc4e657e89:0xd4d9be43dbeec2d1!8m2!3d32.8112276!4d35.0687014!16s%2Fg%2F11c7w02gd3!19sChIJiX5lTsywHRUR0cLu20O-2dQ?authuser=0&hl=iw&rclk=1
35.0683719,32.8110949,חיפה,שווארמה הצומת 2005 בעם,5.0,6,48,54,56,70,22,30,15,23,10,True,estimated,"Estimated prices, not verified from menu.",https://www.google.com/maps/place/%D7%A9%D7%95%D7%95%D7%90%D7%A8%D7%9E%D7%94+%D7%94%D7%A6%D7%95%D7%9E%D7%AA+2005+%D7%91%D7%A2%D7%9D%E2%80%AD/data=!4m7!3m6!1s0x151db0cc47cb74ad:0x275d168cd373f2e2!8m2!3d32.8110949!4d35.0683719!16s%2Fg%2F1tdhx2h6!19sChIJrXTLR8ywHRUR4vJz04wWXSc?authuser=0&hl=iw&rclk=1
34.997024,32.8199763,חיפה,שווארמה הבנקים,,1,50,55,56,70,22,28,16,23,10,True,estimated,"Estimated prices, not verified from menu.",https://www.google.com/maps/place/%D7%A9%D7%95%D7%95%D7%90%D7%A8%D7%9E%D7%94+%D7%94%D7%91%D7%A0%D7%A7%D7%99%D7%9D%E2%80%AD/data=!4m7!3m6!1s0x151dba35027ad265:0xb933840bed14816a!8m2!3d32.8199763!4d34.997024!16s%2Fg%2F11b6vgyysq!19sChIJZdJ6AjW6HRURaoEU7QuEM7k?authuser=0&hl=iw&rclk=1
35.0001995,32.8169872,חיפה,פלאפל שווארמה מוריס,,1,44,50,60,71,20,30,16,25,10,True,estimated,"Estimated prices, not verified from menu.",https://www.google.com/maps/place/%D7%A4%D7%9C%D7%90%D7%A4%D7%9C+%D7%A9%D7%95%D7%95%D7%90%D7%A8%D7%9E%D7%94+%D7%9E%D7%95%D7%A8%D7%99%D7%A1%E2%80%AD/data=!4m7!3m6!1s0x151dbb03f49c3941:0xd9a1cbac7e5124a2!8m2!3d32.8169872!4d35.0001995!16s%2Fg%2F11b6v7080g!19sChIJQTmc9AO7HRURoiRRfqzLodk?authuser=0&hl=iw&rclk=1
35.068417,32.811151,חיפה,שווארמה חאזן צומת קרית אתא,4.2,880,45,57,56,66,21,31,16,23,9,True,estimated,"Estimated prices, not verified from menu.",https://www.google.com/maps/place/%D7%A9%D7%95%D7%95%D7%90%D7%A8%D7%9E%D7%94+%D7%97%D7%90%D7%96%D7%9F+%D7%A6%D7%95%D7%9E%D7%AA+%D7%A7%D7%A8%D7%99%D7%AA+%D7%90%D7%AA%D7%90%E2%80%AD/data=!4m7!3m6!1s0x151db0cdac5ac545:0xe8e3d213b97dd0a4!8m2!3d32.811151!4d35.068417!16s%2Fg%2F11c2qm71w5!19sChIJRcVarM2wHRURpNB9uRPS4-g?authuser=0&hl=iw&rclk=1
35.0474634,32.7694898,נשר,שווארמה בכיכר נשר,4.6,555,47,51,66,71,23,31,15,25,10,True,estimated,"Estimated prices, not verified from menu.",https://www.google.com/maps/place/%D7%A9%D7%95%D7%95%D7%90%D7%A8%D7%9E%D7%94+%D7%91%D7%9B%D7%99%D7%9B%D7%A8+%D7%A0%D7%A9%D7%A8%E2%80%AD/data=!4m7!3m6!1s0x151db070523d7599:0x96c0fc3b43e96565!8m2!3d32.7694898!4d35.0474634!16s%2Fg%2F11ggj1_zx6!19sChIJmXU9UnCwHRURZWXpQzv8wJY?authuser=0&hl=iw&rclk=1
34.9710356,32.7644683,טירת כרמל,סבח שווארמה פלאפל,4.5,268,44,56,58,65,23,29,14,23,10,False,estimated,"Estimated prices, not verified from menu.",https://www.google.com/maps/place/%D7%A1%D7%91%D7%97+%D7%A9%D7%95%D7%95%D7%90%D7%A8%D7%9E%D7%94+%D7%A4%D7%9C%D7%90%D7%A4%D7%9C%E2%80%AD/data=!4m7!3m6!1s0x151da4b50e501891:0x424b2a756e8e866e!8m2!3d32.7644683!4d34.9710356!16s%2Fg%2F11j00s3xnj!19sChIJkRhQDrWkHRURboaObnUqS0I?authuser=0&hl=iw&rclk=1
34.9940615,32.8193979,חיפה,Shawarma,5.0,3,45,51,64,67,23,28,15,24,9,False,estimated,"Estimated prices, not verified from menu.",https://www.google.com/maps/place/Shawarma/data=!4m7!3m6!1s0x151dbbd73da8c575:0x88686dfaaf5b923d!8m2!3d32.8193979!4d34.9940615!16s%2Fg%2F11j0tsgzj3!19sChIJdcWoPde7HRURPZJbr_ptaIg?authuser=0&hl=iw&rclk=1
34.9971918,32.8202064,חיפה,במבינו שווארמה חיפה,3.9,1365,50,54,56,71,20,31,14,22,10,True,estimated,"Estimated prices, not verified from menu.",https://www.google.com/maps/place/%D7%91%D7%9E%D7%91%D7%99%D7%A0%D7%95+%D7%A9%D7%95%D7%95%D7%90%D7%A8%D7%9E%D7%94+%D7%97%D7%99%D7%A4%D7%94%E2%80%AD/data=!4m7!3m6!1s0x151dbbcebf7b7409:0xd23480597c21bb9e!8m2!3d32.8202064!4d34.9971918!16s%2Fg%2F11cn934y0g!19sChIJCXR7v867HRURnrshfFmANNI?authuser=0&hl=iw&rclk=1
34.9566289,32.8054121,חיפה,שווארמה האחים חוף כרמל,3.6,43,46,53,58,64,21,30,15,22,10,True,estimated,"Estimated prices, not verified from menu.",https://www.google.com/maps/place/%D7%A9%D7%95%D7%95%D7%90%D7%A8%D7%9E%D7%94+%D7%94%D7%90%D7%97%D7%99%D7%9D+%D7%97%D7%95%D7%A3+%D7%9B%D7%A8%D7%9E%D7%9C%E2%80%AD/data=!4m7!3m6!1s0x151dbbd0eb33639d:0xad2e8b88047776fc!8m2!3d32.8054121!4d34.9566289!16s%2Fg%2F11s3cprbrq!19sChIJnWMz69C7HRUR_HZ3BIiLLq0?authuser=0&hl=iw&rclk=1
35.037792,32.792099,חיפה,שווארמה אסף,3.9,15,47,50,65,64,23,29,14,22,10,True,estimated,"Estimated prices, not verified from menu.",https://www.google.com/maps/place/%D7%A9%D7%95%D7%95%D7%90%D7%A8%D7%9E%D7%94+%D7%90%D7%A1%D7%A3%E2%80%AD/data=!4m7!3m6!1s0x151dbbf8bdfba22f:0xc5d236f321de5616!8m2!3d32.792099!4d35.037792!16s%2Fg%2F11kb4cn748!19sChIJL6L7vfi7HRURFlbeIfM20sU?authuser=0&hl=iw&rclk=1
35.019232,32.7863447,חיפה,יוסף שווארמה שניצל,3.3,16,46,55,63,66,21,30,15,23,10,True,estimated,"Estimated prices, not verified from menu.",https://www.google.com/maps/place/%D7%99%D7%95%D7%A1%D7%A3+%D7%A9%D7%95%D7%95%D7%90%D7%A8%D7%9E%D7%94+%D7%A9%D7%A0%D7%99%D7%A6%D7%9C%E2%80%AD/data=!4m7!3m6!1s0x151dbb0021f7292b:0x75c568b5662bb0e4!8m2!3d32.7863447!4d35.019232!16s%2Fg%2F11zj7x1py4!19sChIJKyn3IQC7HRUR5LArZrVoxXU?authuser=0&hl=iw&rclk=1
35.0385815,32.7793867,נשר,שווארמה אוריה,4.0,42,47,58,58,69,20,28,14,22,9,True,estimated,"Estimated prices, not verified from menu.",https://www.google.com/maps/place/%D7%A9%D7%95%D7%95%D7%90%D7%A8%D7%9E%D7%94+%D7%90%D7%95%D7%A8%D7%99%D7%94%E2%80%AD/data=!4m7!3m6!1s0x151dbb28fac6e3f7:0x774f5edc6633c27c!8m2!3d32.7793867!4d35.0385815!16s%2Fg%2F11h48w53nk!19sChIJ9-PG-ii7HRURfMIzZtxeT3c?authuser=0&hl=iw&rclk=1
35.0398566,32.7933557,חיפה,"עומר'ס - שווארמה ,גריל וחברים.",1.0,1,48,58,61,69,23,30,14,22,10,True,estimated,"Estimated prices, not verified from menu.","https://www.google.com/maps/place/%D7%A2%D7%95%D7%9E%D7%A8%27%D7%A1+-+%D7%A9%D7%95%D7%95%D7%90%D7%A8%D7%9E%D7%94+,%D7%92%D7%A8%D7%99%D7%9C+%D7%95%D7%97%D7%91%D7%A8%D7%99%D7%9D.%E2%80%AD/data=!4m7!3m6!1s0x151db11e6cc9841b:0x1616ec7056c18446!8m2!3d32.7933557!4d35.0398566!16s%2Fg%2F11vby7pp48!19sChIJG4TJbB6xHRURRoTBVnDsFhY?authuser=0&hl=iw&rclk=1"
34.9581665,32.7936069,חיפה,שווארמה ופלאפל,2.4,6,50,52,56,63,20,30,16,22,10,True,estimated,"Estimated prices, not verified from menu.",https://www.google.com/maps/place/%D7%A9%D7%95%D7%95%D7%90%D7%A8%D7%9E%D7%94+%D7%95%D7%A4%D7%9C%D7%90%D7%A4%D7%9C%E2%80%AD/data=!4m7!3m6!1s0x151dbb97740e00a1:0x2fc2b6a3adeaa4ad!8m2!3d32.7936069!4d34.9581665!16s%2Fg%2F11v3mhjf1z!19sChIJoQAOdJe7HRURraTqraO2wi8?authuser=0&hl=iw&rclk=1
35.0295686,32.7889037,חיפה,שווארמה פלאפל המרכז,5.0,3,50,52,60,67,23,29,14,24,10,True,estimated,"Estimated prices, not verified from menu.",https://www.google.com/maps/place/%D7%A9%D7%95%D7%95%D7%90%D7%A8%D7%9E%D7%94+%D7%A4%D7%9C%D7%90%D7%A4%D7%9C+%D7%94%D7%9E%D7%A8%D7%9B%D7%96%E2%80%AD/data=!4m7!3m6!1s0x151dbbaac9beab31:0xd6fe9a54a5ae6a66!8m2!3d32.7889037!4d35.0295686!16s%2Fg%2F11xw4csbmz!19sChIJMau-yaq7HRURZmqupVSa_tY?authuser=0&hl=iw&rclk=1
35.0678303,32.8441221,חיפה,שווארמה פלאפל הנשיא,4.5,15,50,55,61,73,20,31,14,22,9,True,estimated,"Estimated prices, not verified from menu.",https://www.google.com/maps/place/%D7%A9%D7%95%D7%95%D7%90%D7%A8%D7%9E%D7%94+%D7%A4%D7%9C%D7%90%D7%A4%D7%9C+%D7%94%D7%A0%D7%A9%D7%99%D7%90%E2%80%AD/data=!4m7!3m6!1s0x151db711de695913:0x4609e0e9f642fb4e!8m2!3d32.8441221!4d35.0678303!16s%2Fg%2F11fmvkw357!19sChIJE1lp3hG3HRURTvtC9ungCUY?authuser=0&hl=iw&rclk=1
35.0848503,32.8295898,קרית מוצקין,פלאפל ושווארמה הקריה,4.1,16,47,57,59,68,21,30,16,23,10,False,estimated,"Estimated prices, not verified from menu.",https://www.google.com/maps/place/%D7%A4%D7%9C%D7%90%D7%A4%D7%9C+%D7%95%D7%A9%D7%95%D7%95%D7%90%D7%A8%D7%9E%D7%94+%D7%94%D7%A7%D7%A8%D7%99%D7%94%E2%80%AD/data=!4m7!3m6!1s0x151db6e071d28bf3:0x38b1a0e57475040!8m2!3d32.8295898!4d35.0848503!16s%2Fg%2F1td0k1dq!19sChIJ84vSceC2HRURQFBHVw4aiwM?authuser=0&hl=iw&rclk=1
34.9960389,32.816074,חיפה,שוארמה אבו בילאל,5.0,1,47,54,57,66,22,29,15,24,10,True,estimated,"Estimated prices, not verified from menu.",https://www.google.com/maps/place/%D7%A9%D7%95%D7%90%D7%A8%D7%9E%D7%94+%D7%90%D7%91%D7%95+%D7%91%D7%99%D7%9C%D7%90%D7%9C%E2%80%AD/data=!4m7!3m6!1s0x151dbb285d42b28b:0x519daee722d35770!8m2!3d32.816074!4d34.9960389!16s%2Fg%2F11g3xg3h7g!19sChIJi7JCXSi7HRURcFfTIueunVE?authuser=0&hl=iw&rclk=1
35.0440212,32.7708741,נשר,שווארמה סבא,4.0,1,50,57,64,71,21,31,16,22,10,False,estimated,"Estimated prices, not verified from menu.",https://www.google.com/maps/place/%D7%A9%D7%95%D7%95%D7%90%D7%A8%D7%9E%D7%94+%D7%A1%D7%91%D7%90%E2%80%AD/data=!4m7!3m6!1s0x151db0772dd20ae1:0x5f7f4f2d0a0a2b08!8m2!3d32.7708741!4d35.0440212!16s%2Fg%2F11b6vjvzhx!19sChIJ4QrSLXewHRURCCsKCi1Pf18?authuser=0&hl=iw&rclk=1
34.9964513,32.8124523,חיפה,שווארמה אל שיח,,1,50,54,61,64,20,30,15,24,10,True,estimated,"Estimated prices, not verified from menu.",https://www.google.com/maps/place/%D7%A9%D7%95%D7%95%D7%90%D7%A8%D7%9E%D7%94+%D7%90%D7%9C+%D7%A9%D7%99%D7%97%E2%80%AD/data=!4m7!3m6!1s0x151dbbeffee3b5e5:0x42225a60de3780ff!8m2!3d32.8124523!4d34.9964513!16s%2Fg%2F11q8818j1n!19sChIJ5bXj_u-7HRUR_4A33mBaIkI?authuser=0&hl=iw&rclk=1
35.0398566,32.7933557,חיפה,גסנוב - שיפודים ושווארמה על גחלים,4.3,570,43,50,59,72,21,29,15,22,9,True,estimated,"Estimated prices, not verified from menu.",https://www.google.com/maps/place/%D7%92%D7%A1%D7%A0%D7%95%D7%91+-+%D7%A9%D7%99%D7%A4%D7%95%D7%93%D7%99%D7%9D+%D7%95%D7%A9%D7%95%D7%95%D7%90%D7%A8%D7%9E%D7%94+%D7%A2%D7%9C+%D7%92%D7%97%D7%9C%D7%99%D7%9D%E2%80%AD/data=!4m7!3m6!1s0x151db1c71fa1dc59:0x3a0fedd2ab3735f!8m2!3d32.7933557!4d35.0398566!16s%2Fg%2F11hf9dsb7p!19sChIJWdyhH8exHRURX3OzKt3-oAM?authuser=0&hl=iw&rclk=1
34.7898203,31.2404445,באר שבע,שווארמה אסולין עיר עתיקה באר שבע,5.0,126,43,52,62,66,21,28,14,22,9,True,estimated,"Estimated prices, not verified from menu.",https://www.google.com/maps/place/%D7%A9%D7%95%D7%95%D7%90%D7%A8%D7%9E%D7%94+%D7%90%D7%A1%D7%95%D7%9C%D7%99%D7%9F+%D7%A2%D7%99%D7%A8+%D7%A2%D7%AA%D7%99%D7%A7%D7%94+%D7%91%D7%90%D7%A8+%D7%A9%D7%91%D7%A2%E2%80%AD/data=!4m7!3m6!1s0x1502675117115d55:0xd5b96fe644600b3c!8m2!3d31.2404445!4d34.7898203!16s%2Fg%2F11y_9mdvk0!19sChIJVV0RF1FnAhURPAtgROZvudU?authuser=0&hl=iw&rclk=1
34.7708287,31.2465375,באר שבע,שווארמה לב העיר סניף באר שבע,4.4,213,42,52,55,70,21,29,15,23,9,False,estimated,"Estimated prices, not verified from menu.",https://www.google.com/maps/place/%D7%A9%D7%95%D7%95%D7%90%D7%A8%D7%9E%D7%94+%D7%9C%D7%91+%D7%94%D7%A2%D7%99%D7%A8+%D7%A1%D7%A0%D7%99%D7%A3+%D7%91%D7%90%D7%A8+%D7%A9%D7%91%D7%A2%E2%80%AD/data=!4m7!3m6!1s0x150265ec2ae6a20b:0x6333306de9ab4d95!8m2!3d31.2465375!4d34.7708287!16s%2Fg%2F11s4tnz5dt!19sChIJC6LmKuxlAhURlU2r6W0wM2M?authuser=0&hl=iw&rclk=1
34.7734846,31.238127,באר שבע,התימני- השווארמה והטורטייה באר שבע,3.6,223,46,55,60,63,20,27,14,24,10,False,estimated,"Estimated prices, not verified from menu.",https://www.google.com/maps/place/%D7%94%D7%AA%D7%99%D7%9E%D7%A0%D7%99-+%D7%94%D7%A9%D7%95%D7%95%D7%90%D7%A8%D7%9E%D7%94+%D7%95%D7%94%D7%98%D7%95%D7%A8%D7%98%D7%99%D7%99%D7%94+%D7%91%D7%90%D7%A8+%D7%A9%D7%91%D7%A2%E2%80%AD/data=!4m7!3m6!1s0x150267721bc85f81:0xc4d0cad604e12610!8m2!3d31.238127!4d34.7734846!16s%2Fg%2F11h70gb3nt!19sChIJgV_IG3JnAhURECbhBNbK0MQ?authuser=0&hl=iw&rclk=1
34.7975352,31.2706221,באר שבע,שיפודי אל הנגב - שווארמה בבאר שבע | מסעדת בשרים,4.6,237,45,50,63,69,21,28,14,22,10,True,estimated,"Estimated prices, not verified from menu.",https://www.google.com/maps/place/%D7%A9%D7%99%D7%A4%D7%95%D7%93%D7%99+%D7%90%D7%9C+%D7%94%D7%A0%D7%92%D7%91+-+%D7%A9%D7%95%D7%95%D7%90%D7%A8%D7%9E%D7%94+%D7%91%D7%91%D7%90%D7%A8+%D7%A9%D7%91%D7%A2+%7C+%D7%9E%D7%A1%D7%A2%D7%93%D7%AA+%D7%91%D7%A9%D7%A8%D7%99%D7%9D%E2%80%AD/data=!4m7!3m6!1s0x15026615ac642347:0x20f9c095717e602d!8m2!3d31.2706221!4d34.7975352!16s%2Fg%2F11hzsvr8ws!19sChIJRyNkrBVmAhURLWB-cZXA-SA?authuser=0&hl=iw&rclk=1
34.802253,31.2558809,באר שבע,באבא שווארמה - באר שבע,4.4,588,44,55,55,64,22,29,15,23,9,True,estimated,"Estimated prices, not verified from menu.",https://www.google.com/maps/place/%D7%91%D7%90%D7%91%D7%90+%D7%A9%D7%95%D7%95%D7%90%D7%A8%D7%9E%D7%94+-+%D7%91%D7%90%D7%A8+%D7%A9%D7%91%D7%A2%E2%80%AD/data=!4m7!3m6!1s0x1502665b65508a75:0x6208944d2a9e8e26!8m2!3d31.2558809!4d34.802253!16s%2Fg%2F11hblfk93d!19sChIJdYpQZVtmAhURJo6eKk2UCGI?authuser=0&hl=iw&rclk=1
34.7727475,31.2673477,באר שבע,"שווארמה בשכונה , באר שבע",4.7,21,46,50,59,64,22,29,14,23,9,False,estimated,"Estimated prices, not verified from menu.","https://www.google.com/maps/place/%D7%A9%D7%95%D7%95%D7%90%D7%A8%D7%9E%D7%94+%D7%91%D7%A9%D7%9B%D7%95%D7%A0%D7%94+,+%D7%91%D7%90%D7%A8+%D7%A9%D7%91%D7%A2%E2%80%AD/data=!4m7!3m6!1s0x1502653fb5c0fe7d:0x20acaa014d71939c!8m2!3d31.2673477!4d34.7727475!16s%2Fg%2F11yg8tzlfz!19sChIJff7AtT9lAhURnJNxTQGqrCA?authuser=0&hl=iw&rclk=1"
34.7678826,31.2575847,באר שבע,השווארמה של רונן,4.1,248,48,53,54,62,20,28,15,23,9,True,estimated,"Estimated prices, not verified from menu.",https://www.google.com/maps/place/%D7%94%D7%A9%D7%95%D7%95%D7%90%D7%A8%D7%9E%D7%94+%D7%A9%D7%9C+%D7%A8%D7%95%D7%A0%D7%9F%E2%80%AD/data=!4m7!3m6!1s0x150265fdaaaaaaab:0xc2fede58bce3f151!8m2!3d31.2575847!4d34.7678826!16s%2Fg%2F11g079nx1r!19sChIJq6qqqv1lAhURUfHjvFje_sI?authuser=0&hl=iw&rclk=1
34.8101042,31.2432213,באר שבע,מקס שווארמה באר שבע,3.8,530,44,50,54,62,22,27,13,22,9,True,estimated,"Estimated prices, not verified from menu.",https://www.google.com/maps/place/%D7%9E%D7%A7%D7%A1+%D7%A9%D7%95%D7%95%D7%90%D7%A8%D7%9E%D7%94+%D7%91%D7%90%D7%A8+%D7%A9%D7%91%D7%A2%E2%80%AD/data=!4m7!3m6!1s0x15026648539961b9:0xb57f1a9bf619d290!8m2!3d31.2432213!4d34.8101042!16s%2Fg%2F11lgy4f6fs!19sChIJuWGZU0hmAhURkNIZ9psaf7U?authuser=0&hl=iw&rclk=1
34.7744721,31.2389991,באר שבע,"בית הפול והשווארמה - נווה זאב באר שבע | ב""ש | חומוס | פלאפל | סביח | שניצל | שווארמה | משלוחים",4.5,1114,45,49,58,65,22,26,15,21,10,False,estimated,"Estimated prices, not verified from menu.",https://www.google.com/maps/place/%D7%91%D7%99%D7%AA+%D7%94%D7%A4%D7%95%D7%9C+%D7%95%D7%94%D7%A9%D7%95%D7%95%D7%90%D7%A8%D7%9E%D7%94+-+%D7%A0%D7%95%D7%95%D7%94+%D7%96%D7%90%D7%91+%D7%91%D7%90%D7%A8+%D7%A9%D7%91%D7%A2+%7C+%D7%91%22%D7%A9+%7C+%D7%97%D7%95%D7%9E%D7%95%D7%A1+%7C+%D7%A4%D7%9C%D7%90%D7%A4%D7%9C+%7C+%D7%A1%D7%91%D7%99%D7%97+%7C+%D7%A9%D7%A0%D7%99%D7%A6%D7%9C+%7C+%D7%A9%D7%95%D7%95%D7%90%D7%A8%D7%9E%D7%94+%7C+%D7%9E%D7%A9%D7%9C%D7%95%D7%97%D7%99%D7%9D%E2%80%AD/data=!4m7!3m6!1s0x15026607659f6349:0xe52b7aaa1c180fc!8m2!3d31.2389991!4d34.7744721!16s%2Fg%2F1yfprvkbn!19sChIJSWOfZQdmAhUR_IDBoaq3Ug4?authuser=0&hl=iw&rclk=1
34.7776849,31.2598979,באר שבע,שווארמה פפה לאון,4.4,185,45,50,54,67,21,27,13,23,10,False,estimated,"Estimated prices, not verified from menu.",https://www.google.com/maps/place/%D7%A9%D7%95%D7%95%D7%90%D7%A8%D7%9E%D7%94+%D7%A4%D7%A4%D7%94+%D7%9C%D7%90%D7%95%D7%9F%E2%80%AD/data=!4m7!3m6!1s0x15026718ff0717fb:0x91ca558e4e5c7445!8m2!3d31.2598979!4d34.7776849!16s%2Fg%2F11swk2skky!19sChIJ-xcH_xhnAhURRXRcTo5VypE?authuser=0&hl=iw&rclk=1
34.7914635,31.2379629,באר שבע,שווארמה בעתיקה,4.5,32,45,51,59,70,20,28,13,22,9,True,estimated,"Estimated prices, not verified from menu.",https://www.google.com/maps/place/%D7%A9%D7%95%D7%95%D7%90%D7%A8%D7%9E%D7%94+%D7%91%D7%A2%D7%AA%D7%99%D7%A7%D7%94%E2%80%AD/data=!4m7!3m6!1s0x15026711d627431f:0xd8eed18373651079!8m2!3d31.2379629!4d34.7914635!16s%2Fg%2F11wxpk0wxc!19sChIJH0Mn1hFnAhUReRBlc4PR7tg?authuser=0&hl=iw&rclk=1
34.8096462,31.2255031,באר שבע,שווארמה קרמני,3.3,194,42,48,58,66,19,27,14,21,9,False,estimated,"Estimated prices, not verified from menu.",https://www.google.com/maps/place/%D7%A9%D7%95%D7%95%D7%90%D7%A8%D7%9E%D7%94+%D7%A7%D7%A8%D7%9E%D7%A0%D7%99%E2%80%AD/data=!4m7!3m6!1s0x150267847f2cea59:0xa73db252dc1b9381!8m2!3d31.2255031!4d34.8096462!16s%2Fg%2F11fj5l5gzq!19sChIJWeosf4RnAhURgZMb3FKyPac?authuser=0&hl=iw&rclk=1
34.7746052,31.2391733,באר שבע,שווארמה אורן,3.7,74,42,54,61,66,20,29,15,23,9,False,estimated,"Estimated prices, not verified from menu.",https://www.google.com/maps/place/%D7%A9%D7%95%D7%95%D7%90%D7%A8%D7%9E%D7%94+%D7%90%D7%95%D7%A8%D7%9F%E2%80%AD/data=!4m7!3m6!1s0x1502660765b31cd5:0xad84283ff1a87e9a!8m2!3d31.2391733!4d34.7746052!16s%2Fg%2F11b6v6pppp!19sChIJ1RyzZQdmAhURmn6o8T8ohK0?authuser=0&hl=iw&rclk=1
34.8045598,31.2742285,באר שבע,פלאפל שווארמה אזורה,4.6,183,44,55,62,70,21,27,15,23,9,True,estimated,"Estimated prices, not verified from menu.",https://www.google.com/maps/place/%D7%A4%D7%9C%D7%90%D7%A4%D7%9C+%D7%A9%D7%95%D7%95%D7%90%D7%A8%D7%9E%D7%94+%D7%90%D7%96%D7%95%D7%A8%D7%94%E2%80%AD/data=!4m7!3m6!1s0x15026792984ca445:0xdcbf594e791d464d!8m2!3d31.2742285!4d34.8045598!16s%2Fg%2F11fm_szqsx!19sChIJRaRMmJJnAhURTUYdeU5Zv9w?authuser=0&hl=iw&rclk=1
34.8069471,31.2518153,באר שבע,פלאפל ושווארמה הירוק השלום 48,4.3,29,42,55,59,61,20,27,15,23,9,True,estimated,"Estimated prices, not verified from menu.",https://www.google.com/maps/place/%D7%A4%D7%9C%D7%90%D7%A4%D7%9C+%D7%95%D7%A9%D7%95%D7%95%D7%90%D7%A8%D7%9E%D7%94+%D7%94%D7%99%D7%A8%D7%95%D7%A7+%D7%94%D7%A9%D7%9C%D7%95%D7%9D+48%E2%80%AD/data=!4m7!3m6!1s0x150267547a784add:0xfd1a8bd83625ff82!8m2!3d31.2518153!4d34.8069471!16s%2Fg%2F11nmd8xb89!19sChIJ3Up4elRnAhURgv8lNtiLGv0?authuser=0&hl=iw&rclk=1
34.7985463,31.2475802,באר שבע,שווארמה של רסקו,3.5,34,46,48,55,70,20,29,14,22,10,True,estimated,"Estimated prices, not verified from menu.",https://www.google.com/maps/place/%D7%A9%D7%95%D7%95%D7%90%D7%A8%D7%9E%D7%94+%D7%A9%D7%9C+%D7%A8%D7%A1%D7%A7%D7%95%E2%80%AD/data=!4m7!3m6!1s0x1502675217914859:0xfd7379c97d393189!8m2!3d31.2475802!4d34.7985463!16s%2Fg%2F11ny34894t!19sChIJWUiRF1JnAhURiTE5fcl5c_0?authuser=0&hl=iw&rclk=1
34.7989429,31.2470695,באר שבע,שווארמה רסקו,4.4,103,47,49,57,65,20,27,15,21,9,True,estimated,"Estimated prices, not verified from menu.",https://www.google.com/maps/place/%D7%A9%D7%95%D7%95%D7%90%D7%A8%D7%9E%D7%94+%D7%A8%D7%A1%D7%A7%D7%95%E2%80%AD/data=!4m7!3m6!1s0x150267006bb06e85:0x2532d142b927391f!8m2!3d31.2470695!4d34.7989429!16s%2Fg%2F11x9644qht!19sChIJhW6wawBnAhURHzknuULRMiU?authuser=0&hl=iw&rclk=1
34.6000017,31.4209799,נתיבות,שווארמה בובליל,4.6,212,43,54,60,61,20,27,15,24,10,False,estimated,"Estimated prices, not verified from menu.",https://www.google.com/maps/place/%D7%A9%D7%95%D7%95%D7%90%D7%A8%D7%9E%D7%94+%D7%91%D7%95%D7%91%D7%9C%D7%99%D7%9C%E2%80%AD/data=!4m7!3m6!1s0x15027ddd48a36bf3:0xa30b59b10a76accf!8m2!3d31.4209799!4d34.6000017!16s%2Fg%2F11t1qs93bb!19sChIJ82ujSN19AhURz6x2CrFZC6M?authuser=0&hl=iw&rclk=1
34.7915398,31.2530121,באר שבע,שווארמה טורקית רביבו,,1,48,55,57,62,20,27,14,24,10,True,estimated,"Estimated prices, not verified from menu.",https://www.google.com/maps/place/%D7%A9%D7%95%D7%95%D7%90%D7%A8%D7%9E%D7%94+%D7%98%D7%95%D7%A8%D7%A7%D7%99%D7%AA+%D7%A8%D7%91%D7%99%D7%91%D7%95%E2%80%AD/data=!4m7!3m6!1s0x150266695ac5627b:0x8064cd85efb852bd!8m2!3d31.2530121!4d34.7915398!16s%2Fg%2F11b6vdpg4m!19sChIJe2LFWmlmAhURvVK474XNZIA?authuser=0&hl=iw&rclk=1
34.8088516,31.3738845,להבים,שווארמה ליברטי,4.7,75,43,52,54,67,22,28,13,22,9,True,estimated,"Estimated prices, not verified from menu.",https://www.google.com/maps/place/%D7%A9%D7%95%D7%95%D7%90%D7%A8%D7%9E%D7%94+%D7%9C%D7%99%D7%91%D7%A8%D7%98%D7%99%E2%80%AD/data=!4m7!3m6!1s0x150261c5d2e10b99:0x5230d0c3afd00d80!8m2!3d31.3738845!4d34.8088516!16s%2Fg%2F11s8g5glvm!19sChIJmQvh0sVhAhURgA3Qr8PQMFI?authuser=0&hl=iw&rclk=1
34.7915398,31.2530121,באר שבע,אלימלך שווארמה,,1,42,53,61,69,19,27,14,23,9,True,estimated,"Estimated prices, not verified from menu.",https://www.google.com/maps/place/%D7%90%D7%9C%D7%99%D7%9E%D7%9C%D7%9A+%D7%A9%D7%95%D7%95%D7%90%D7%A8%D7%9E%D7%94%E2%80%AD/data=!4m7!3m6!1s0x150266695ac5627b:0x274ce38d4deb527b!8m2!3d31.2530121!4d34.7915398!16s%2Fg%2F11b6vfz6r8!19sChIJe2LFWmlmAhURe1LrTY3jTCc?authuser=0&hl=iw&rclk=1
34.8003024,31.222884,באר שבע,עוף ובקר - מפעל ליצור גלגלי שווארמה וכל מוצרי עוף ובקר בהתאמה אישית |עוף טרי|בשר בקר|מוצרים בהתאמה אישית|בכל סוגי הכשרויות,5.0,63,44,50,60,67,21,26,14,24,9,True,estimated,"Estimated prices, not verified from menu.",https://www.google.com/maps/place/%D7%A2%D7%95%D7%A3+%D7%95%D7%91%D7%A7%D7%A8+-+%D7%9E%D7%A4%D7%A2%D7%9C+%D7%9C%D7%99%D7%A6%D7%95%D7%A8+%D7%92%D7%9C%D7%92%D7%9C%D7%99+%D7%A9%D7%95%D7%95%D7%90%D7%A8%D7%9E%D7%94+%D7%95%D7%9B%D7%9C+%D7%9E%D7%95%D7%A6%D7%A8%D7%99+%D7%A2%D7%95%D7%A3+%D7%95%D7%91%D7%A7%D7%A8+%D7%91%D7%94%D7%AA%D7%90%D7%9E%D7%94+%D7%90%D7%99%D7%A9%D7%99%D7%AA+%7C%D7%A2%D7%95%D7%A3+%D7%98%D7%A8%D7%99%7C%D7%91%D7%A9%D7%A8+%D7%91%D7%A7%D7%A8%7C%D7%9E%D7%95%D7%A6%D7%A8%D7%99%D7%9D+%D7%91%D7%94%D7%AA%D7%90%D7%9E%D7%94+%D7%90%D7%99%D7%A9%D7%99%D7%AA%7C%D7%91%D7%9B%D7%9C+%D7%A1%D7%95%D7%92%D7%99+%D7%94%D7%9B%D7%A9%D7%A8%D7%95%D7%99%D7%95%D7%AA%E2%80%AD/data=!4m7!3m6!1s0x150269c71b045bfd:0x2436f14c25900c19!8m2!3d31.222884!4d34.8003024!16s%2Fg%2F11xkv9pn9s!19sChIJ_VsEG8dpAhURGQyQJUzxNiQ?authuser=0&hl=iw&rclk=1
34.7931908,31.24078,באר שבע,"שולחן שוק של בית הפול והשווארמה | קריית גת | באר שבע | ערד | דימונה | אופקים | ב""ש | שולחן שוק בשרי | שניצל | שווארמה |",,1,45,55,55,66,21,29,15,22,10,True,estimated,"Estimated prices, not verified from menu.",https://www.google.com/maps/place/%D7%A9%D7%95%D7%9C%D7%97%D7%9F+%D7%A9%D7%95%D7%A7+%D7%A9%D7%9C+%D7%91%D7%99%D7%AA+%D7%94%D7%A4%D7%95%D7%9C+%D7%95%D7%94%D7%A9%D7%95%D7%95%D7%90%D7%A8%D7%9E%D7%94+%7C+%D7%A7%D7%A8%D7%99%D7%99%D7%AA+%D7%92%D7%AA+%7C+%D7%91%D7%90%D7%A8+%D7%A9%D7%91%D7%A2+%7C+%D7%A2%D7%A8%D7%93+%7C+%D7%93%D7%99%D7%9E%D7%95%D7%A0%D7%94+%7C+%D7%90%D7%95%D7%A4%D7%A7%D7%99%D7%9D+%7C+%D7%91%22%D7%A9+%7C+%D7%A9%D7%95%D7%9C%D7%97%D7%9F+%D7%A9%D7%95%D7%A7+%D7%91%D7%A9%D7%A8%D7%99+%7C+%D7%A9%D7%A0%D7%99%D7%A6%D7%9C+%7C+%D7%A9%D7%95%D7%95%D7%90%D7%A8%D7%9E%D7%94+%7C%E2%80%AD/data=!4m7!3m6!1s0x1502674748a71dc1:0xe55c7ebd498ba739!8m2!3d31.24078!4d34.7931908!16s%2Fg%2F11n065_v_w!19sChIJwR2nSEdnAhUROaeLSb1-XOU?authuser=0&hl=iw&rclk=1
34.6582419,31.8132165,אשדוד,שווארמה פאשה אשדוד,4.2,1911,47,51,61,68,21,28,15,22,10,True,estimated,"Estimated prices, not verified from menu.",https://www.google.com/maps/place/%D7%A9%D7%95%D7%95%D7%90%D7%A8%D7%9E%D7%94+%D7%A4%D7%90%D7%A9%D7%94+%D7%90%D7%A9%D7%93%D7%95%D7%93%E2%80%AD/data=!4m7!3m6!1s0x1502a36b8b8f0e2d:0x9aea6f3b0687ee7a!8m2!3d31.8132165!4d34.6582419!16s%2Fg%2F11cjj6qcmx!19sChIJLQ6Pi2ujAhUReu6HBjtv6po?authuser=0&hl=iw&rclk=1
34.7975773,31.2429103,באר שבע,שווארמה עזרא ציון,3.9,44,47,48,60,61,22,30,14,24,9,True,estimated,"Estimated prices, not verified from menu.",https://www.google.com/maps/place/%D7%A9%D7%95%D7%95%D7%90%D7%A8%D7%9E%D7%94+%D7%A2%D7%96%D7%A8%D7%90+%D7%A6%D7%99%D7%95%D7%9F%E2%80%AD/data=!4m7!3m6!1s0x1502663e4aa3f069:0xf3d95ee1d26f66f8!8m2!3d31.2429103!4d34.7975773!16s%2Fg%2F11f2wbrg3q!19sChIJafCjSj5mAhUR-GZv0uFe2fM?authuser=0&hl=iw&rclk=1
34.7971012,31.2592739,באר שבע,שווארמה חוגי,5.0,1,48,48,60,61,20,27,15,22,9,True,estimated,"Estimated prices, not verified from menu.",https://www.google.com/maps/place/%D7%A9%D7%95%D7%95%D7%90%D7%A8%D7%9E%D7%94+%D7%97%D7%95%D7%92%D7%99%E2%80%AD/data=!4m7!3m6!1s0x150267c5aba9a2e7:0xc7fe22adad05893b!8m2!3d31.2592739!4d34.7971012!16s%2Fg%2F11vlg7k1df!19sChIJ56Kpq8VnAhURO4kFra0i_sc?authuser=0&hl=iw&rclk=1
34.7958505,31.2405086,באר שבע,שווארמה סבבה,,1,43,53,61,63,20,26,14,22,9,True,estimated,"Estimated prices, not verified from menu.",https://www.google.com/maps/place/%D7%A9%D7%95%D7%95%D7%90%D7%A8%D7%9E%D7%94+%D7%A1%D7%91%D7%91%D7%94%E2%80%AD/data=!4m7!3m6!1s0x150266160379364f:0x575dae04f886e713!8m2!3d31.2405086!4d34.7958505!16s%2Fg%2F11gxxn2mrd!19sChIJTzZ5AxZmAhURE-eG-ASuXVc?authuser=0&hl=iw&rclk=1
34.8126148,31.9751746,ראשון לציון,שווארמה הרצל 2,4.4,4972,49,52,60,63,23,29,16,24,10,True,estimated,"Estimated prices, not verified from menu.",https://www.google.com/maps/place/%D7%A9%D7%95%D7%95%D7%90%D7%A8%D7%9E%D7%94+%D7%94%D7%A8%D7%A6%D7%9C+2%E2%80%AD/data=!4m7!3m6!1s0x1502b4454223809b:0xe68d9d8f6b6953a5!8m2!3d31.9751746!4d34.8126148!16s%2Fg%2F1x6n4jcv!19sChIJm4AjQkW0AhURpVNpa4-djeY?authuser=0&hl=iw&rclk=1
34.8097708,31.9742386,ראשון לציון,הנכד של אברם - שווארמה ( כשר),4.4,707,43,53,62,68,23,31,15,23,10,True,estimated,"Estimated prices, not verified from menu.",https://www.google.com/maps/place/%D7%94%D7%A0%D7%9B%D7%93+%D7%A9%D7%9C+%D7%90%D7%91%D7%A8%D7%9D+-+%D7%A9%D7%95%D7%95%D7%90%D7%A8%D7%9E%D7%94+%28+%D7%9B%D7%A9%D7%A8%29%E2%80%AD/data=!4m7!3m6!1s0x1502b50f7a7b97fb:0x5f924db5a331b576!8m2!3d31.9742386!4d34.8097708!16s%2Fg%2F11kqtpcbd5!19sChIJ-5d7eg-1AhURdrUxo7VNkl8?authuser=0&hl=iw&rclk=1
34.7664108,31.9859142,ראשון לציון,שווארמה שמעוני,3.7,406,47,56,63,74,22,28,15,25,11,True,estimated,"Estimated prices, not verified from menu.",https://www.google.com/maps/place/%D7%A9%D7%95%D7%95%D7%90%D7%A8%D7%9E%D7%94+%D7%A9%D7%9E%D7%A2%D7%95%D7%A0%D7%99%E2%80%AD/data=!4m7!3m6!1s0x1502b3b3bf46722d:0x6bcd9226abbcbf11!8m2!3d31.9859142!4d34.7664108!16s%2Fg%2F11t48v6f_z!19sChIJLXJGv7OzAhUREb-8qyaSzWs?authuser=0&hl=iw&rclk=1
34.7723565,31.9903295,ראשון לציון,השווארמיה מאבו גוש כשר,4.0,389,48,53,56,70,22,32,15,25,10,True,estimated,"Estimated prices, not verified from menu.",https://www.google.com/maps/place/%D7%94%D7%A9%D7%95%D7%95%D7%90%D7%A8%D7%9E%D7%99%D7%94+%D7%9E%D7%90%D7%91%D7%95+%D7%92%D7%95%D7%A9+%D7%9B%D7%A9%D7%A8%E2%80%AD/data=!4m7!3m6!1s0x1502b3678de99c45:0x44d89032ca9d9b8f!8m2!3d31.9903295!4d34.7723565!16s%2Fg%2F11rj55ngcb!19sChIJRZzpjWezAhURj5udyjKQ2EQ?authuser=0&hl=iw&rclk=1
34.7852707,31.967552,ראשון לציון,השווארמה,3.9,22,45,56,57,70,23,30,15,22,9,True,estimated,"Estimated prices, not verified from menu.",https://www.google.com/maps/place/%D7%94%D7%A9%D7%95%D7%95%D7%90%D7%A8%D7%9E%D7%94%E2%80%AD/data=!4m7!3m6!1s0x1502b516f65067bb:0x5df6627f42524072!8m2!3d31.967552!4d34.7852707!16s%2Fg%2F11h3_zf3jl!19sChIJu2dQ9ha1AhURckBSQn9i9l0?authuser=0&hl=iw&rclk=1
34.8000741,31.9639292,ראשון לציון,שווארמה אשר,3.6,74,44,58,65,69,23,27,15,23,10,True,estimated,"Estimated prices, not verified from menu.",https://www.google.com/maps/place/%D7%A9%D7%95%D7%95%D7%90%D7%A8%D7%9E%D7%94+%D7%90%D7%A9%D7%A8%E2%80%AD/data=!4m7!3m6!1s0x1502b52b8c97b075:0x608714bb135b0692!8m2!3d31.9639292!4d34.8000741!16s%2Fg%2F11tg4zcn8t!19sChIJdbCXjCu1AhURkgZbE7sUh2A?authuser=0&hl=iw&rclk=1
34.7739946,31.9884103,ראשון לציון,"דבוש שווארמה מערב ראשל""צ",3.7,742,44,50,62,71,21,28,14,24,9,True,estimated,"Estimated prices, not verified from menu.",https://www.google.com/maps/place/%D7%93%D7%91%D7%95%D7%A9+%D7%A9%D7%95%D7%95%D7%90%D7%A8%D7%9E%D7%94+%D7%9E%D7%A2%D7%A8%D7%91+%D7%A8%D7%90%D7%A9%D7%9C%22%D7%A6%E2%80%AD/data=!4m7!3m6!1s0x1502b38750e2f23d:0x545b4976e43526fa!8m2!3d31.9884103!4d34.7739946!16s%2Fg%2F11ddystd49!19sChIJPfLiUIezAhUR-iY15HZJW1Q?authuser=0&hl=iw&rclk=1
34.806289,31.9729691,ראשון לציון,שווארמה בוחניק ראשון לציון,3.7,184,46,55,62,70,21,29,15,23,10,False,estimated,"Estimated prices, not verified from menu.",https://www.google.com/maps/place/%D7%A9%D7%95%D7%95%D7%90%D7%A8%D7%9E%D7%94+%D7%91%D7%95%D7%97%D7%A0%D7%99%D7%A7+%D7%A8%D7%90%D7%A9%D7%95%D7%9F+%D7%9C%D7%A6%D7%99%D7%95%D7%9F%E2%80%AD/data=!4m7!3m6!1s0x1502b5fd1a333369:0xf971758d83990ed6!8m2!3d31.9729691!4d34.806289!16s%2Fg%2F11vwd7wl8w!19sChIJaTMzGv21AhUR1g6Zg411cfk?authuser=0&hl=iw&rclk=1
34.7743488,31.989917,ראשון לציון,מלך השווארמה,3.1,177,47,58,63,69,23,31,14,24,11,True,estimated,"Estimated prices, not verified from menu.",https://www.google.com/maps/place/%D7%9E%D7%9C%D7%9A+%D7%94%D7%A9%D7%95%D7%95%D7%90%D7%A8%D7%9E%D7%94%E2%80%AD/data=!4m7!3m6!1s0x1502b47f613dd547:0x72b7cd6a1ee69dbc!8m2!3d31.989917!4d34.7743488!16s%2Fg%2F11b6vbwphs!19sChIJR9U9YX-0AhURvJ3mHmrNt3I?authuser=0&hl=iw&rclk=1
34.8021977,31.9639063,ראשון לציון,שווארמה סטריט ראשון לציון,3.6,89,48,53,64,73,20,27,15,22,9,True,estimated,"Estimated prices, not verified from menu.",https://www.google.com/maps/place/%D7%A9%D7%95%D7%95%D7%90%D7%A8%D7%9E%D7%94+%D7%A1%D7%98%D7%A8%D7%99%D7%98+%D7%A8%D7%90%D7%A9%D7%95%D7%9F+%D7%9C%D7%A6%D7%99%D7%95%D7%9F%E2%80%AD/data=!4m7!3m6!1s0x1502b5fe5b8fd0ad:0xc8c0152dad4f1b8f!8m2!3d31.9639063!4d34.8021977!16s%2Fg%2F11gj74_d3y!19sChIJrdCPW_61AhURjxtPrS0VwMg?authuser=0&hl=iw&rclk=1
34.765432,31.9894057,ראשון לציון,שווארמה לישנסקי,4.1,13,48,54,59,66,21,29,14,25,10,True,estimated,"Estimated prices, not verified from menu.",https://www.google.com/maps/place/%D7%A9%D7%95%D7%95%D7%90%D7%A8%D7%9E%D7%94+%D7%9C%D7%99%D7%A9%D7%A0%D7%A1%D7%A7%D7%99%E2%80%AD/data=!4m7!3m6!1s0x1502b38d008ca345:0x27d28f17f8f76715!8m2!3d31.9894057!4d34.765432!16s%2Fg%2F11k53s16_v!19sChIJRaOMAI2zAhURFWf3-BeP0ic?authuser=0&hl=iw&rclk=1
34.8021977,31.9639063,ראשון לציון,שווארמה רוטשילד שווארמה ובשרים על האש,3.0,2,48,55,57,74,22,30,15,25,9,True,estimated,"Estimated prices, not verified from menu.",https://www.google.com/maps/place/%D7%A9%D7%95%D7%95%D7%90%D7%A8%D7%9E%D7%94+%D7%A8%D7%95%D7%98%D7%A9%D7%99%D7%9C%D7%93+%D7%A9%D7%95%D7%95%D7%90%D7%A8%D7%9E%D7%94+%D7%95%D7%91%D7%A9%D7%A8%D7%99%D7%9D+%D7%A2%D7%9C+%D7%94%D7%90%D7%A9%E2%80%AD/data=!4m7!3m6!1s0x1502b52f72b976ff:0x6662055362f6dd3!8m2!3d31.9639063!4d34.8021977!16s%2Fg%2F11g10l3638!19sChIJ_3a5ci-1AhUR020vNlUgZgY?authuser=0&hl=iw&rclk=1
34.8111047,31.9750571,ראשון לציון,בית השווארמה והשניצל,3.9,59,50,58,62,65,22,28,15,24,10,True,estimated,"Estimated prices, not verified from menu.",https://www.google.com/maps/place/%D7%91%D7%99%D7%AA+%D7%94%D7%A9%D7%95%D7%95%D7%90%D7%A8%D7%9E%D7%94+%D7%95%D7%94%D7%A9%D7%A0%D7%99%D7%A6%D7%9C%E2%80%AD/data=!4m7!3m6!1s0x1502b4510d93150b:0x671ec1acc2d42977!8m2!3d31.9750571!4d34.8111047!16s%2Fg%2F11g7z7tzv0!19sChIJCxWTDVG0AhURdynUwqzBHmc?authuser=0&hl=iw&rclk=1
34.7499607,31.9858195,ראשון לציון,שווארמה ודמעה,3.7,4,50,52,61,67,21,30,14,22,10,False,estimated,"Estimated prices, not verified from menu.",https://www.google.com/maps/place/%D7%A9%D7%95%D7%95%D7%90%D7%A8%D7%9E%D7%94+%D7%95%D7%93%D7%9E%D7%A2%D7%94%E2%80%AD/data=!4m7!3m6!1s0x1502b3002afdd599:0x381ebec2fe077a55!8m2!3d31.9858195!4d34.7499607!16s%2Fg%2F11mrsjk639!19sChIJmdX9KgCzAhURVXoH_sK-Hjg?authuser=0&hl=iw&rclk=1
34.7979814,32.0124693,חולון,שווארמה בטעם של עוד..,4.0,195,47,52,59,70,21,30,16,22,10,True,estimated,"Estimated prices, not verified from menu.",https://www.google.com/maps/place/%D7%A9%D7%95%D7%95%D7%90%D7%A8%D7%9E%D7%94+%D7%91%D7%98%D7%A2%D7%9D+%D7%A9%D7%9C+%D7%A2%D7%95%D7%93..%E2%80%AD/data=!4m7!3m6!1s0x1502b5d332fea637:0x4c809effd034248d!8m2!3d32.0124693!4d34.7979814!16s%2Fg%2F11s88yc43q!19sChIJN6b-MtO1AhURjSQ00P-egEw?authuser=0&hl=iw&rclk=1
34.7930096,31.9212411,נס ציונה,שווארמה שמש נס ציונה ישפרו סנטר,4.4,1230,43,58,65,65,20,30,15,25,10,True,estimated,"Estimated prices, not verified from menu.",https://www.google.com/maps/place/%D7%A9%D7%95%D7%95%D7%90%D7%A8%D7%9E%D7%94+%D7%A9%D7%9E%D7%A9+%D7%A0%D7%A1+%D7%A6%D7%99%D7%95%D7%A0%D7%94+%D7%99%D7%A9%D7%A4%D7%A8%D7%95+%D7%A1%D7%A0%D7%98%D7%A8%E2%80%AD/data=!4m7!3m6!1s0x1502b696d188b325:0x1cb48ce4774caeea!8m2!3d31.9212411!4d34.7930096!16s%2Fg%2F1tgldp9r!19sChIJJbOI0Za2AhUR6q5Md-SMtBw?authuser=0&hl=iw&rclk=1
34.7393687,32.0206212,בת ים,שווארמה סהרה,4.0,390,46,56,61,69,23,28,15,24,10,True,estimated,"Estimated prices, not verified from menu.",https://www.google.com/maps/place/%D7%A9%D7%95%D7%95%D7%90%D7%A8%D7%9E%D7%94+%D7%A1%D7%94%D7%A8%D7%94%E2%80%AD/data=!4m7!3m6!1s0x1502b3b12ee142cd:0xeb2c7ba2b1f56a81!8m2!3d32.0206212!4d34.7393687!16s%2Fg%2F11pc4v0zgq!19sChIJzULhLrGzAhURgWr1saJ7LOs?authuser=0&hl=iw&rclk=1
34.8575983,32.3176806,נתניה,מפגש הארזים - שווארמה וגריל ישראלי - כשר למהדרין,4.1,113,45,58,62,73,22,29,14,22,10,False,estimated,"Estimated prices, not verified from menu.",https://www.google.com/maps/place/%D7%9E%D7%A4%D7%92%D7%A9+%D7%94%D7%90%D7%A8%D7%96%D7%99%D7%9D+-+%D7%A9%D7%95%D7%95%D7%90%D7%A8%D7%9E%D7%94+%D7%95%D7%92%D7%A8%D7%99%D7%9C+%D7%99%D7%A9%D7%A8%D7%90%D7%9C%D7%99+-+%D7%9B%D7%A9%D7%A8+%D7%9C%D7%9E%D7%94%D7%93%D7%A8%D7%99%D7%9F%E2%80%AD/data=!4m7!3m6!1s0x151d4006646cdca3:0x89f09aa94ea5112b!8m2!3d32.3176806!4d34.8575983!16s%2Fg%2F1tvbgpd1!19sChIJo9xsZAZAHRURKxGlTqma8Ik?authuser=0&hl=iw&rclk=1
34.7975196,32.0277366,אזור,שווארמה דבוש אזור,3.8,1341,47,57,58,69,20,32,15,23,9,True,estimated,"Estimated prices, not verified from menu.",https://www.google.com/maps/place/%D7%A9%D7%95%D7%95%D7%90%D7%A8%D7%9E%D7%94+%D7%93%D7%91%D7%95%D7%A9+%D7%90%D7%96%D7%95%D7%A8%E2%80%AD/data=!4m7!3m6!1s0x151d4b3514a1ad87:0x9838a4979594f006!8m2!3d32.0277366!4d34.7975196!16s%2Fg%2F11c7hhphpz!19sChIJh62hFDVLHRURBvCUlZekOJg?authuser=0&hl=iw&rclk=1
34.8992066,32.0289821,יהוד,שווארמה מיקס,4.0,156,46,52,64,64,21,31,14,22,10,False,estimated,"Estimated prices, not verified from menu.",https://www.google.com/maps/place/%D7%A9%D7%95%D7%95%D7%90%D7%A8%D7%9E%D7%94+%D7%9E%D7%99%D7%A7%D7%A1%E2%80%AD/data=!4m7!3m6!1s0x151d358a150bd1d7:0xfbbb0f2871a5e956!8m2!3d32.0289821!4d34.8992066!16s%2Fg%2F11sbhrj9xh!19sChIJ19ELFYo1HRURVumlcSgPu_s?authuser=0&hl=iw&rclk=1
34.7743604,31.975266,ראשון לציון,שווארמה באבי,,1,50,55,59,65,21,29,14,25,10,True,estimated,"Estimated prices, not verified from menu.",https://www.google.com/maps/place/%D7%A9%D7%95%D7%95%D7%90%D7%A8%D7%9E%D7%94+%D7%91%D7%90%D7%91%D7%99%E2%80%AD/data=!4m7!3m6!1s0x1502b4756381d04b:0x9e6686c11c13a4ed!8m2!3d31.975266!4d34.7743604!16s%2Fg%2F11b6vhj_70!19sChIJS9CBY3W0AhUR7aQTHMGGZp4?authuser=0&hl=iw&rclk=1
34.7458345,32.0269381,תל אביב,שווארמה בחבוש,3.5,27,44,56,64,68,21,27,15,25,9,False,estimated,"Estimated prices, not verified from menu.",https://www.google.com/maps/place/%D7%A9%D7%95%D7%95%D7%90%D7%A8%D7%9E%D7%94+%D7%91%D7%97%D7%91%D7%95%D7%A9%E2%80%AD/data=!4m7!3m6!1s0x1502b33e92a72ac9:0x2c1aec163c54b56!8m2!3d32.0269381!4d34.7458345!16s%2Fg%2F11l2rgcpjr!19sChIJySqnkj6zAhURVkvFY8GuwQI?authuser=0&hl=iw&rclk=1
34.896553,32.0270372,יהוד,דונר/שווארמה טורקית ועל האש,4.1,1197,49,53,58,72,21,30,16,25,10,True,estimated,"Estimated prices, not verified from menu.",https://www.google.com/maps/place/%D7%93%D7%95%D7%A0%D7%A8%2F%D7%A9%D7%95%D7%95%D7%90%D7%A8%D7%9E%D7%94+%D7%98%D7%95%D7%A8%D7%A7%D7%99%D7%AA+%D7%95%D7%A2%D7%9C+%D7%94%D7%90%D7%A9%E2%80%AD/data=!4m7!3m6!1s0x151d3505959b2d11:0x19ca86d188937f64!8m2!3d32.0270372!4d34.896553!16s%2Fg%2F11hbqlpx3c!19sChIJES2blQU1HRURZH-TiNGGyhk?authuser=0&hl=iw&rclk=1
34.8411676,31.9539338,באר יעקב,שווארמה הנכד של חנניה באר יעקב,4.7,637,49,56,62,63,20,30,15,24,10,True,estimated,"Estimated prices, not verified from menu.",https://www.google.com/maps/place/%D7%A9%D7%95%D7%95%D7%90%D7%A8%D7%9E%D7%94+%D7%94%D7%A0%D7%9B%D7%93+%D7%A9%D7%9C+%D7%97%D7%A0%D7%A0%D7%99%D7%94+%D7%91%D7%90%D7%A8+%D7%99%D7%A2%D7%A7%D7%91%E2%80%AD/data=!4m7!3m6!1s0x1502b7cb18f791e3:0xbbe2d2493617a727!8m2!3d31.9539338!4d34.8411676!16s%2Fg%2F11mcf9wdbx!19sChIJ45H3GMu3AhURJ6cXNknS4rs?authuser=0&hl=iw&rclk=1
34.769083,31.9917707,ראשון לציון,שווארמה סולטן שראעי,,1,47,52,65,72,22,31,14,22,9,True,estimated,"Estimated prices, not verified from menu.",https://www.google.com/maps/place/%D7%A9%D7%95%D7%95%D7%90%D7%A8%D7%9E%D7%94+%D7%A1%D7%95%D7%9C%D7%98%D7%9F+%D7%A9%D7%A8%D7%90%D7%A2%D7%99%E2%80%AD/data=!4m7!3m6!1s0x1502b3816f8cb5b1:0xa7750a24aa135e55!8m2!3d31.9917707!4d34.769083!16s%2Fg%2F1twxntwg!19sChIJsbWMb4GzAhURVV4TqiQKdac?authuser=0&hl=iw&rclk=1
34.8428558,31.9683922,ראשון לציון,שווארמה טיים,3.9,139,50,51,59,63,21,31,15,22,9,True,estimated,"Estimated prices, not verified from menu.",https://www.google.com/maps/place/%D7%A9%D7%95%D7%95%D7%90%D7%A8%D7%9E%D7%94+%D7%98%D7%99%D7%99%D7%9D%E2%80%AD/data=!4m7!3m6!1s0x1502b5fc7ecd4d51:0xd35852ca9a3bf79f!8m2!3d31.9683922!4d34.8428558!16s%2Fg%2F11qrnfbk3d!19sChIJUU3Nfvy1AhURn_c7mspSWNM?authuser=0&hl=iw&rclk=1
34.8422907,31.9507333,באר יעקב,שווארמה צמח,4.9,59,48,52,65,65,22,29,15,22,10,True,estimated,"Estimated prices, not verified from menu.",https://www.google.com/maps/place/%D7%A9%D7%95%D7%95%D7%90%D7%A8%D7%9E%D7%94+%D7%A6%D7%9E%D7%97%E2%80%AD/data=!4m7!3m6!1s0x1502b50024a808ab:0xce4bae0b7330acb5!8m2!3d31.9507333!4d34.8422907!16s%2Fg%2F11yy4dpzft!19sChIJqwioJAC1AhURtawwcwuuS84?authuser=0&hl=iw&rclk=1
34.8861431,32.0892428,פתח תקווה,Shawarma Chef (שווארמת השף),4.1,554,50,52,65,69,23,31,14,25,9,True,estimated,"Estimated prices, not verified from menu.",https://www.google.com/maps/place/Shawarma+Chef+%28%D7%A9%D7%95%D7%95%D7%90%D7%A8%D7%9E%D7%AA+%D7%94%D7%A9%D7%A3%29%E2%80%AD/data=!4m7!3m6!1s0x151d366d6ccb0b4f:0xe8d4e5be72d17c0!8m2!3d32.0892428!4d34.8861431!16s%2Fg%2F1vh8mczl!19sChIJTwvLbG02HRURwBct51tOjQ4?authuser=0&hl=iw&rclk=1
34.8861431,32.0892428,פתח תקווה,שווארמה מלאבס,4.1,622,48,56,61,65,20,29,15,23,9,True,estimated,"Estimated prices, not verified from menu.",https://www.google.com/maps/place/%D7%A9%D7%95%D7%95%D7%90%D7%A8%D7%9E%D7%94+%D7%9E%D7%9C%D7%90%D7%91%D7%A1%E2%80%AD/data=!4m7!3m6!1s0x151d366d6ccb0b4f:0x2eecc627b59db36a!8m2!3d32.0892428!4d34.8861431!16s%2Fg%2F1thd414m!19sChIJTwvLbG02HRURarOdtSfG7C4?authuser=0&hl=iw&rclk=1
34.8550882,32.0939935,פתח תקווה,שוארמה ויקטור,4.3,601,45,51,58,71,21,28,15,24,10,False,estimated,"Estimated prices, not verified from menu.",https://www.google.com/maps/place/%D7%A9%D7%95%D7%90%D7%A8%D7%9E%D7%94+%D7%95%D7%99%D7%A7%D7%98%D7%95%D7%A8%E2%80%AD/data=!4m7!3m6!1s0x151d49fbc6568715:0xc17f73e0e3d96cb2!8m2!3d32.0939935!4d34.8550882!16s%2Fg%2F11bx8hsv7m!19sChIJFYdWxvtJHRURsmzZ4-Bzf8E?authuser=0&hl=iw&rclk=1
34.885434,32.094717,פתח תקווה,שווארמה אורלוב - לב השווארמה,4.2,544,48,50,62,65,22,30,15,24,10,True,estimated,"Estimated prices, not verified from menu.",https://www.google.com/maps/place/%D7%A9%D7%95%D7%95%D7%90%D7%A8%D7%9E%D7%94+%D7%90%D7%95%D7%A8%D7%9C%D7%95%D7%91+-+%D7%9C%D7%91+%D7%94%D7%A9%D7%95%D7%95%D7%90%D7%A8%D7%9E%D7%94%E2%80%AD/data=!4m7!3m6!1s0x151d366b391ff9a5:0x89345df90d96608b!8m2!3d32.094717!4d34.885434!16s%2Fg%2F1tm3m8vz!19sChIJpfkfOWs2HRURi2CWDfldNIk?authuser=0&hl=iw&rclk=1
34.8615547,32.0906129,פתח תקווה,דבוש שווארמה | כשר,3.9,249,44,54,61,72,23,29,14,23,10,True,estimated,"Estimated prices, not verified from menu.",https://www.google.com/maps/place/%D7%93%D7%91%D7%95%D7%A9+%D7%A9%D7%95%D7%95%D7%90%D7%A8%D7%9E%D7%94+%7C+%D7%9B%D7%A9%D7%A8%E2%80%AD/data=!4m7!3m6!1s0x151d4960d926f36f:0x9ef718feccf95a28!8m2!3d32.0906129!4d34.8615547!16s%2Fg%2F11sc0f0l8q!19sChIJb_Mm2WBJHRURKFr5zP4Y954?authuser=0&hl=iw&rclk=1
34.885017,32.089374,פתח תקווה,שוארמה מספר 1,3.8,81,50,52,64,70,23,30,15,24,11,True,estimated,"Estimated prices, not verified from menu.",https://www.google.com/maps/place/%D7%A9%D7%95%D7%90%D7%A8%D7%9E%D7%94+%D7%9E%D7%A1%D7%A4%D7%A8+1%E2%80%AD/data=!4m7!3m6!1s0x151d366d48adf3a7:0x89b0490fc3ffe726!8m2!3d32.089374!4d34.885017!16s%2Fg%2F1tdqx29d!19sChIJp_OtSG02HRURJuf_ww9JsIk?authuser=0&hl=iw&rclk=1
34.8863479,32.086024,פתח תקווה,שווארמה כהן,5.0,40,49,51,60,73,20,28,16,25,10,True,estimated,"Estimated prices, not verified from menu.",https://www.google.com/maps/place/%D7%A9%D7%95%D7%95%D7%90%D7%A8%D7%9E%D7%94+%D7%9B%D7%94%D7%9F%E2%80%AD/data=!4m7!3m6!1s0x151d37295fff8ec9:0xe0c8bdb1978bcf6c!8m2!3d32.086024!4d34.8863479!16s%2Fg%2F11vz8dnss6!19sChIJyY7_Xyk3HRURbM-Ll7G9yOA?authuser=0&hl=iw&rclk=1
34.8871618,32.0875324,פתח תקווה,טורקישווארמה,4.2,472,47,51,61,67,22,30,14,25,10,True,estimated,"Estimated prices, not verified from menu.",https://www.google.com/maps/place/%D7%98%D7%95%D7%A8%D7%A7%D7%99%D7%A9%D7%95%D7%95%D7%90%D7%A8%D7%9E%D7%94%E2%80%AD/data=!4m7!3m6!1s0x151d367286d253cd:0xef70f9b302006e7f!8m2!3d32.0875324!4d34.8871618!16s%2Fg%2F1tf2hsqp!19sChIJzVPShnI2HRURf24AArP5cO8?authuser=0&hl=iw&rclk=1
34.8496193,32.0945286,פתח תקווה,בויה שווארמה,4.2,54,51,56,57,67,21,27,15,24,10,True,estimated,"Estimated prices, not verified from menu.",https://www.google.com/maps/place/%D7%91%D7%95%D7%99%D7%94+%D7%A9%D7%95%D7%95%D7%90%D7%A8%D7%9E%D7%94%E2%80%AD/data=!4m7!3m6!1s0x151d4943a3b22a0f:0xe8a16b1c369ef711!8m2!3d32.0945286!4d34.8496193!16s%2Fg%2F11y97nzvvc!19sChIJDyqyo0NJHRUREfeeNhxroeg?authuser=0&hl=iw&rclk=1
34.8777609,32.0875548,פתח תקווה,שווארמה רפאלוס,3.5,143,44,50,65,64,21,29,15,22,10,True,estimated,"Estimated prices, not verified from menu.",https://www.google.com/maps/place/%D7%A9%D7%95%D7%95%D7%90%D7%A8%D7%9E%D7%94+%D7%A8%D7%A4%D7%90%D7%9C%D7%95%D7%A1%E2%80%AD/data=!4m7!3m6!1s0x151d37dc4dce518b:0xada4bc406b5a83d2!8m2!3d32.0875548!4d34.8777609!16s%2Fg%2F11lh520mhy!19sChIJi1HOTdw3HRUR0oNaa0C8pK0?authuser=0&hl=iw&rclk=1
34.886351,32.0860075,פתח תקווה,שווארמה האלופים,4.1,34,47,51,59,63,20,29,14,23,9,True,estimated,"Estimated prices, not verified from menu.",https://www.google.com/maps/place/%D7%A9%D7%95%D7%95%D7%90%D7%A8%D7%9E%D7%94+%D7%94%D7%90%D7%9C%D7%95%D7%A4%D7%99%D7%9D%E2%80%AD/data=!4m7!3m6!1s0x151d37516e9b7edd:0xa4e65739f84e757a!8m2!3d32.0860075!4d34.886351!16s%2Fg%2F11rrp7x20v!19sChIJ3X6bblE3HRURenVO-DlX5qQ?authuser=0&hl=iw&rclk=1
34.8984532,32.0735636,פתח תקווה,מאמיס שווארמה,4.2,1624,49,57,57,66,21,28,14,24,10,False,estimated,"Estimated prices, not verified from menu.",https://www.google.com/maps/place/%D7%9E%D7%90%D7%9E%D7%99%D7%A1+%D7%A9%D7%95%D7%95%D7%90%D7%A8%D7%9E%D7%94%E2%80%AD/data=!4m7!3m6!1s0x151d35d6330faa21:0x464e07bba71c496c!8m2!3d32.0735636!4d34.8984532!16s%2Fg%2F1tdlr0dt!19sChIJIaoPM9Y1HRURbEkcp7sHTkY?authuser=0&hl=iw&rclk=1
34.8851095,32.0892938,פתח תקווה,שווארמה זמיר,4.6,5,46,57,63,70,21,31,14,22,10,True,estimated,"Estimated prices, not verified from menu.",https://www.google.com/maps/place/%D7%A9%D7%95%D7%95%D7%90%D7%A8%D7%9E%D7%94+%D7%96%D7%9E%D7%99%D7%A8%E2%80%AD/data=!4m7!3m6!1s0x151d366d4f41f231:0x8d4c87b344a8bdfe!8m2!3d32.0892938!4d34.8851095!16s%2Fg%2F11hzsvw1s5!19sChIJMfJBT202HRUR_r2oRLOHTI0?authuser=0&hl=iw&rclk=1
34.8502338,32.0954203,פתח תקווה,"ד""ר שווארמה אבוגוש",4.4,32,48,51,60,69,21,27,15,23,9,True,estimated,"Estimated prices, not verified from menu.",https://www.google.com/maps/place/%D7%93%22%D7%A8+%D7%A9%D7%95%D7%95%D7%90%D7%A8%D7%9E%D7%94+%D7%90%D7%91%D7%95%D7%92%D7%95%D7%A9%E2%80%AD/data=!4m7!3m6!1s0x151d4915cb175801:0x3f646a7721acd903!8m2!3d32.0954203!4d34.8502338!16s%2Fg%2F11xdkqjy0v!19sChIJAVgXyxVJHRURA9msIXdqZD8?authuser=0&hl=iw&rclk=1
34.8903182,32.106013,פתח תקווה,שווארמה ויקטור,4.1,22,44,53,58,68,22,28,14,25,10,True,estimated,"Estimated prices, not verified from menu.",https://www.google.com/maps/place/%D7%A9%D7%95%D7%95%D7%90%D7%A8%D7%9E%D7%94+%D7%95%D7%99%D7%A7%D7%98%D7%95%D7%A8%E2%80%AD/data=!4m7!3m6!1s0x151d37c2d8fe6acd:0x8efc92eedb76e526!8m2!3d32.106013!4d34.8903182!16s%2Fg%2F11kk14_h6y!19sChIJzWr-2MI3HRURJuV22-6S_I4?authuser=0&hl=iw&rclk=1
34.8861437,32.0890587,פתח תקווה,שניצל מדינה - שניצליה בפתח תקווה | אוכל ביתי | שווארמה | מרקים,3.7,75,50,51,65,73,22,32,15,22,9,True,estimated,"Estimated prices, not verified from menu.",https://www.google.com/maps/place/%D7%A9%D7%A0%D7%99%D7%A6%D7%9C+%D7%9E%D7%93%D7%99%D7%A0%D7%94+-+%D7%A9%D7%A0%D7%99%D7%A6%D7%9C%D7%99%D7%94+%D7%91%D7%A4%D7%AA%D7%97+%D7%AA%D7%A7%D7%95%D7%95%D7%94+%7C+%D7%90%D7%95%D7%9B%D7%9C+%D7%91%D7%99%D7%AA%D7%99+%7C+%D7%A9%D7%95%D7%95%D7%90%D7%A8%D7%9E%D7%94+%7C+%D7%9E%D7%A8%D7%A7%D7%99%D7%9D%E2%80%AD/data=!4m7!3m6!1s0x151d3799920dffcd:0xe0a863a9e6b6906a!8m2!3d32.0890587!4d34.8861437!16s%2Fg%2F11ssj_t4mp!19sChIJzf8Nkpk3HRURapC25qljqOA?authuser=0&hl=iw&rclk=1
34.8855901,32.0858654,פתח תקווה,שווארמה הכהנים,3.4,19,47,53,65,72,23,30,16,23,10,True,estimated,"Estimated prices, not verified from menu.",https://www.google.com/maps/place/%D7%A9%D7%95%D7%95%D7%90%D7%A8%D7%9E%D7%94+%D7%94%D7%9B%D7%94%D7%A0%D7%99%D7%9D%E2%80%AD/data=!4m7!3m6!1s0x151d3672e6f2147d:0x95db3f85d62c75d!8m2!3d32.0858654!4d34.8855901!16s%2Fg%2F11b6vb17w6!19sChIJfRTy5nI2HRURXcdiXfizXQk?authuser=0&hl=iw&rclk=1
34.8861437,32.0890587,פתח תקווה,שווארמה 80,1.0,1,46,53,62,69,20,32,15,22,10,True,estimated,"Estimated prices, not verified from menu.",https://www.google.com/maps/place/%D7%A9%D7%95%D7%95%D7%90%D7%A8%D7%9E%D7%94+80%E2%80%AD/data=!4m7!3m6!1s0x151d366d71e20e29:0x91befe54b4b2079d!8m2!3d32.0890587!4d34.8861437!16s%2Fg%2F11b6vcfy6p!19sChIJKQ7icW02HRURnQeytFT-vpE?authuser=0&hl=iw&rclk=1
34.8853988,32.0927774,פתח תקווה,שווארמה נטו,,1,46,52,65,69,22,31,14,24,10,True,estimated,"Estimated prices, not verified from menu.",https://www.google.com/maps/place/%D7%A9%D7%95%D7%95%D7%90%D7%A8%D7%9E%D7%94+%D7%A0%D7%98%D7%95%E2%80%AD/data=!4m7!3m6!1s0x151d366ca4bf091d:0x655bd6330a843dd0!8m2!3d32.0927774!4d34.8853988!16s%2Fg%2F11b6vjvmpt!19sChIJHQm_pGw2HRUR0D2ECjPWW2U?authuser=0&hl=iw&rclk=1
34.887047,32.0874869,פתח תקווה,שווארמה 10,,1,49,53,63,64,22,32,15,22,10,True,estimated,"Estimated prices, not verified from menu.",https://www.google.com/maps/place/%D7%A9%D7%95%D7%95%D7%90%D7%A8%D7%9E%D7%94+10%E2%80%AD/data=!4m7!3m6!1s0x151d367286d12381:0xa30e5f22159a0fa7!8m2!3d32.0874869!4d34.887047!16s%2Fg%2F11b6vgxhh0!19sChIJgSPRhnI2HRURpw-aFSJfDqM?authuser=0&hl=iw&rclk=1
34.9775386,32.1167263,כפר קאסם,שווארמה אל ארז,4.5,1358,50,56,57,71,21,27,16,25,11,False,estimated,"Estimated prices, not verified from menu.",https://www.google.com/maps/place/%D7%A9%D7%95%D7%95%D7%90%D7%A8%D7%9E%D7%94+%D7%90%D7%9C+%D7%90%D7%A8%D7%96%E2%80%AD/data=!4m7!3m6!1s0x151d30972611a387:0x6dd8e364b15a74aa!8m2!3d32.1167263!4d34.9775386!16s%2Fg%2F11c1s1r34b!19sChIJh6MRJpcwHRURqnRasWTj2G0?authuser=0&hl=iw&rclk=1
34.8868169,32.0877913,פתח תקווה,שווארמה STREET פתח תקווה,3.8,276,44,58,59,69,22,30,14,23,9,True,estimated,"Estimated prices, not verified from menu.",https://www.google.com/maps/place/%D7%A9%D7%95%D7%95%D7%90%D7%A8%D7%9E%D7%94+STREET+%D7%A4%D7%AA%D7%97+%D7%AA%D7%A7%D7%95%D7%95%D7%94%E2%80%AD/data=!4m7!3m6!1s0x151d372e6baea143:0x7f953d93feb45e16!8m2!3d32.0877913!4d34.8868169!16s%2Fg%2F11f7frmtr5!19sChIJQ6Guay43HRURFl60_pM9lX8?authuser=0&hl=iw&rclk=1
34.919765,32.4365322,חדרה,"בו""ה - שוארמה ובשרים על האש",4.7,109,50,58,58,72,21,32,15,23,9,False,estimated,"Estimated prices, not verified from menu.",https://www.google.com/maps/place/%D7%91%D7%95%22%D7%94+-+%D7%A9%D7%95%D7%90%D7%A8%D7%9E%D7%94+%D7%95%D7%91%D7%A9%D7%A8%D7%99%D7%9D+%D7%A2%D7%9C+%D7%94%D7%90%D7%A9%E2%80%AD/data=!4m7!3m6!1s0x151d1373a4d1c0f5:0x7257ad1faf296c2f!8m2!3d32.4365322!4d34.919765!16s%2Fg%2F11k4b5dv0_!19sChIJ9cDRpHMTHRURL2wprx-tV3I?authuser=0&hl=iw&rclk=1
34.885434,32.094717,פתח תקווה,שווארמה מאור,,1,48,56,62,66,20,31,15,25,11,True,estimated,"Estimated prices, not verified from menu.",https://www.google.com/maps/place/%D7%A9%D7%95%D7%95%D7%90%D7%A8%D7%9E%D7%94+%D7%9E%D7%90%D7%95%D7%A8%E2%80%AD/data=!4m7!3m6!1s0x151d366b47ce2a41:0x4aead448e63b2f45!8m2!3d32.094717!4d34.885434!16s%2Fg%2F11b6vcfxsp!19sChIJQSrOR2s2HRURRS875kjU6ko?authuser=0&hl=iw&rclk=1
34.8635332,32.0551576,קרית אונו,שאוורמה שיפודי הבקעה,3.4,35,49,51,64,65,23,31,16,22,9,True,estimated,"Estimated prices, not verified from menu.",https://www.google.com/maps/place/%D7%A9%D7%90%D7%95%D7%95%D7%A8%D7%9E%D7%94+%D7%A9%D7%99%D7%A4%D7%95%D7%93%D7%99+%D7%94%D7%91%D7%A7%D7%A2%D7%94%E2%80%AD/data=!4m7!3m6!1s0x151d35f9c74dbbdb:0x116f0b0a041a3dbb!8m2!3d32.0551576!4d34.8635332!16s%2Fg%2F11k4tcg82g!19sChIJ27tNx_k1HRURuz0aBAoLbxE?authuser=0&hl=iw&rclk=1
34.8250134,32.0909948,בני ברק,מפגש השווארמה,5.0,1,49,53,60,66,22,29,14,23,9,True,estimated,"Estimated prices, not verified from menu.",https://www.google.com/maps/place/%D7%9E%D7%A4%D7%92%D7%A9+%D7%94%D7%A9%D7%95%D7%95%D7%90%D7%A8%D7%9E%D7%94%E2%80%AD/data=!4m7!3m6!1s0x151d4bf5963cf1c9:0x65d607c5d27e3d5c!8m2!3d32.0909948!4d34.8250134!16s%2Fg%2F11l2y03wzr!19sChIJyfE8lvVLHRURXD1-0sUH1mU?authuser=0&hl=iw&rclk=1
34.8284021,32.0717241,רמת גן,שווארמה מרום,4.0,3,45,55,64,69,20,32,14,23,9,True,estimated,"Estimated prices, not verified from menu.",https://www.google.com/maps/place/%D7%A9%D7%95%D7%95%D7%90%D7%A8%D7%9E%D7%94+%D7%9E%D7%A8%D7%95%D7%9D%E2%80%AD/data=!4m7!3m6!1s0x151d4a48a5690d57:0x7874fa447e36d1c3!8m2!3d32.0717241!4d34.8284021!16s%2Fg%2F11b6v6_2yy!19sChIJVw1ppUhKHRURw9E2fkT6dHg?authuser=0&hl=iw&rclk=1
34.8676074,32.3210649,נתניה,דבוש שווארמה נתניה,4.0,780,46,49,59,66,21,30,15,24,10,True,estimated,"Estimated prices, not verified from menu.",https://www.google.com/maps/place/%D7%93%D7%91%D7%95%D7%A9+%D7%A9%D7%95%D7%95%D7%90%D7%A8%D7%9E%D7%94+%D7%A0%D7%AA%D7%A0%D7%99%D7%94%E2%80%AD/data=!4m7!3m6!1s0x151d3ffe7753c3fb:0xcfeb4963c1323c1f!8m2!3d32.3210649!4d34.8676074!16s%2Fg%2F11c6tskygx!19sChIJ-8NTd_4_HRURHzwywWNJ688?authuser=0&hl=iw&rclk=1
34.8610877,32.2816314,נתניה,שווארמה אדנה,4.1,343,49,53,56,66,21,27,14,23,10,True,estimated,"Estimated prices, not verified from menu.",https://www.google.com/maps/place/%D7%A9%D7%95%D7%95%D7%90%D7%A8%D7%9E%D7%94+%D7%90%D7%93%D7%A0%D7%94%E2%80%AD/data=!4m7!3m6!1s0x151d154a54d61151:0x5e545c076169e12e!8m2!3d32.2816314!4d34.8610877!16s%2Fg%2F11qbgycr39!19sChIJURHWVEoVHRURLuFpYQdcVF4?authuser=0&hl=iw&rclk=1
34.8560869,32.328062,נתניה,שווארמה נונה,3.7,617,42,57,63,70,22,27,14,23,10,True,estimated,"Estimated prices, not verified from menu.",https://www.google.com/maps/place/%D7%A9%D7%95%D7%95%D7%90%D7%A8%D7%9E%D7%94+%D7%A0%D7%95%D7%A0%D7%94%E2%80%AD/data=!4m7!3m6!1s0x151d6aa99225c5ed:0x148302e3c8f97779!8m2!3d32.328062!4d34.8560869!16s%2Fg%2F11cn8sgxfn!19sChIJ7cUlkqlqHRUReXf5yOMCgxQ?authuser=0&hl=iw&rclk=1
34.8526454,32.2812462,נתניה,שווארמה פונדק הים בשכונה,4.5,309,48,55,62,68,20,29,15,24,10,True,estimated,"Estimated prices, not verified from menu.",https://www.google.com/maps/place/%D7%A9%D7%95%D7%95%D7%90%D7%A8%D7%9E%D7%94+%D7%A4%D7%95%D7%A0%D7%93%D7%A7+%D7%94%D7%99%D7%9D+%D7%91%D7%A9%D7%9B%D7%95%D7%A0%D7%94%E2%80%AD/data=!4m7!3m6!1s0x151d4085be31bbc1:0xd3dc263f7618779!8m2!3d32.2812462!4d34.8526454!16s%2Fg%2F11g69hk03v!19sChIJwbsxvoVAHRUReYdh92PCPQ0?authuser=0&hl=iw&rclk=1
34.8537007,32.2913603,נתניה,אורפה שווארמה גריל,4.1,53,42,56,62,70,20,29,14,24,10,False,estimated,"Estimated prices, not verified from menu.",https://www.google.com/maps/place/%D7%90%D7%95%D7%A8%D7%A4%D7%94+%D7%A9%D7%95%D7%95%D7%90%D7%A8%D7%9E%D7%94+%D7%92%D7%A8%D7%99%D7%9C%E2%80%AD/data=!4m7!3m6!1s0x151d4113b20639f5:0x8796938b1dbc7b09!8m2!3d32.2913603!4d34.8537007!16s%2Fg%2F11mywy7zhg!19sChIJ9TkGshNBHRURCXu8HYuTloc?authuser=0&hl=iw&rclk=1
34.8658463,32.3201583,נתניה,השווארמיה,4.1,131,47,51,59,68,22,28,14,22,9,True,estimated,"Estimated prices, not verified from menu.",https://www.google.com/maps/place/%D7%94%D7%A9%D7%95%D7%95%D7%90%D7%A8%D7%9E%D7%99%D7%94%E2%80%AD/data=!4m7!3m6!1s0x151d3fd9df36ee29:0x614fee1a0ca67e02!8m2!3d32.3201583!4d34.8658463!16s%2Fg%2F11fmrmfksm!19sChIJKe4239k_HRURAn6mDBruT2E?authuser=0&hl=iw&rclk=1
34.8599306,32.2781416,נתניה,שווארמה הנביאים - עיוני,4.2,713,48,52,59,72,22,27,14,23,9,True,estimated,"Estimated prices, not verified from menu.",https://www.google.com/maps/place/%D7%A9%D7%95%D7%95%D7%90%D7%A8%D7%9E%D7%94+%D7%94%D7%A0%D7%91%D7%99%D7%90%D7%99%D7%9D+-+%D7%A2%D7%99%D7%95%D7%A0%D7%99%E2%80%AD/data=!4m7!3m6!1s0x151d4082542bcde3:0x11a54121de90797b!8m2!3d32.2781416!4d34.8599306!16s%2Fg%2F11cnwj817s!19sChIJ480rVIJAHRURe3mQ3iFBpRE?authuser=0&hl=iw&rclk=1
34.8697918,32.3107191,נתניה,שווארמה אקספרס,4.2,32,45,55,62,71,20,29,13,23,10,False,estimated,"Estimated prices, not verified from menu.",https://www.google.com/maps/place/%D7%A9%D7%95%D7%95%D7%90%D7%A8%D7%9E%D7%94+%D7%90%D7%A7%D7%A1%D7%A4%D7%A8%D7%A1%E2%80%AD/data=!4m7!3m6!1s0x151d3f007fe31487:0x4b51360fd1279335!8m2!3d32.3107191!4d34.8697918!16s%2Fg%2F11ycfv0z4l!19sChIJhxTjfwA_HRURNZMn0Q82UUs?authuser=0&hl=iw&rclk=1
34.85824,32.328189,נתניה,שווארמה הכבש ה15,4.1,94,48,54,64,67,20,28,14,22,9,True,estimated,"Estimated prices, not verified from menu.",https://www.google.com/maps/place/%D7%A9%D7%95%D7%95%D7%90%D7%A8%D7%9E%D7%94+%D7%94%D7%9B%D7%91%D7%A9+%D7%9415%E2%80%AD/data=!4m7!3m6!1s0x151d6aaa374b44b1:0x109ee6897a14ddb!8m2!3d32.328189!4d34.85824!16s%2Fg%2F11bx1z0q7f!19sChIJsURLN6pqHRUR202hl2juCQE?authuser=0&hl=iw&rclk=1
34.8596538,32.327632,נתניה,שווארמה-גריל בר ישראלי,4.1,9,43,51,62,65,22,28,14,24,10,True,estimated,"Estimated prices, not verified from menu.",https://www.google.com/maps/place/%D7%A9%D7%95%D7%95%D7%90%D7%A8%D7%9E%D7%94-%D7%92%D7%A8%D7%99%D7%9C+%D7%91%D7%A8+%D7%99%D7%A9%D7%A8%D7%90%D7%9C%D7%99%E2%80%AD/data=!4m7!3m6!1s0x151d6aaa55ed2a85:0xad1d0bb6c9552b75!8m2!3d32.327632!4d34.8596538!16s%2Fg%2F11hdb0k4mm!19sChIJhSrtVapqHRURdStVybYLHa0?authuser=0&hl=iw&rclk=1
34.8556532,32.3276105,נתניה,Nona Shawarma,3.4,5,44,54,58,62,21,29,14,22,9,True,estimated,"Estimated prices, not verified from menu.",https://www.google.com/maps/place/Nona+Shawarma/data=!4m7!3m6!1s0x151d6aa9ea288b53:0x405fcc57daf96715!8m2!3d32.3276105!4d34.8556532!16s%2Fg%2F11h51k4g84!19sChIJU4so6qlqHRURFWf52lfMX0A?authuser=0&hl=iw&rclk=1
34.8572852,32.328963,נתניה,שווארמה כמיל,4.6,16,44,55,55,71,20,27,15,24,10,True,estimated,"Estimated prices, not verified from menu.",https://www.google.com/maps/place/%D7%A9%D7%95%D7%95%D7%90%D7%A8%D7%9E%D7%94+%D7%9B%D7%9E%D7%99%D7%9C%E2%80%AD/data=!4m7!3m6!1s0x151dafdd18171507:0x3ccfdc0782a1be57!8m2!3d32.328963!4d34.8572852!16s%2Fg%2F11m6schkm_!19sChIJBxUXGN2vHRURV76hggfczzw?authuser=0&hl=iw&rclk=1
34.8580879,32.3280955,נתניה,שווארמה בעיר,4.2,13,46,51,58,71,23,31,15,23,10,True,estimated,"Estimated prices, not verified from menu.",https://www.google.com/maps/place/%D7%A9%D7%95%D7%95%D7%90%D7%A8%D7%9E%D7%94+%D7%91%D7%A2%D7%99%D7%A8%E2%80%AD/data=!4m7!3m6!1s0x151d6aaa35dbe2ff:0xdff13bbad815ac5a!8m2!3d32.3280955!4d34.8580879!16s%2Fg%2F1tkn4r8k!19sChIJ_-LbNapqHRURWqwV2Lo78d8?authuser=0&hl=iw&rclk=1
34.9339428,32.3189351,כפר יונה,שווארמה אדיר,3.7,163,46,53,58,66,22,31,15,22,10,True,estimated,"Estimated prices, not verified from menu.",https://www.google.com/maps/place/%D7%A9%D7%95%D7%95%D7%90%D7%A8%D7%9E%D7%94+%D7%90%D7%93%D7%99%D7%A8%E2%80%AD/data=!4m7!3m6!1s0x151d155d2acf2dbb:0x18febb443204b351!8m2!3d32.3189351!4d34.9339428!16s%2Fg%2F11t3gbq8pw!19sChIJuy3PKl0VHRURUbMEMkS7_hg?authuser=0&hl=iw&rclk=1
34.9112971,32.2727248,קדימה-צורן,שווארמה בכיכר,4.1,7,44,57,61,62,21,29,14,25,9,True,estimated,"Estimated prices, not verified from menu.",https://www.google.com/maps/place/%D7%A9%D7%95%D7%95%D7%90%D7%A8%D7%9E%D7%94+%D7%91%D7%9B%D7%99%D7%9B%D7%A8%E2%80%AD/data=!4m7!3m6!1s0x151d3e543a52fa9d:0x87b222115c2b25f6!8m2!3d32.2727248!4d34.9112971!16s%2Fg%2F1tcvlmmq!19sChIJnfpSOlQ-HRUR9iUrXBEisoc?authuser=0&hl=iw&rclk=1
34.9827395,32.2943961,קלנסווה,שווארמה מוזהר דרדום,5.0,1,46,53,56,69,22,28,15,23,10,False,estimated,"Estimated prices, not verified from menu.",https://www.google.com/maps/place/%D7%A9%D7%95%D7%95%D7%90%D7%A8%D7%9E%D7%94+%D7%9E%D7%95%D7%96%D7%94%D7%A8+%D7%93%D7%A8%D7%93%D7%95%D7%9D%E2%80%AD/data=!4m7!3m6!1s0x151d170073b63e27:0x53eacb09d0bbacf2!8m2!3d32.2943961!4d34.9827395!16s%2Fg%2F11z363pl8p!19sChIJJz62cwAXHRUR8qy70AnL6lM?authuser=0&hl=iw&rclk=1
34.8882771,32.2688979,אבן יהודה,אלוף השוארמה,4.4,86,44,53,59,63,21,27,15,21,9,True,estimated,"Estimated prices, not verified from menu.",https://www.google.com/maps/place/%D7%90%D7%9C%D7%95%D7%A3+%D7%94%D7%A9%D7%95%D7%90%D7%A8%D7%9E%D7%94%E2%80%AD/data=!4m7!3m6!1s0x151d3fca48ae66c5:0xf6d54ca32dcf74fb!8m2!3d32.2688979!4d34.8882771!16s%2Fg%2F11ww7_4t52!19sChIJxWauSMo_HRUR-3TPLaNM1fY?authuser=0&hl=iw&rclk=1
34.9329133,32.3123427,כפר יונה,שווארמה קמרה כפר יונה,4.8,39,47,50,59,65,21,28,15,23,10,False,estimated,"Estimated prices, not verified from menu.",https://www.google.com/maps/place/%D7%A9%D7%95%D7%95%D7%90%D7%A8%D7%9E%D7%94+%D7%A7%D7%9E%D7%A8%D7%94+%D7%9B%D7%A4%D7%A8+%D7%99%D7%95%D7%A0%D7%94%E2%80%AD/data=!4m7!3m6!1s0x151d153d116771d1:0x94e422d0b8b27d40!8m2!3d32.3123427!4d34.9329133!16s%2Fg%2F11z3k_hls8!19sChIJ0XFnET0VHRURQH2yuNAi5JQ?authuser=0&hl=iw&rclk=1
34.6388687,31.7710545,אשדוד,שווארמה טייב,4.5,131,49,52,60,64,21,30,13,22,9,,estimated,"Estimated prices, not verified from menu.",https://www.google.com/maps/place/%D7%A9%D7%95%D7%95%D7%90%D7%A8%D7%9E%D7%94+%D7%98%D7%99%D7%99%D7%91%E2%80%AD/data=!4m7!3m6!1s0x1502a30025f53b6d:0xdde94b7a6fbf35fa!8m2!3d31.7710545!4d34.6388687!16s%2Fg%2F11xsqdf1bj!19sChIJbTv1JQCjAhUR-jW_b3pL6d0?authuser=0&hl=iw&rclk=1
34.6421283,31.7881195,אשדוד,שווארמה פאפי אשדוד,4.6,17,46,53,63,65,21,30,14,21,10,True,estimated,"Estimated prices, not verified from menu.",https://www.google.com/maps/place/%D7%A9%D7%95%D7%95%D7%90%D7%A8%D7%9E%D7%94+%D7%A4%D7%90%D7%A4%D7%99+%D7%90%D7%A9%D7%93%D7%95%D7%93%E2%80%AD/data=!4m7!3m6!1s0x1502a30167ddd439:0xd47ba65fcb15c023!8m2!3d31.7881195!4d34.6421283!16s%2Fg%2F11n3cwggmf!19sChIJOdTdZwGjAhURI8AVy1-me9Q?authuser=0&hl=iw&rclk=1
34.6386678,31.7809597,אשדוד,בוטרא - שוארמה רובע י'ב אשדוד,4.5,499,44,51,62,63,21,28,15,22,9,True,estimated,"Estimated prices, not verified from menu.",https://www.google.com/maps/place/%D7%91%D7%95%D7%98%D7%A8%D7%90+-+%D7%A9%D7%95%D7%90%D7%A8%D7%9E%D7%94+%D7%A8%D7%95%D7%91%D7%A2+%D7%99%27%D7%91+%D7%90%D7%A9%D7%93%D7%95%D7%93%E2%80%AD/data=!4m7!3m6!1s0x1502a258d22081df:0xcc8e9f11edc6a8d1!8m2!3d31.7809597!4d34.6386678!16s%2Fg%2F11hbnlfbmf!19sChIJ34Eg0liiAhUR0ajG7RGfjsw?authuser=0&hl=iw&rclk=1
34.6748967,31.8274765,אשדוד,שווארמה שמעוני אשדוד,3.9,125,46,54,59,71,20,30,13,22,10,False,estimated,"Estimated prices, not verified from menu.",https://www.google.com/maps/place/%D7%A9%D7%95%D7%95%D7%90%D7%A8%D7%9E%D7%94+%D7%A9%D7%9E%D7%A2%D7%95%D7%A0%D7%99+%D7%90%D7%A9%D7%93%D7%95%D7%93%E2%80%AD/data=!4m7!3m6!1s0x1502a3a02f0a89bb:0xfb8a5df4c7c2e666!8m2!3d31.8274765!4d34.6748967!16s%2Fg%2F11svgg6bnk!19sChIJu4kKL6CjAhURZubCx_Rdivs?authuser=0&hl=iw&rclk=1
34.6410258,31.8007592,אשדוד,שווארמה גריל בר אשדוד,4.6,18,45,49,63,67,21,27,13,24,9,True,estimated,"Estimated prices, not verified from menu.",https://www.google.com/maps/place/%D7%A9%D7%95%D7%95%D7%90%D7%A8%D7%9E%D7%94+%D7%92%D7%A8%D7%99%D7%9C+%D7%91%D7%A8+%D7%90%D7%A9%D7%93%D7%95%D7%93%E2%80%AD/data=!4m7!3m6!1s0x1502a3d6f4ce6517:0x1ad49b98bc9762b1!8m2!3d31.8007592!4d34.6410258!16s%2Fg%2F11jb7dnmjx!19sChIJF2XO9NajAhURsWKXvJib1Bo?authuser=0&hl=iw&rclk=1
34.6458987,31.8079849,אשדוד,השווארמה של אילן,4.0,139,45,53,55,65,20,29,14,21,10,False,estimated,"Estimated prices, not verified from menu.",https://www.google.com/maps/place/%D7%94%D7%A9%D7%95%D7%95%D7%90%D7%A8%D7%9E%D7%94+%D7%A9%D7%9C+%D7%90%D7%99%D7%9C%D7%9F%E2%80%AD/data=!4m7!3m6!1s0x1502a3095b627769:0x430c58edf93de830!8m2!3d31.8079849!4d34.6458987!16s%2Fg%2F11f15cg0t0!19sChIJaXdiWwmjAhURMOg9-e1YDEM?authuser=0&hl=iw&rclk=1
35.0579948,32.8301172,חיפה,שווארמה פלאפל צבר,1.8,5,48,49,61,69,21,30,15,24,9,True,estimated,"Estimated prices, not verified from menu.",https://www.google.com/maps/place/%D7%A9%D7%95%D7%95%D7%90%D7%A8%D7%9E%D7%94+%D7%A4%D7%9C%D7%90%D7%A4%D7%9C+%D7%A6%D7%91%D7%A8%E2%80%AD/data=!4m7!3m6!1s0x151db7465516716b:0xd0b40311403e90cd!8m2!3d32.8301172!4d35.0579948!16s%2Fg%2F11b6v9xq5d!19sChIJa3EWVUa3HRURzZA-QBEDtNA?authuser=0&hl=iw&rclk=1
34.6366338,31.7777688,אשדוד,השווארמה של הרי,4.3,41,48,54,62,64,21,28,13,22,9,False,estimated,"Estimated prices, not verified from menu.",https://www.google.com/maps/place/%D7%94%D7%A9%D7%95%D7%95%D7%90%D7%A8%D7%9E%D7%94+%D7%A9%D7%9C+%D7%94%D7%A8%D7%99%E2%80%AD/data=!4m7!3m6!1s0x1502a377ccdf9239:0x26da73ec521cc6d5!8m2!3d31.7777688!4d34.6366338!16s%2Fg%2F11s9jncjnb!19sChIJOZLfzHejAhUR1cYcUuxz2iY?authuser=0&hl=iw&rclk=1
34.6386678,31.7809597,אשדוד,בגטוס - שווארמה ובשרים,4.1,170,42,50,58,66,20,29,13,22,10,True,estimated,"Estimated prices, not verified from menu.",https://www.google.com/maps/place/%D7%91%D7%92%D7%98%D7%95%D7%A1+-+%D7%A9%D7%95%D7%95%D7%90%D7%A8%D7%9E%D7%94+%D7%95%D7%91%D7%A9%D7%A8%D7%99%D7%9D%E2%80%AD/data=!4m7!3m6!1s0x1502a2592fbe0c47:0xea684fd1c223d663!8m2!3d31.7809597!4d34.6386678!16s%2Fg%2F11hzsvt_fr!19sChIJRwy-L1miAhURY9YjwtFPaOo?authuser=0&hl=iw&rclk=1
34.665917,31.7666141,אשדוד,שווארמה גרבולי,4.3,324,47,49,59,63,21,27,14,22,9,True,estimated,"Estimated prices, not verified from menu.",https://www.google.com/maps/place/%D7%A9%D7%95%D7%95%D7%90%D7%A8%D7%9E%D7%94+%D7%92%D7%A8%D7%91%D7%95%D7%9C%D7%99%E2%80%AD/data=!4m7!3m6!1s0x1502a2bfbd9503c3:0x26cd617a709f9969!8m2!3d31.7666141!4d34.665917!16s%2Fg%2F11d_8t30zf!19sChIJwwOVvb-iAhURaZmfcHphzSY?authuser=0&hl=iw&rclk=1
34.639275,31.7945475,אשדוד,ביג שווארמה בראשית,3.1,33,44,56,58,66,21,29,13,23,9,True,estimated,"Estimated prices, not verified from menu.",https://www.google.com/maps/place/%D7%91%D7%99%D7%92+%D7%A9%D7%95%D7%95%D7%90%D7%A8%D7%9E%D7%94+%D7%91%D7%A8%D7%90%D7%A9%D7%99%D7%AA%E2%80%AD/data=!4m7!3m6!1s0x1502a2554c87d7f5:0x4bc5656e713207ce!8m2!3d31.7945475!4d34.639275!16s%2Fg%2F11h282xptb!19sChIJ9deHTFWiAhURzgcycW5lxUs?authuser=0&hl=iw&rclk=1
34.6765413,31.7866778,גן יבנה,שווארמה שמעוני,4.2,3557,48,52,60,65,22,30,13,23,10,False,estimated,"Estimated prices, not verified from menu.",https://www.google.com/maps/place/%D7%A9%D7%95%D7%95%D7%90%D7%A8%D7%9E%D7%94+%D7%A9%D7%9E%D7%A2%D7%95%D7%A0%D7%99%E2%80%AD/data=!4m7!3m6!1s0x1502a328f7c0fb89:0x92f4f8cc103194d!8m2!3d31.7866778!4d34.6765413!16s%2Fg%2F11dxlbxpms!19sChIJifvA9yijAhURTRkDwYxPLwk?authuser=0&hl=iw&rclk=1
34.6399684,31.793971,אשדוד,שווארמה שמש סיטי אשדוד,2.8,4,42,56,57,64,21,27,15,21,9,True,estimated,"Estimated prices, not verified from menu.",https://www.google.com/maps/place/%D7%A9%D7%95%D7%95%D7%90%D7%A8%D7%9E%D7%94+%D7%A9%D7%9E%D7%A9+%D7%A1%D7%99%D7%98%D7%99+%D7%90%D7%A9%D7%93%D7%95%D7%93%E2%80%AD/data=!4m7!3m6!1s0x1502a2553158e6bd:0xd9a6ed20adcc1565!8m2!3d31.793971!4d34.6399684!16s%2Fg%2F1vd3y0lk!19sChIJveZYMVWiAhURZRXMrSDtptk?authuser=0&hl=iw&rclk=1
35.0653764,32.8357627,חיפה,שווארמה החברים,3.7,17,42,50,55,62,22,30,13,21,9,True,estimated,"Estimated prices, not verified from menu.",https://www.google.com/maps/place/%D7%A9%D7%95%D7%95%D7%90%D7%A8%D7%9E%D7%94+%D7%94%D7%97%D7%91%D7%A8%D7%99%D7%9D%E2%80%AD/data=!4m7!3m6!1s0x151db70069a03391:0xe18280cafa8785d3!8m2!3d32.8357627!4d35.0653764!16s%2Fg%2F11x73hdq98!19sChIJkTOgaQC3HRUR04WH-sqAguE?authuser=0&hl=iw&rclk=1
35.0819984,32.6382466,יקנעם,שווארמה המפגש,4.5,50,45,53,54,63,22,27,13,21,10,True,estimated,"Estimated prices, not verified from menu.",https://www.google.com/maps/place/%D7%A9%D7%95%D7%95%D7%90%D7%A8%D7%9E%D7%94+%D7%94%D7%9E%D7%A4%D7%92%D7%A9%E2%80%AD/data=!4m7!3m6!1s0x151da968db28016d:0xd1be6481c83fdf7e!8m2!3d32.6382466!4d35.0819984!16s%2Fg%2F11ldvxdxjs!19sChIJbQEo22ipHRURft8_yIFkvtE?authuser=0&hl=iw&rclk=1
34.6529973,31.8060118,אשדוד,פלאפל שווארמה אשדוד,4.0,1,48,49,59,61,20,27,14,23,10,True,estimated,"Estimated prices, not verified from menu.",https://www.google.com/maps/place/%D7%A4%D7%9C%D7%90%D7%A4%D7%9C+%D7%A9%D7%95%D7%95%D7%90%D7%A8%D7%9E%D7%94+%D7%90%D7%A9%D7%93%D7%95%D7%93%E2%80%AD/data=!4m7!3m6!1s0x1502a32c517a1d85:0xe681801f092c0d44!8m2!3d31.8060118!4d34.6529973!16s%2Fg%2F11llhx8r4d!19sChIJhR16USyjAhURRA0sCR-AgeY?authuser=0&hl=iw&rclk=1
34.5867181,31.6654445,אשקלון,שווארמה ראש העיר,4.3,1685,42,52,55,62,21,27,13,23,9,True,estimated,"Estimated prices, not verified from menu.",https://www.google.com/maps/place/%D7%A9%D7%95%D7%95%D7%90%D7%A8%D7%9E%D7%94+%D7%A8%D7%90%D7%A9+%D7%94%D7%A2%D7%99%D7%A8%E2%80%AD/data=!4m7!3m6!1s0x15029c71eb6b6b0f:0x7a609a0618a91c9c!8m2!3d31.6654445!4d34.5867181!16s%2Fg%2F11b6vc6m5b!19sChIJD2tr63GcAhURnBypGAaaYHo?authuser=0&hl=iw&rclk=1
34.7011487,31.817725,אשדוד,אריסטו פוד שווארמה,4.6,37,46,48,54,67,21,26,14,21,9,False,estimated,"Estimated prices, not verified from menu.",https://www.google.com/maps/place/%D7%90%D7%A8%D7%99%D7%A1%D7%98%D7%95+%D7%A4%D7%95%D7%93+%D7%A9%D7%95%D7%95%D7%90%D7%A8%D7%9E%D7%94%E2%80%AD/data=!4m7!3m6!1s0x1502bbd607404777:0x89b3a960f1dc9427!8m2!3d31.817725!4d34.7011487!16s%2Fg%2F11j8skt4js!19sChIJd0dAB9a7AhURJ5Tc8WCps4k?authuser=0&hl=iw&rclk=1
34.7486658,31.7293585,קרית מלאכי,השווארמה שלי מהדרין,4.0,60,45,54,57,61,21,28,13,21,10,True,estimated,"Estimated prices, not verified from menu.",https://www.google.com/maps/place/%D7%94%D7%A9%D7%95%D7%95%D7%90%D7%A8%D7%9E%D7%94+%D7%A9%D7%9C%D7%99+%D7%9E%D7%94%D7%93%D7%A8%D7%99%D7%9F%E2%80%AD/data=!4m7!3m6!1s0x1502bd6d9bb8050f:0xf3f63cd0e7b92d22!8m2!3d31.7293585!4d34.7486658!16s%2Fg%2F11ft0_vxqj!19sChIJDwW4m229AhURIi2559A89vM?authuser=0&hl=iw&rclk=1
34.8115104,31.8950981,רחובות,אגבבה - שווארמה שמש רחובות,4.2,187,42,52,55,68,20,30,14,24,9,True,estimated,"Estimated prices, not verified from menu.",https://www.google.com/maps/place/%D7%90%D7%92%D7%91%D7%91%D7%94+-+%D7%A9%D7%95%D7%95%D7%90%D7%A8%D7%9E%D7%94+%D7%A9%D7%9E%D7%A9+%D7%A8%D7%97%D7%95%D7%91%D7%95%D7%AA%E2%80%AD/data=!4m7!3m6!1s0x1502b79f4db0f315:0x642fdf570d2062c7!8m2!3d31.8950981!4d34.8115104!16s%2Fg%2F11l6tj889_!19sChIJFfOwTZ-3AhURx2IgDVffL2Q?authuser=0&hl=iw&rclk=1
34.6433083,31.7876022,אשדוד,שווארמה מירבי ואביתר,,1,48,48,57,69,21,29,13,24,9,True,estimated,"Estimated prices, not verified from menu.",https://www.google.com/maps/place/%D7%A9%D7%95%D7%95%D7%90%D7%A8%D7%9E%D7%94+%D7%9E%D7%99%D7%A8%D7%91%D7%99+%D7%95%D7%90%D7%91%D7%99%D7%AA%D7%A8%E2%80%AD/data=!4m7!3m6!1s0x1502a2f8ee465c71:0x762af38bb44c8875!8m2!3d31.7876022!4d34.6433083!16s%2Fg%2F11b6v83whk!19sChIJcVxG7viiAhURdYhMtIvzKnY?authuser=0&hl=iw&rclk=1
34.7711911,31.816655,גדרה,בארכה שווארמה והגריל סניף גדרה,4.3,6009,42,50,63,68,21,27,15,21,10,True,estimated,"Estimated prices, not verified from menu.",https://www.google.com/maps/place/%D7%91%D7%90%D7%A8%D7%9B%D7%94+%D7%A9%D7%95%D7%95%D7%90%D7%A8%D7%9E%D7%94+%D7%95%D7%94%D7%92%D7%A8%D7%99%D7%9C+%D7%A1%D7%A0%D7%99%D7%A3+%D7%92%D7%93%D7%A8%D7%94%E2%80%AD/data=!4m7!3m6!1s0x1502bbe458b1d2f7:0x99596fc93063e4d2!8m2!3d31.816655!4d34.7711911!16s%2Fg%2F11b6vcdhy3!19sChIJ99KxWOS7AhUR0uRjMMlvWZk?authuser=0&hl=iw&rclk=1
35.0884282,32.8346072,קרית ביאליק,פלאפל שווארמה אמסלם,4.3,38,44,55,54,64,22,30,14,24,9,True,estimated,"Estimated prices, not verified from menu.",https://www.google.com/maps/place/%D7%A4%D7%9C%D7%90%D7%A4%D7%9C+%D7%A9%D7%95%D7%95%D7%90%D7%A8%D7%9E%D7%94+%D7%90%D7%9E%D7%A1%D7%9C%D7%9D%E2%80%AD/data=!4m7!3m6!1s0x151db6e387c8f707:0xb21094a9111a20b6!8m2!3d32.8346072!4d35.0884282!16s%2Fg%2F1tg3dyzc!19sChIJB_fIh-O2HRURtiAaEamUELI?authuser=0&hl=iw&rclk=1
34.9636875,32.7605909,מגדים,שוארמה סטקיית העיר,4.8,765,49,52,57,64,22,30,15,22,9,False,estimated,"Estimated prices, not verified from menu.",https://www.google.com/maps/place/%D7%A9%D7%95%D7%90%D7%A8%D7%9E%D7%94+%D7%A1%D7%98%D7%A7%D7%99%D7%99%D7%AA+%D7%94%D7%A2%D7%99%D7%A8%E2%80%AD/data=!4m7!3m6!1s0x151da5bac3be666f:0xf9c2db3a2d1f49bf!8m2!3d32.7605909!4d34.9636875!16s%2Fg%2F11k1d6fkvc!19sChIJb2a-w7qlHRURv0kfLTrbwvk?authuser=0&hl=iw&rclk=1
34.5648686,31.6653219,אשקלון,שווארמה אשקלון,4.0,132,48,49,60,63,20,28,14,23,9,True,estimated,"Estimated prices, not verified from menu.",https://www.google.com/maps/place/%D7%A9%D7%95%D7%95%D7%90%D7%A8%D7%9E%D7%94+%D7%90%D7%A9%D7%A7%D7%9C%D7%95%D7%9F%E2%80%AD/data=!4m7!3m6!1s0x15029c5a5a537d09:0x887eeab21c477739!8m2!3d31.6653219!4d34.5648686!16s%2Fg%2F11hzsvsld0!19sChIJCX1TWlqcAhUROXdHHLLqfog?authuser=0&hl=iw&rclk=1
34.5698304,31.6747021,אשקלון,שווארמה נובי אשקלון,4.0,436,44,54,60,64,21,28,15,22,8,True,estimated,"Estimated prices, not verified from menu.",https://www.google.com/maps/place/%D7%A9%D7%95%D7%95%D7%90%D7%A8%D7%9E%D7%94+%D7%A0%D7%95%D7%91%D7%99+%D7%90%D7%A9%D7%A7%D7%9C%D7%95%D7%9F%E2%80%AD/data=!4m7!3m6!1s0x15029c4125e95199:0xa4c3b8f4091d03!8m2!3d31.6747021!4d34.5698304!16s%2Fg%2F1vttzzmx!19sChIJmVHpJUGcAhURAx0J9LjDpAA?authuser=0&hl=iw&rclk=1
34.5742523,31.6687885,אשקלון,שווארמה ביג,5.0,3,44,50,61,69,20,28,13,23,9,False,estimated,"Estimated prices, not verified from menu.",https://www.google.com/maps/place/%D7%A9%D7%95%D7%95%D7%90%D7%A8%D7%9E%D7%94+%D7%91%D7%99%D7%92%E2%80%AD/data=!4m7!3m6!1s0x15029c426e0ff505:0xb7d2543ea61f7ffd!8m2!3d31.6687885!4d34.5742523!16s%2Fg%2F11b6v9fs9s!19sChIJBfUPbkKcAhUR_X8fpj5U0rc?authuser=0&hl=iw&rclk=1
34.6008756,31.6590072,אשקלון,שווארמה גרבולי,4.1,571,41,50,57,69,19,29,14,23,10,False,estimated,"Estimated prices, not verified from menu.",https://www.google.com/maps/place/%D7%A9%D7%95%D7%95%D7%90%D7%A8%D7%9E%D7%94+%D7%92%D7%A8%D7%91%D7%95%D7%9C%D7%99%E2%80%AD/data=!4m7!3m6!1s0x15029be49dc5b139:0xd366c1640cf6b510!8m2!3d31.6590072!4d34.6008756!16s%2Fg%2F11fhv419dq!19sChIJObHFneSbAhURELX2DGTBZtM?authuser=0&hl=iw&rclk=1
34.5759479,31.69103,אשקלון,שווארמה טובול חדש,4.0,361,47,47,53,60,20,26,14,23,9,True,estimated,"Estimated prices, not verified from menu.",https://www.google.com/maps/place/%D7%A9%D7%95%D7%95%D7%90%D7%A8%D7%9E%D7%94+%D7%98%D7%95%D7%91%D7%95%D7%9C+%D7%97%D7%93%D7%A9%E2%80%AD/data=!4m7!3m6!1s0x15029dcfef44b6cb:0x52643f7da286e4df!8m2!3d31.69103!4d34.5759479!16s%2Fg%2F11krvlrvfh!19sChIJy7ZE78-dAhUR3-SGon0_ZFI?authuser=0&hl=iw&rclk=1
34.5701588,31.6796271,אשקלון,שווארמה שמשוני,3.2,9,44,54,59,68,21,25,14,21,10,False,estimated,"Estimated prices, not verified from menu.",https://www.google.com/maps/place/%D7%A9%D7%95%D7%95%D7%90%D7%A8%D7%9E%D7%94+%D7%A9%D7%9E%D7%A9%D7%95%D7%A0%D7%99%E2%80%AD/data=!4m7!3m6!1s0x15029d6f362ee90d:0x9fd9602baf448ea8!8m2!3d31.6796271!4d34.5701588!16s%2Fg%2F11j0twlmw4!19sChIJDekuNm-dAhURqI5Erytg2Z8?authuser=0&hl=iw&rclk=1
34.5672426,31.664271,אשקלון,שווארמה לשובע,5.0,1,48,52,54,64,21,28,15,21,9,True,estimated,"Estimated prices, not verified from menu.",https://www.google.com/maps/place/%D7%A9%D7%95%D7%95%D7%90%D7%A8%D7%9E%D7%94+%D7%9C%D7%A9%D7%95%D7%91%D7%A2%E2%80%AD/data=!4m7!3m6!1s0x15029c5bb050a2c9:0xaf71ba8b1f9036fd!8m2!3d31.664271!4d34.5672426!16s%2Fg%2F11b6vd316s!19sChIJyaJQsFucAhUR_TaQH4u6ca8?authuser=0&hl=iw&rclk=1
34.5896072,31.661353,אשקלון,שווארמה הפעמון - Shawarma hapaamon,4.1,39,44,47,53,67,20,29,15,23,9,True,estimated,"Estimated prices, not verified from menu.",https://www.google.com/maps/place/%D7%A9%D7%95%D7%95%D7%90%D7%A8%D7%9E%D7%94+%D7%94%D7%A4%D7%A2%D7%9E%D7%95%D7%9F+-+Shawarma+hapaamon%E2%80%AD/data=!4m7!3m6!1s0x15029d7aaec9d8e9:0xa5d856426e40118a!8m2!3d31.661353!4d34.5896072!16s%2Fg%2F11x739fmcq!19sChIJ6djJrnqdAhURihFAbkJW2KU?authuser=0&hl=iw&rclk=1
34.5874618,31.6651968,אשקלון,מלך השווארמה,3.8,29,43,52,58,63,20,28,14,21,10,True,estimated,"Estimated prices, not verified from menu.",https://www.google.com/maps/place/%D7%9E%D7%9C%D7%9A+%D7%94%D7%A9%D7%95%D7%95%D7%90%D7%A8%D7%9E%D7%94%E2%80%AD/data=!4m7!3m6!1s0x15029df7b69d6081:0x7172478c78bd85f5!8m2!3d31.6651968!4d34.5874618!16s%2Fg%2F11n33sft39!19sChIJgWCdtvedAhUR9YW9eIxHcnE?authuser=0&hl=iw&rclk=1
34.5698533,31.668001,אשקלון,אליקוס שווארמה וגריל ישראלי,4.0,852,45,47,57,69,22,28,13,21,10,True,estimated,"Estimated prices, not verified from menu.",https://www.google.com/maps/place/%D7%90%D7%9C%D7%99%D7%A7%D7%95%D7%A1+%D7%A9%D7%95%D7%95%D7%90%D7%A8%D7%9E%D7%94+%D7%95%D7%92%D7%A8%D7%99%D7%9C+%D7%99%D7%A9%D7%A8%D7%90%D7%9C%D7%99%E2%80%AD/data=!4m7!3m6!1s0x15029c435b945f71:0xc79758009faa5c18!8m2!3d31.668001!4d34.5698533!16s%2Fg%2F1wrmhnwy!19sChIJcV-UW0OcAhURGFyqnwBYl8c?authuser=0&hl=iw&rclk=1
34.5644991,31.5881867,אשקלון,שווארמה גרבולי יד מרדכי כשר,4.1,32,41,51,56,63,19,29,13,24,10,False,estimated,"Estimated prices, not verified from menu.",https://www.google.com/maps/place/%D7%A9%D7%95%D7%95%D7%90%D7%A8%D7%9E%D7%94+%D7%92%D7%A8%D7%91%D7%95%D7%9C%D7%99+%D7%99%D7%93+%D7%9E%D7%A8%D7%93%D7%9B%D7%99+%D7%9B%D7%A9%D7%A8%E2%80%AD/data=!4m7!3m6!1s0x1502831b0a151497:0x9db5cf09b33a741b!8m2!3d31.5881867!4d34.5644991!16s%2Fg%2F11kqn434h9!19sChIJlxQVChuDAhURG3Q6swnPtZ0?authuser=0&hl=iw&rclk=1
34.7674152,32.0231766,חולון,שווארמה חצי חינם,3.9,287,50,58,60,68,22,31,14,22,9,False,estimated,"Estimated prices, not verified from menu.",https://www.google.com/maps/place/%D7%A9%D7%95%D7%95%D7%90%D7%A8%D7%9E%D7%94+%D7%97%D7%A6%D7%99+%D7%97%D7%99%D7%A0%D7%9D%E2%80%AD/data=!4m7!3m6!1s0x1502b35a4a9ccf65:0xba4d34317b8ecd1!8m2!3d32.0231766!4d34.7674152!16s%2Fg%2F11c6lty0jz!19sChIJZc-cSlqzAhUR0ey4F0PTpAs?authuser=0&hl=iw&rclk=1
34.7791607,32.0128885,חולון,שווארמה,4.0,7,50,54,63,68,23,28,15,22,10,True,estimated,"Estimated prices, not verified from menu.",https://www.google.com/maps/place/%D7%A9%D7%95%D7%95%D7%90%D7%A8%D7%9E%D7%94%E2%80%AD/data=!4m7!3m6!1s0x1502b4a1f3c358b1:0xdc19285f86d5e08f!8m2!3d32.0128885!4d34.7791607!16s%2Fg%2F11bbrlbsp0!19sChIJsVjD86G0AhURj-DVhl8oGdw?authuser=0&hl=iw&rclk=1
34.7449577,32.0169824,בת ים,הטאבון והשווארמה,4.2,346,50,50,63,68,22,30,15,23,10,False,estimated,"Estimated prices, not verified from menu.",https://www.google.com/maps/place/%D7%94%D7%98%D7%90%D7%91%D7%95%D7%9F+%D7%95%D7%94%D7%A9%D7%95%D7%95%D7%90%D7%A8%D7%9E%D7%94%E2%80%AD/data=!4m7!3m6!1s0x1502b312412a4c39:0x7aec6e54eb4273e1!8m2!3d32.0169824!4d34.7449577!16s%2Fg%2F11b6vhjqm5!19sChIJOUwqQRKzAhUR4XNC61Ru7Ho?authuser=0&hl=iw&rclk=1
34.7694532,32.0233991,חולון,לייפ בודרום- שווארמה,,1,45,55,63,73,20,27,16,24,10,True,estimated,"Estimated prices, not verified from menu.",https://www.google.com/maps/place/%D7%9C%D7%99%D7%99%D7%A4+%D7%91%D7%95%D7%93%D7%A8%D7%95%D7%9D-+%D7%A9%D7%95%D7%95%D7%90%D7%A8%D7%9E%D7%94%E2%80%AD/data=!4m7!3m6!1s0x1502b3599171a8eb:0x61ce97453872570c!8m2!3d32.0233991!4d34.7694532!16s%2Fg%2F1vhjwbwy!19sChIJ66hxkVmzAhURDFdyOEWXzmE?authuser=0&hl=iw&rclk=1
34.8100223,32.0532459,תל אביב,שווארמה לב הכפר,5.0,14,46,54,56,70,20,28,15,25,10,True,estimated,"Estimated prices, not verified from menu.",https://www.google.com/maps/place/%D7%A9%D7%95%D7%95%D7%90%D7%A8%D7%9E%D7%94+%D7%9C%D7%91+%D7%94%D7%9B%D7%A4%D7%A8%E2%80%AD/data=!4m7!3m6!1s0x151d4b37c6bdfcc7:0x8ff1f15d7a719786!8m2!3d32.0532459!4d34.8100223!16s%2Fg%2F11n9p59j9w!19sChIJx_y9xjdLHRURhpdxel3x8Y8?authuser=0&hl=iw&rclk=1
34.8020387,32.0176141,חולון,שווארמה הטאבון,3.8,29,49,52,64,65,21,28,14,23,10,False,estimated,"Estimated prices, not verified from menu.",https://www.google.com/maps/place/%D7%A9%D7%95%D7%95%D7%90%D7%A8%D7%9E%D7%94+%D7%94%D7%98%D7%90%D7%91%D7%95%D7%9F%E2%80%AD/data=!4m7!3m6!1s0x1502b4ced3e0289d:0x464d100d4478cace!8m2!3d32.0176141!4d34.8020387!16s%2Fg%2F11c2p9qhbl!19sChIJnSjg0860AhURzsp4RA0QTUY?authuser=0&hl=iw&rclk=1
34.7930573,32.0051409,חולון,שווארמה השכונה,3.8,4,44,58,61,64,20,27,16,25,9,True,estimated,"Estimated prices, not verified from menu.",https://www.google.com/maps/place/%D7%A9%D7%95%D7%95%D7%90%D7%A8%D7%9E%D7%94+%D7%94%D7%A9%D7%9B%D7%95%D7%A0%D7%94%E2%80%AD/data=!4m7!3m6!1s0x1502b5858893f417:0x731102335e32f141!8m2!3d32.0051409!4d34.7930573!16s%2Fg%2F11sv7cltkn!19sChIJF_STiIW1AhURQfEyXjMCEXM?authuser=0&hl=iw&rclk=1
34.7784912,32.008838,חולון,שווארמה & בורגר,3.8,5,51,52,62,65,23,29,14,25,10,True,estimated,"Estimated prices, not verified from menu.",https://www.google.com/maps/place/%D7%A9%D7%95%D7%95%D7%90%D7%A8%D7%9E%D7%94+%26+%D7%91%D7%95%D7%A8%D7%92%D7%A8%E2%80%AD/data=!4m7!3m6!1s0x1502b50c43817159:0xd1aa83cbd9259115!8m2!3d32.008838!4d34.7784912!16s%2Fg%2F11fjs91t29!19sChIJWXGBQwy1AhURFZEl2cuDqtE?authuser=0&hl=iw&rclk=1
34.7563688,32.0152578,בת ים,Shawarma grill bar.,5.0,3,48,58,64,71,20,29,16,22,10,True,estimated,"Estimated prices, not verified from menu.",https://www.google.com/maps/place/Shawarma+grill+bar./data=!4m7!3m6!1s0x1502b30012d3d143:0x70a7fdee6d491f98!8m2!3d32.0152578!4d34.7563688!16s%2Fg%2F11mkzr83g0!19sChIJQ9HTEgCzAhURmB9Jbe79p3A?authuser=0&hl=iw&rclk=1
34.7449577,32.0169824,בת ים,שווארמה מפגש טורקי,4.0,10,46,56,58,63,21,30,15,25,10,False,estimated,"Estimated prices, not verified from menu.",https://www.google.com/maps/place/%D7%A9%D7%95%D7%95%D7%90%D7%A8%D7%9E%D7%94+%D7%9E%D7%A4%D7%92%D7%A9+%D7%98%D7%95%D7%A8%D7%A7%D7%99%E2%80%AD/data=!4m7!3m6!1s0x1502b311378ed021:0x74a96a86e3ad3fc4!8m2!3d32.0169824!4d34.7449577!16s%2Fg%2F11fnwhdkw4!19sChIJIdCONxGzAhURxD-t44ZqqXQ?authuser=0&hl=iw&rclk=1
34.758387,32.0203719,בת ים,שווארמה סיני,4.2,5,45,52,63,68,21,27,16,22,9,True,estimated,"Estimated prices, not verified from menu.",https://www.google.com/maps/place/%D7%A9%D7%95%D7%95%D7%90%D7%A8%D7%9E%D7%94+%D7%A1%D7%99%D7%A0%D7%99%E2%80%AD/data=!4m7!3m6!1s0x1502b3e0f838111d:0xc148090f58a4665a!8m2!3d32.0203719!4d34.758387!16s%2Fg%2F11xlkj_c5b!19sChIJHRE4-OCzAhURWmakWA8JSME?authuser=0&hl=iw&rclk=1
34.7574172,32.0212031,בת ים,שווארמה נעים,3.0,2,49,52,64,65,21,29,15,24,10,True,estimated,"Estimated prices, not verified from menu.",https://www.google.com/maps/place/%D7%A9%D7%95%D7%95%D7%90%D7%A8%D7%9E%D7%94+%D7%A0%D7%A2%D7%99%D7%9D%E2%80%AD/data=!4m7!3m6!1s0x1502b3417dfb297f:0x6e36ec2c828097b9!8m2!3d32.0212031!4d34.7574172!16s%2Fg%2F11b6v8j1db!19sChIJfyn7fUGzAhURuZeAgizsNm4?authuser=0&hl=iw&rclk=1
34.9486495,32.1530036,ג'לג'וליה,שווארמה אחים ג'יוסי,4.5,143,45,54,59,71,21,28,13,25,10,False,estimated,"Estimated prices, not verified from menu.",https://www.google.com/maps/place/%D7%A9%D7%95%D7%95%D7%90%D7%A8%D7%9E%D7%94+%D7%90%D7%97%D7%99%D7%9D+%D7%92%27%D7%99%D7%95%D7%A1%D7%99%E2%80%AD/data=!4m7!3m6!1s0x151d3923f8e87e61:0x4b660c2d11d6e34c!8m2!3d32.1530036!4d34.9486495!16s%2Fg%2F11fr0q7r9x!19sChIJYX7o-CM5HRURTOPWES0MZks?authuser=0&hl=iw&rclk=1
34.8037183,32.0839786,גבעתיים,שווארמה-גריל בר,3.9,8,44,49,56,71,22,28,15,24,9,True,estimated,"Estimated prices, not verified from menu.",https://www.google.com/maps/place/%D7%A9%D7%95%D7%95%D7%90%D7%A8%D7%9E%D7%94-%D7%92%D7%A8%D7%99%D7%9C+%D7%91%D7%A8%E2%80%AD/data=!4m7!3m6!1s0x151d4bb899ff93a5:0x2071c0c4fabfed9e!8m2!3d32.0839786!4d34.8037183!16s%2Fg%2F11c1wk04sz!19sChIJpZP_mbhLHRURnu2_-sTAcSA?authuser=0&hl=iw&rclk=1
34.8196812,32.0745576,רמת גן,דודאלה - מפגש העיר (שווארמה ובשרים ואוכל מוכן בשישי)),5.0,98,49,57,71,71,24,33,17,27,11,False,estimated,"Estimated prices, not verified from menu.",https://www.google.com/maps/place/%D7%93%D7%95%D7%93%D7%90%D7%9C%D7%94+-+%D7%9E%D7%A4%D7%92%D7%A9+%D7%94%D7%A2%D7%99%D7%A8+%28%D7%A9%D7%95%D7%95%D7%90%D7%A8%D7%9E%D7%94+%D7%95%D7%91%D7%A9%D7%A8%D7%99%D7%9D+%D7%95%D7%90%D7%95%D7%9B%D7%9C+%D7%9E%D7%95%D7%9B%D7%9F+%D7%91%D7%A9%D7%99%D7%A9%D7%99%29%29%E2%80%AD/data=!4m7!3m6!1s0x151d4b29909f741b:0x8964ffad882a2424!8m2!3d32.0745576!4d34.8196812!16s%2Fg%2F11vpf7fbsv!19sChIJG3SfkClLHRURJCQqiK3_ZIk?authuser=0&hl=iw&rclk=1
34.8267131,32.1003558,בני ברק,שווארמה איילון,2.3,2,48,64,66,70,23,30,16,24,11,True,estimated,"Estimated prices, not verified from menu.",https://www.google.com/maps/place/%D7%A9%D7%95%D7%95%D7%90%D7%A8%D7%9E%D7%94+%D7%90%D7%99%D7%99%D7%9C%D7%95%D7%9F%E2%80%AD/data=!4m7!3m6!1s0x151d49865e2c6d5d:0x4ab38ef64657e30b!8m2!3d32.1003558!4d34.8267131!16s%2Fg%2F11b6vb17_d!19sChIJXW0sXoZJHRURC-NXRvaOs0o?authuser=0&hl=iw&rclk=1
34.8150892,32.0593756,רמת גן,דוידוביץ' שווארמה,4.5,436,53,58,70,71,24,32,15,26,11,True,estimated,"Estimated prices, not verified from menu.",https://www.google.com/maps/place/%D7%93%D7%95%D7%99%D7%93%D7%95%D7%91%D7%99%D7%A5%27+%D7%A9%D7%95%D7%95%D7%90%D7%A8%D7%9E%D7%94%E2%80%AD/data=!4m7!3m6!1s0x151d4b0177b79fcf:0xf95bb0ba6b649288!8m2!3d32.0593756!4d34.8150892!16s%2Fg%2F11xdh_1mqt!19sChIJz5-3dwFLHRURiJJka7qwW_k?authuser=0&hl=iw&rclk=1
35.0382571,32.7925996,חיפה,שווארמה חאזן - צ׳ק פוסט,4.2,1674,54,56,68,76,23,30,15,27,11,True,estimated,"Estimated prices, not verified from menu.",https://www.google.com/maps/place/%D7%A9%D7%95%D7%95%D7%90%D7%A8%D7%9E%D7%94+%D7%97%D7%90%D7%96%D7%9F+-+%D7%A6%D7%B3%D7%A7+%D7%A4%D7%95%D7%A1%D7%98%E2%80%AD/data=!4m7!3m6!1s0x151dba7866a1a45f:0x9150ba827055ad6c!8m2!3d32.7925996!4d35.0382571!16s%2Fg%2F1tcwz845!19sChIJX6ShZni6HRURbK1VcIK6UJE?authuser=0&hl=iw&rclk=1
34.8182991,32.0896627,רמת גן,שווארמה + פלאפל של הרצל,4.7,44,55,57,70,79,22,34,17,28,10,True,estimated,"Estimated prices, not verified from menu.",https://www.google.com/maps/place/%D7%A9%D7%95%D7%95%D7%90%D7%A8%D7%9E%D7%94+%2B+%D7%A4%D7%9C%D7%90%D7%A4%D7%9C+%D7%A9%D7%9C+%D7%94%D7%A8%D7%A6%D7%9C%E2%80%AD/data=!4m7!3m6!1s0x151d4bcded645365:0x75f9123cdd15353b!8m2!3d32.0896627!4d34.8182991!16s%2Fg%2F11rjvzx71y!19sChIJZVNk7c1LHRUROzUV3TwS-XU?authuser=0&hl=iw&rclk=1
34.8029372,32.084557,גבעתיים,מויש שווארמה,,1,51,60,61,73,24,34,16,25,11,True,estimated,"Estimated prices, not verified from menu.",https://www.google.com/maps/place/%D7%9E%D7%95%D7%99%D7%A9+%D7%A9%D7%95%D7%95%D7%90%D7%A8%D7%9E%D7%94%E2%80%AD/data=!4m7!3m6!1s0x151d4bc76175d529:0xedb5be51f7470d35!8m2!3d32.084557!4d34.8029372!16s%2Fg%2F11b6vjgkvg!19sChIJKdV1YcdLHRURNQ1H91G-te0?authuser=0&hl=iw&rclk=1
34.7809417,32.0563743,תל אביב,turkey top shawarma in tel aviv,2.3,3,47,58,65,71,24,30,17,24,10,True,estimated,"Estimated prices, not verified from menu.",https://www.google.com/maps/place/turkey+top+shawarma+in+tel+aviv/data=!4m7!3m6!1s0x151d4b12656ac6dd:0x2f9b2f0f0541835a!8m2!3d32.0563743!4d34.7809417!16s%2Fg%2F11tn147pr5!19sChIJ3cZqZRJLHRURWoNBBQ8vmy8?authuser=0&hl=iw&rclk=1
34.814899,32.0839208,רמת גן,"רמב""ם - שוארמה פלאפל",2.5,8,53,56,63,78,23,30,15,26,11,True,estimated,"Estimated prices, not verified from menu.",https://www.google.com/maps/place/%D7%A8%D7%9E%D7%91%22%D7%9D+-+%D7%A9%D7%95%D7%90%D7%A8%D7%9E%D7%94+%D7%A4%D7%9C%D7%90%D7%A4%D7%9C%E2%80%AD/data=!4m7!3m6!1s0x151d4b00497691ff:0xe26e6b1b1ba451a8!8m2!3d32.0839208!4d34.814899!16s%2Fg%2F11zk18d5xq!19sChIJ_5F2SQBLHRURqFGkGxtrbuI?authuser=0&hl=iw&rclk=1
34.8221413,32.0956351,תל אביב,דבוש שווארמה,3.3,73,52,58,70,73,22,33,17,28,10,True,estimated,"Estimated prices, not verified from menu.",https://www.google.com/maps/place/%D7%93%D7%91%D7%95%D7%A9+%D7%A9%D7%95%D7%95%D7%90%D7%A8%D7%9E%D7%94%E2%80%AD/data=!4m7!3m6!1s0x151d4be1ae943fa9:0x558cd10f6caa3b58!8m2!3d32.0956351!4d34.8221413!16s%2Fg%2F11jxz3891c!19sChIJqT-UruFLHRURWDuqbA_RjFU?authuser=0&hl=iw&rclk=1
34.8317586,32.0934894,בני ברק,מקור השווארמה,3.5,4,49,57,64,63,22,30,14,25,10,False,estimated,"Estimated prices, not verified from menu.",https://www.google.com/maps/place/%D7%9E%D7%A7%D7%95%D7%A8+%D7%94%D7%A9%D7%95%D7%95%D7%90%D7%A8%D7%9E%D7%94%E2%80%AD/data=!4m7!3m6!1s0x151d4a27a032670f:0x317a64e9dc0bcd34!8m2!3d32.0934894!4d34.8317586!16s%2Fg%2F11b6vk4617!19sChIJD2cyoCdKHRURNM0L3OlkejE?authuser=0&hl=iw&rclk=1
35.0770065,32.8507131,קרית ים,שווארמה בעיר,4.2,369,50,57,57,68,20,27,15,23,9,False,estimated,"Estimated prices, not verified from menu.",https://www.google.com/maps/place/%D7%A9%D7%95%D7%95%D7%90%D7%A8%D7%9E%D7%94+%D7%91%D7%A2%D7%99%D7%A8%E2%80%AD/data=!4m7!3m6!1s0x151db75cdd8fd605:0xc096afeb8efcda92!8m2!3d32.8507131!4d35.0770065!16s%2Fg%2F11r7vf7ym0!19sChIJBdaP3Vy3HRURktr8juuvlsA?authuser=0&hl=iw&rclk=1
34.8317586,32.0934894,בני ברק,Mejor shwarma de Israel,,1,49,55,64,70,22,30,14,23,9,False,estimated,"Estimated prices, not verified from menu.",https://www.google.com/maps/place/Mejor+shwarma+de+Israel/data=!4m7!3m6!1s0x151d4b52f314a9e3:0x1da30a2eacc18b64!8m2!3d32.0934894!4d34.8317586!16s%2Fg%2F11h6v342tr!19sChIJ46kU81JLHRURZIvBrC4Kox0?authuser=0&hl=iw&rclk=1
34.8471103,32.1672248,הרצליה,שווארמה צארום הרצליה,4.5,703,57,63,70,76,24,33,16,25,10,True,estimated,"Estimated prices, not verified from menu.",https://www.google.com/maps/place/%D7%A9%D7%95%D7%95%D7%90%D7%A8%D7%9E%D7%94+%D7%A6%D7%90%D7%A8%D7%95%D7%9D+%D7%94%D7%A8%D7%A6%D7%9C%D7%99%D7%94%E2%80%AD/data=!4m7!3m6!1s0x151d493aa23ac6bd:0xf800cf2eb63521c7!8m2!3d32.1672248!4d34.8471103!16s%2Fg%2F11sn_7jdw4!19sChIJvcY6ojpJHRURxyE1ti7PAPg?authuser=0&hl=iw&rclk=1
34.8084548,32.1613453,הרצליה,פיירשטיין שווארמה על גחלים,4.0,266,51,63,66,74,26,32,16,28,11,True,estimated,"Estimated prices, not verified from menu.",https://www.google.com/maps/place/%D7%A4%D7%99%D7%99%D7%A8%D7%A9%D7%98%D7%99%D7%99%D7%9F+%D7%A9%D7%95%D7%95%D7%90%D7%A8%D7%9E%D7%94+%D7%A2%D7%9C+%D7%92%D7%97%D7%9C%D7%99%D7%9D%E2%80%AD/data=!4m7!3m6!1s0x151d48f2c0515c3d:0xbb73f678a16df6fd!8m2!3d32.1613453!4d34.8084548!16s%2Fg%2F11bxg319fk!19sChIJPVxRwPJIHRUR_fZtoXj2c7s?authuser=0&hl=iw&rclk=1
34.8239477,32.1650611,הרצליה,סטריט מיט שווארמה,3.3,40,57,66,71,77,24,33,17,29,12,True,estimated,"Estimated prices, not verified from menu.",https://www.google.com/maps/place/%D7%A1%D7%98%D7%A8%D7%99%D7%98+%D7%9E%D7%99%D7%98+%D7%A9%D7%95%D7%95%D7%90%D7%A8%D7%9E%D7%94%E2%80%AD/data=!4m7!3m6!1s0x151d488a979b504b:0x41609b95a66f61a6!8m2!3d32.1650611!4d34.8239477!16s%2Fg%2F11fzfbvqy1!19sChIJS1Cbl4pIHRURpmFvppWbYEE?authuser=0&hl=iw&rclk=1
35.0744024,32.8290808,חיפה,שווארמה העגל - חלק מחפוד קרית מוצקין,4.6,518,54,63,65,84,23,36,18,28,11,True,estimated,"Estimated prices, not verified from menu.",https://www.google.com/maps/place/%D7%A9%D7%95%D7%95%D7%90%D7%A8%D7%9E%D7%94+%D7%94%D7%A2%D7%92%D7%9C+-+%D7%97%D7%9C%D7%A7+%D7%9E%D7%97%D7%A4%D7%95%D7%93+%D7%A7%D7%A8%D7%99%D7%AA+%D7%9E%D7%95%D7%A6%D7%A7%D7%99%D7%9F%E2%80%AD/data=!4m7!3m6!1s0x151db72220205e7b:0xd9d09972676062b2!8m2!3d32.8290808!4d35.0744024!16s%2Fg%2F11j_9cr8sn!19sChIJe14gICK3HRURsmJgZ3KZ0Nk?authuser=0&hl=iw&rclk=1
34.8384682,32.1459635,רמת השרון,שווארמה בשדרה,4.2,530,57,60,73,75,23,35,17,26,11,True,estimated,"Estimated prices, not verified from menu.",https://www.google.com/maps/place/%D7%A9%D7%95%D7%95%D7%90%D7%A8%D7%9E%D7%94+%D7%91%D7%A9%D7%93%D7%A8%D7%94%E2%80%AD/data=!4m7!3m6!1s0x151d487313625ab3:0x71ffc8d7e56598d1!8m2!3d32.1459635!4d34.8384682!16s%2Fg%2F1vlwtlt_!19sChIJs1piE3NIHRUR0Zhl5dfI_3E?authuser=0&hl=iw&rclk=1
34.838536,32.1461945,רמת השרון,יוני 71 - שווארמה וגריל בשרים,4.0,985,53,58,67,83,25,35,16,26,12,True,estimated,"Estimated prices, not verified from menu.",https://www.google.com/maps/place/%D7%99%D7%95%D7%A0%D7%99+71+-+%D7%A9%D7%95%D7%95%D7%90%D7%A8%D7%9E%D7%94+%D7%95%D7%92%D7%A8%D7%99%D7%9C+%D7%91%D7%A9%D7%A8%D7%99%D7%9D%E2%80%AD/data=!4m7!3m6!1s0x151d484711e41583:0x8f3b248d4eb4d36d!8m2!3d32.1461945!4d34.838536!16s%2Fg%2F11d_d1tz7m!19sChIJgxXkEUdIHRURbdO0To0kO48?authuser=0&hl=iw&rclk=1
34.8442438,32.1672794,הרצליה,פלאפל שוארמה 51,,1,54,65,66,82,24,35,17,27,11,True,estimated,"Estimated prices, not verified from menu.",https://www.google.com/maps/place/%D7%A4%D7%9C%D7%90%D7%A4%D7%9C+%D7%A9%D7%95%D7%90%D7%A8%D7%9E%D7%94+51%E2%80%AD/data=!4m7!3m6!1s0x151d480b9595d1ad:0x833837f5e21324c5!8m2!3d32.1672794!4d34.8442438!16s%2Fg%2F11b6v7lzwh!19sChIJrdGVlQtIHRURxSQT4vU3OIM?authuser=0&hl=iw&rclk=1
34.8935058,32.1766168,כפר סבא,שווארמה פלאפל תנעמי,4.4,903,58,61,66,84,26,32,18,28,10,True,estimated,"Estimated prices, not verified from menu.",https://www.google.com/maps/place/%D7%A9%D7%95%D7%95%D7%90%D7%A8%D7%9E%D7%94+%D7%A4%D7%9C%D7%90%D7%A4%D7%9C+%D7%AA%D7%A0%D7%A2%D7%9E%D7%99%E2%80%AD/data=!4m7!3m6!1s0x151d384797ec15eb:0xcded35fd2218fb1f!8m2!3d32.1766168!4d34.8935058!16s%2Fg%2F11c5bq6p43!19sChIJ6xXsl0c4HRURH_sYIv017c0?authuser=0&hl=iw&rclk=1
34.9025439,32.1604768,הוד השרון,שווארמה בכיכר,4.3,271,56,66,72,83,26,32,17,29,12,True,estimated,"Estimated prices, not verified from menu.",https://www.google.com/maps/place/%D7%A9%D7%95%D7%95%D7%90%D7%A8%D7%9E%D7%94+%D7%91%D7%9B%D7%99%D7%9B%D7%A8%E2%80%AD/data=!4m7!3m6!1s0x151d382dc939ac31:0x93e8c9d959d5a532!8m2!3d32.1604768!4d34.9025439!16s%2Fg%2F1tf62jln!19sChIJMaw5yS04HRURMqXVWdnJ6JM?authuser=0&hl=iw&rclk=1
34.8424479,32.1655807,הרצליה,שוארמה של חיים,4.3,277,51,59,68,73,23,33,17,25,11,True,estimated,"Estimated prices, not verified from menu.",https://www.google.com/maps/place/%D7%A9%D7%95%D7%90%D7%A8%D7%9E%D7%94+%D7%A9%D7%9C+%D7%97%D7%99%D7%99%D7%9D%E2%80%AD/data=!4m7!3m6!1s0x151d480c8dbf503d:0xa6a63f4c7e249cb8!8m2!3d32.1655807!4d34.8424479!16s%2Fg%2F1vk487qq!19sChIJPVC_jQxIHRURuJwkfkw_pqY?authuser=0&hl=iw&rclk=1
34.8779908,32.1795146,רעננה,שווארמה צארום רעננה,4.4,165,51,59,68,82,25,34,18,27,12,True,estimated,"Estimated prices, not verified from menu.",https://www.google.com/maps/place/%D7%A9%D7%95%D7%95%D7%90%D7%A8%D7%9E%D7%94+%D7%A6%D7%90%D7%A8%D7%95%D7%9D+%D7%A8%D7%A2%D7%A0%D7%A0%D7%94%E2%80%AD/data=!4m7!3m6!1s0x151d39f03396072f:0x4ebd9c56bc9e0a3f!8m2!3d32.1795146!4d34.8779908!16s%2Fg%2F11ydxyvpgp!19sChIJLweWM_A5HRURPwqevFacvU4?authuser=0&hl=iw&rclk=1
34.8191498,32.1797759,כפר שמריהו,שווארמה שמריהו,4.0,13,55,60,74,84,23,36,18,29,10,True,estimated,"Estimated prices, not verified from menu.",https://www.google.com/maps/place/%D7%A9%D7%95%D7%95%D7%90%D7%A8%D7%9E%D7%94+%D7%A9%D7%9E%D7%A8%D7%99%D7%94%D7%95%E2%80%AD/data=!4m7!3m6!1s0x151d470005103555:0xa03ddefe6eee5312!8m2!3d32.1797759!4d34.8191498!16s%2Fg%2F11ythw022p!19sChIJVTUQBQBHHRURElPubv7ePaA?authuser=0&hl=iw&rclk=1
34.9137268,32.17416,כפר סבא,תפארת הפלאפל והשווארמה,4.3,1687,51,64,72,76,24,33,18,28,11,False,estimated,"Estimated prices, not verified from menu.",https://www.google.com/maps/place/%D7%AA%D7%A4%D7%90%D7%A8%D7%AA+%D7%94%D7%A4%D7%9C%D7%90%D7%A4%D7%9C+%D7%95%D7%94%D7%A9%D7%95%D7%95%D7%90%D7%A8%D7%9E%D7%94%E2%80%AD/data=!4m7!3m6!1s0x151d39b14ac89eef:0x611e0a8feb349701!8m2!3d32.17416!4d34.9137268!16s%2Fg%2F1thvd8s_!19sChIJ757ISrE5HRURAZc0648KHmE?authuser=0&hl=iw&rclk=1
34.9710178,32.7644508,טירת כרמל,שווארמה לב העיר,4.2,11,51,59,68,73,26,33,18,26,10,False,estimated,"Estimated prices, not verified from menu.",https://www.google.com/maps/place/%D7%A9%D7%95%D7%95%D7%90%D7%A8%D7%9E%D7%94+%D7%9C%D7%91+%D7%94%D7%A2%D7%99%D7%A8%E2%80%AD/data=!4m7!3m6!1s0x151da4b512f77f45:0xd40e05b4acba4abb!8m2!3d32.7644508!4d34.9710178!16s%2Fg%2F11b6vb2dm0!19sChIJRX_3ErWkHRURu0q6rLQFDtQ?authuser=0&hl=iw&rclk=1
34.8937422,32.1766863,כפר סבא,שווארמה מיקס פלוס,4.6,18,51,62,72,78,23,36,17,25,12,True,estimated,"Estimated prices, not verified from menu.",https://www.google.com/maps/place/%D7%A9%D7%95%D7%95%D7%90%D7%A8%D7%9E%D7%94+%D7%9E%D7%99%D7%A7%D7%A1+%D7%A4%D7%9C%D7%95%D7%A1%E2%80%AD/data=!4m7!3m6!1s0x151d39005cd86e35:0x5bfec6ffb27e3cf2!8m2!3d32.1766863!4d34.8937422!16s%2Fg%2F11mktztw3x!19sChIJNW7YXAA5HRUR8jx-sv_G_ls?authuser=0&hl=iw&rclk=1
34.9133396,32.1740191,כפר סבא,השווארמה שלי בכפר,4.3,1564,50,59,67,75,22,28,16,23,10,True,estimated,"Estimated prices, not verified from menu.",https://www.google.com/maps/place/%D7%94%D7%A9%D7%95%D7%95%D7%90%D7%A8%D7%9E%D7%94+%D7%A9%D7%9C%D7%99+%D7%91%D7%9B%D7%A4%D7%A8%E2%80%AD/data=!4m7!3m6!1s0x151d39b6b399196f:0x6e62bdcd7eb6552f!8m2!3d32.1740191!4d34.9133396!16s%2Fg%2F11cjp4h2m5!19sChIJbxmZs7Y5HRURL1W2fs29Ym4?authuser=0&hl=iw&rclk=1
34.9055486,32.1757993,כפר סבא,שוארמה נעמה,4.5,122,50,54,67,71,23,32,16,23,10,True,estimated,"Estimated prices, not verified from menu.",https://www.google.com/maps/place/%D7%A9%D7%95%D7%90%D7%A8%D7%9E%D7%94+%D7%A0%D7%A2%D7%9E%D7%94%E2%80%AD/data=!4m7!3m6!1s0x151d391dcac57cbd:0x9efce0307395d98f!8m2!3d32.1757993!4d34.9055486!16s%2Fg%2F11pr8vl_c8!19sChIJvXzFyh05HRURj9mVczDg_J4?authuser=0&hl=iw&rclk=1
34.890305,32.1981077,כפר סבא,אגבבה שווארמה - כפר סבא,4.1,81,49,53,66,76,22,31,14,24,11,True,estimated,"Estimated prices, not verified from menu.",https://www.google.com/maps/place/%D7%90%D7%92%D7%91%D7%91%D7%94+%D7%A9%D7%95%D7%95%D7%90%D7%A8%D7%9E%D7%94+-+%D7%9B%D7%A4%D7%A8+%D7%A1%D7%91%D7%90%E2%80%AD/data=!4m7!3m6!1s0x151d391162523503:0xf925593956b134df!8m2!3d32.1981077!4d34.890305!16s%2Fg%2F11x62vryd1!19sChIJAzVSYhE5HRUR3zSxVjlZJfk?authuser=0&hl=iw&rclk=1
34.9094492,32.1749568,כפר סבא,שווארמה התאומים א.א.,4.4,58,48,53,58,67,23,32,15,26,10,True,estimated,"Estimated prices, not verified from menu.",https://www.google.com/maps/place/%D7%A9%D7%95%D7%95%D7%90%D7%A8%D7%9E%D7%94+%D7%94%D7%AA%D7%90%D7%95%D7%9E%D7%99%D7%9D+%D7%90.%D7%90.%E2%80%AD/data=!4m7!3m6!1s0x151d396ae3c8a345:0xdcc379a894a5280a!8m2!3d32.1749568!4d34.9094492!16s%2Fg%2F11qnrx2hq_!19sChIJRaPI42o5HRURCiillKh5w9w?authuser=0&hl=iw&rclk=1
34.9259498,32.1735091,פתח תקווה,טובי'ס בשרים שווארמה התעש,4.7,92,47,52,61,72,23,30,16,25,11,True,estimated,"Estimated prices, not verified from menu.",https://www.google.com/maps/place/%D7%98%D7%95%D7%91%D7%99%27%D7%A1+%D7%91%D7%A9%D7%A8%D7%99%D7%9D+%D7%A9%D7%95%D7%95%D7%90%D7%A8%D7%9E%D7%94+%D7%94%D7%AA%D7%A2%D7%A9%E2%80%AD/data=!4m7!3m6!1s0x151d39dbd3f42e1f:0x4a01eb56ebdad9b2!8m2!3d32.1735091!4d34.9259498!16s%2Fg%2F11w7nts_yn!19sChIJHy7009s5HRURstna61brAUo?authuser=0&hl=iw&rclk=1
34.8919562,32.1743794,פתח תקווה,שוארמה מפגש הצומת,4.3,7,51,52,60,76,24,31,15,23,11,True,estimated,"Estimated prices, not verified from menu.",https://www.google.com/maps/place/%D7%A9%D7%95%D7%90%D7%A8%D7%9E%D7%94+%D7%9E%D7%A4%D7%92%D7%A9+%D7%94%D7%A6%D7%95%D7%9E%D7%AA%E2%80%AD/data=!4m7!3m6!1s0x151d39003dfc0349:0x62c8de1baa61c28d!8m2!3d32.1743794!4d34.8919562!16s%2Fg%2F11ms4qwhc3!19sChIJSQP8PQA5HRURjcJhqhveyGI?authuser=0&hl=iw&rclk=1
34.9007844,32.1772155,כפר סבא,פינת השווארמה,3.2,13,47,60,63,75,24,33,16,23,10,False,estimated,"Estimated prices, not verified from menu.",https://www.google.com/maps/place/%D7%A4%D7%99%D7%A0%D7%AA+%D7%94%D7%A9%D7%95%D7%95%D7%90%D7%A8%D7%9E%D7%94%E2%80%AD/data=!4m7!3m6!1s0x151d39000af8290d:0xf0c785220cc4fb53!8m2!3d32.1772155!4d34.9007844!16s%2Fg%2F11x5ydy3pg!19sChIJDSn4CgA5HRURU_vEDCKFx_A?authuser=0&hl=iw&rclk=1
34.8743832,32.1807215,רעננה,שווארמה השלושה,3.2,59,47,56,61,74,23,30,16,24,10,True,estimated,"Estimated prices, not verified from menu.",https://www.google.com/maps/place/%D7%A9%D7%95%D7%95%D7%90%D7%A8%D7%9E%D7%94+%D7%94%D7%A9%D7%9C%D7%95%D7%A9%D7%94%E2%80%AD/data=!4m7!3m6!1s0x151d393ac93ad053:0xb134c5de34d28a78!8m2!3d32.1807215!4d34.8743832!16s%2Fg%2F11fs9mchty!19sChIJU9A6yTo5HRUReIrSNN7FNLE?authuser=0&hl=iw&rclk=1
34.8748823,32.1807812,רעננה,שווארמה שואוו,4.0,2,48,57,63,66,21,32,15,26,11,True,estimated,"Estimated prices, not verified from menu.",https://www.google.com/maps/place/%D7%A9%D7%95%D7%95%D7%90%D7%A8%D7%9E%D7%94+%D7%A9%D7%95%D7%90%D7%95%D7%95%E2%80%AD/data=!4m7!3m6!1s0x151d3812c83aedd5:0x1d9b61e791291545!8m2!3d32.1807812!4d34.8748823!16s%2Fg%2F11b6v8zq1z!19sChIJ1e06yBI4HRURRRUpkedhmx0?authuser=0&hl=iw&rclk=1
34.9558296,32.1078902,ראש העין,Shawarma Balev שווארמה בלב,4.3,25,48,54,65,71,23,32,15,26,10,False,estimated,"Estimated prices, not verified from menu.",https://www.google.com/maps/place/Shawarma+Balev+%D7%A9%D7%95%D7%95%D7%90%D7%A8%D7%9E%D7%94+%D7%91%D7%9C%D7%91%E2%80%AD/data=!4m7!3m6!1s0x151d31149e4e5543:0xf8e3ebff2ff4c448!8m2!3d32.1078902!4d34.9558296!16s%2Fg%2F11s5cyt9qm!19sChIJQ1VOnhQxHRURSMT0L__r4_g?authuser=0&hl=iw&rclk=1
35.0464234,32.6935039,דלית אל-כרמל,שווארמה ובס,4.8,501,47,56,60,73,22,30,15,25,10,True,estimated,"Estimated prices, not verified from menu.",https://www.google.com/maps/place/%D7%A9%D7%95%D7%95%D7%90%D7%A8%D7%9E%D7%94+%D7%95%D7%91%D7%A1%E2%80%AD/data=!4m7!3m6!1s0x151dafb454cfc3e9:0xdca483e06a13fee0!8m2!3d32.6935039!4d35.0464234!16s%2Fg%2F11m5d58y52!19sChIJ6cPPVLSvHRUR4P4TauCDpNw?authuser=0&hl=iw&rclk=1
35.0505281,32.6959154,דלית אל-כרמל,שווארמה אלבאשה,4.4,673,49,52,60,67,24,31,15,25,9,True,estimated,"Estimated prices, not verified from menu.",https://www.google.com/maps/place/%D7%A9%D7%95%D7%95%D7%90%D7%A8%D7%9E%D7%94+%D7%90%D7%9C%D7%91%D7%90%D7%A9%D7%94%E2%80%AD/data=!4m7!3m6!1s0x151daf6b9e7f2943:0xa4cdae4a278d9ba8!8m2!3d32.6959154!4d35.0505281!16s%2Fg%2F11rtmjtp_k!19sChIJQyl_nmuvHRURqJuNJ0quzaQ?authuser=0&hl=iw&rclk=1
35.05233,32.6866645,דלית אל-כרמל,שווארמה ענן דלית אל כרמל הודו עגל וכבש,4.9,102,49,59,59,67,21,33,15,26,10,False,estimated,"Estimated prices, not verified from menu.",https://www.google.com/maps/place/%D7%A9%D7%95%D7%95%D7%90%D7%A8%D7%9E%D7%94+%D7%A2%D7%A0%D7%9F+%D7%93%D7%9C%D7%99%D7%AA+%D7%90%D7%9C+%D7%9B%D7%A8%D7%9E%D7%9C+%D7%94%D7%95%D7%93%D7%95+%D7%A2%D7%92%D7%9C+%D7%95%D7%9B%D7%91%D7%A9%E2%80%AD/data=!4m7!3m6!1s0x151dafc56f2ced4d:0xff3ebd0b449fa3aa!8m2!3d32.6866645!4d35.05233!16s%2Fg%2F11rn3vyn4y!19sChIJTe0sb8WvHRURqqOfRAu9Pv8?authuser=0&hl=iw&rclk=1
35.063719,32.705765,חיפה,שווארמה סאמר עוספיה,4.7,233,52,60,59,71,23,30,14,23,10,True,estimated,"Estimated prices, not verified from menu.",https://www.google.com/maps/place/%D7%A9%D7%95%D7%95%D7%90%D7%A8%D7%9E%D7%94+%D7%A1%D7%90%D7%9E%D7%A8+%D7%A2%D7%95%D7%A1%D7%A4%D7%99%D7%94%E2%80%AD/data=!4m7!3m6!1s0x151dafedb33ded09:0xf516b1c40a857824!8m2!3d32.705765!4d35.063719!16s%2Fg%2F11h2bws28l!19sChIJCe09s-2vHRURJHiFCsSxFvU?authuser=0&hl=iw&rclk=1
35.0505693,32.6910896,דלית אל-כרמל,שווארמה וטאבון אלחדיד,4.4,270,45,59,64,74,21,30,16,23,11,False,estimated,"Estimated prices, not verified from menu.",https://www.google.com/maps/place/%D7%A9%D7%95%D7%95%D7%90%D7%A8%D7%9E%D7%94+%D7%95%D7%98%D7%90%D7%91%D7%95%D7%9F+%D7%90%D7%9C%D7%97%D7%93%D7%99%D7%93%E2%80%AD/data=!4m7!3m6!1s0x151daf6fe4471235:0xf11ab4a7ae0bb5b8!8m2!3d32.6910896!4d35.0505693!16s%2Fg%2F11cs6hdh67!19sChIJNRJH5G-vHRURuLULrqe0GvE?authuser=0&hl=iw&rclk=1
35.0624589,32.6879318,דלית אל-כרמל,Shawarma el Amal,4.5,674,51,56,61,73,24,30,16,24,10,True,estimated,"Estimated prices, not verified from menu.",https://www.google.com/maps/place/Shawarma+el+Amal/data=!4m7!3m6!1s0x151daf0d61bcc78d:0x2df92adc0110d6f!8m2!3d32.6879318!4d35.0624589!16s%2Fg%2F11c4bd_1q6!19sChIJjce8YQ2vHRURbw0RwK2S3wI?authuser=0&hl=iw&rclk=1
35.0481144,32.6928556,דלית אל-כרמל,Shawarma 11,4.7,963,49,55,62,76,22,29,16,26,9,True,estimated,"Estimated prices, not verified from menu.",https://www.google.com/maps/place/Shawarma+11/data=!4m7!3m6!1s0x151daf7ac917bb81:0xbc9d67795b105acb!8m2!3d32.6928556!4d35.0481144!16s%2Fg%2F11gbrfm07p!19sChIJgbsXyXqvHRURy1oQW3lnnbw?authuser=0&hl=iw&rclk=1
34.8983805,32.1323995,פתח תקווה,המיצלה מסעדה שווארמה ובשרים על האש,4.3,446,48,54,61,75,21,32,15,25,11,True,estimated,"Estimated prices, not verified from menu.",https://www.google.com/maps/place/%D7%94%D7%9E%D7%99%D7%A6%D7%9C%D7%94+%D7%9E%D7%A1%D7%A2%D7%93%D7%94+%D7%A9%D7%95%D7%95%D7%90%D7%A8%D7%9E%D7%94+%D7%95%D7%91%D7%A9%D7%A8%D7%99%D7%9D+%D7%A2%D7%9C+%D7%94%D7%90%D7%A9%E2%80%AD/data=!4m7!3m6!1s0x151d37a258fc0b5b:0xabcb2f4b361280ab!8m2!3d32.1323995!4d34.8983805!16s%2Fg%2F11g8_2z4yt!19sChIJWwv8WKI3HRURq4ASNksvy6s?authuser=0&hl=iw&rclk=1
35.0610001,32.6870772,דלית אל-כרמל,שווארמה פאדי,4.7,7,50,52,66,76,24,30,16,23,11,True,estimated,"Estimated prices, not verified from menu.",https://www.google.com/maps/place/%D7%A9%D7%95%D7%95%D7%90%D7%A8%D7%9E%D7%94+%D7%A4%D7%90%D7%93%D7%99%E2%80%AD/data=!4m7!3m6!1s0x151daf4da8802f15:0xc56700b42fdd6a02!8m2!3d32.6870772!4d35.0610001!16s%2Fg%2F11ts19z3tf!19sChIJFS-AqE2vHRURAmrdL7QAZ8U?authuser=0&hl=iw&rclk=1
34.9259498,32.1735091,פתח תקווה,שווארמה של צורי הגדול,4.3,76,50,58,62,67,22,33,16,24,10,True,estimated,"Estimated prices, not verified from menu.",https://www.google.com/maps/place/%D7%A9%D7%95%D7%95%D7%90%D7%A8%D7%9E%D7%94+%D7%A9%D7%9C+%D7%A6%D7%95%D7%A8%D7%99+%D7%94%D7%92%D7%93%D7%95%D7%9C%E2%80%AD/data=!4m7!3m6!1s0x151d39d2c3013deb:0x731f35491f57106a!8m2!3d32.1735091!4d34.9259498!16s%2Fg%2F11tnxxdtz8!19sChIJ6z0Bw9I5HRURahBXH0k1H3M?authuser=0&hl=iw&rclk=1
34.9788532,32.2836132,קלנסווה,שווארמה אבו ראמי,4.8,64,51,52,60,76,24,29,14,23,10,False,estimated,"Estimated prices, not verified from menu.",https://www.google.com/maps/place/%D7%A9%D7%95%D7%95%D7%90%D7%A8%D7%9E%D7%94+%D7%90%D7%91%D7%95+%D7%A8%D7%90%D7%9E%D7%99%E2%80%AD/data=!4m7!3m6!1s0x151d3d0fdb01fa69:0x9334cebce5166031!8m2!3d32.2836132!4d34.9788532!16s%2Fg%2F11m_kx1z3j!19sChIJafoB2w89HRURMWAW5bzONJM?authuser=0&hl=iw&rclk=1
35.5369303,32.7882416,טבריה,המשבעה - כשר למהדרין - שווארמה גריל ישראלי,4.6,211,47,60,66,76,23,32,16,27,11,True,estimated,"Estimated prices, not verified from menu.",https://www.google.com/maps/place/%D7%94%D7%9E%D7%A9%D7%91%D7%A2%D7%94+-+%D7%9B%D7%A9%D7%A8+%D7%9C%D7%9E%D7%94%D7%93%D7%A8%D7%99%D7%9F+-+%D7%A9%D7%95%D7%95%D7%90%D7%A8%D7%9E%D7%94+%D7%92%D7%A8%D7%99%D7%9C+%D7%99%D7%A9%D7%A8%D7%90%D7%9C%D7%99%E2%80%AD/data=!4m7!3m6!1s0x151c3e4ee55861c1:0xffe578093cb6a38f!8m2!3d32.7882416!4d35.5369303!16s%2Fg%2F11hbfhz71q!19sChIJwWFY5U4-HBURj6O2PAl45f8?authuser=0&hl=iw&rclk=1
35.1040227,32.805158,קרית אתא,שווארמה מומי,4.1,31,49,59,69,78,24,29,17,27,11,True,estimated,"Estimated prices, not verified from menu.",https://www.google.com/maps/place/%D7%A9%D7%95%D7%95%D7%90%D7%A8%D7%9E%D7%94+%D7%9E%D7%95%D7%9E%D7%99%E2%80%AD/data=!4m7!3m6!1s0x151db79d3e613163:0x8d0780543e9ec905!8m2!3d32.805158!4d35.1040227!16s%2Fg%2F11s974xfbm!19sChIJYzFhPp23HRURBcmePlSAB40?authuser=0&hl=iw&rclk=1
34.9728871,32.7611575,טירת כרמל,שווארמה בעיר,5.0,1,53,56,62,70,24,34,16,25,11,False,estimated,"Estimated prices, not verified from menu.",https://www.google.com/maps/place/%D7%A9%D7%95%D7%95%D7%90%D7%A8%D7%9E%D7%94+%D7%91%D7%A2%D7%99%D7%A8%E2%80%AD/data=!4m7!3m6!1s0x151da4c9fe3b482b:0x704aaff9cb75305d!8m2!3d32.7611575!4d34.9728871!16s%2Fg%2F11hzsvr6dq!19sChIJK0g7_smkHRURXTB1y_mvSnA?authuser=0&hl=iw&rclk=1
34.9104745,32.4390802,חדרה,שאולי אקספרס שווארמה,4.4,4383,49,51,62,67,20,28,13,22,9,True,estimated,"Estimated prices, not verified from menu.",https://www.google.com/maps/place/%D7%A9%D7%90%D7%95%D7%9C%D7%99+%D7%90%D7%A7%D7%A1%D7%A4%D7%A8%D7%A1+%D7%A9%D7%95%D7%95%D7%90%D7%A8%D7%9E%D7%94%E2%80%AD/data=!4m7!3m6!1s0x151d1259dc3d0fdd:0xfc40ed18bf3837f1!8m2!3d32.4390802!4d34.9104745!16s%2Fg%2F11c6v5h_xl!19sChIJ3Q893FkSHRUR8Tc4vxjtQPw?authuser=0&hl=iw&rclk=1
34.911033,32.439245,חדרה,שווארמה ענאן,4.2,599,49,50,61,70,21,27,15,23,10,True,estimated,"Estimated prices, not verified from menu.",https://www.google.com/maps/place/%D7%A9%D7%95%D7%95%D7%90%D7%A8%D7%9E%D7%94+%D7%A2%D7%A0%D7%90%D7%9F%E2%80%AD/data=!4m7!3m6!1s0x151d124252d125bb:0xd790bb5f7ee4a7a3!8m2!3d32.439245!4d34.911033!16s%2Fg%2F1tdj71yz!19sChIJuyXRUkISHRURo6fkfl-7kNc?authuser=0&hl=iw&rclk=1
34.9164366,32.435803,חדרה,שווארמה שי,4.0,103,45,50,61,71,20,29,14,24,9,True,estimated,"Estimated prices, not verified from menu.",https://www.google.com/maps/place/%D7%A9%D7%95%D7%95%D7%90%D7%A8%D7%9E%D7%94+%D7%A9%D7%99%E2%80%AD/data=!4m7!3m6!1s0x151d125016b43745:0x2abbfe9626f958fa!8m2!3d32.435803!4d34.9164366!16s%2Fg%2F11ddykbd7z!19sChIJRTe0FlASHRUR-lj5Jpb-uyo?authuser=0&hl=iw&rclk=1
34.9207155,32.4364215,חדרה,שווארמה זוהר,4.2,58,44,49,56,68,21,27,14,23,10,True,estimated,"Estimated prices, not verified from menu.",https://www.google.com/maps/place/%D7%A9%D7%95%D7%95%D7%90%D7%A8%D7%9E%D7%94+%D7%96%D7%95%D7%94%D7%A8%E2%80%AD/data=!4m7!3m6!1s0x151d1245992f1fe9:0x3d3885da200d6892!8m2!3d32.4364215!4d34.9207155!16s%2Fg%2F11g8f_mbrj!19sChIJ6R8vmUUSHRURkmgNINqFOD0?authuser=0&hl=iw&rclk=1
34.9233217,32.4389918,חדרה,אלוף השווארמה,3.3,69,47,48,62,71,21,29,15,24,10,True,estimated,"Estimated prices, not verified from menu.",https://www.google.com/maps/place/%D7%90%D7%9C%D7%95%D7%A3+%D7%94%D7%A9%D7%95%D7%95%D7%90%D7%A8%D7%9E%D7%94%E2%80%AD/data=!4m7!3m6!1s0x151d1246a60dbd35:0xe8f9cce7dfab516b!8m2!3d32.4389918!4d34.9233217!16s%2Fg%2F11c5s9whyx!19sChIJNb0NpkYSHRURa1Gr3-fM-eg?authuser=0&hl=iw&rclk=1
34.9215658,32.4379569,חדרה,שווארמה,3.0,6,49,53,62,70,20,30,14,21,10,True,estimated,"Estimated prices, not verified from menu.",https://www.google.com/maps/place/%D7%A9%D7%95%D7%95%D7%90%D7%A8%D7%9E%D7%94%E2%80%AD/data=!4m7!3m6!1s0x151d13ff183e2143:0x9eddf85d0f6ba56e!8m2!3d32.4379569!4d34.9215658!16s%2Fg%2F11jnqxr6hh!19sChIJQyE-GP8THRURbqVrD1343Z4?authuser=0&hl=iw&rclk=1
34.920878,32.442785,חדרה,"שווארמה א.ש. בע""מ",,1,49,56,63,69,22,28,15,24,9,False,estimated,"Estimated prices, not verified from menu.",https://www.google.com/maps/place/%D7%A9%D7%95%D7%95%D7%90%D7%A8%D7%9E%D7%94+%D7%90.%D7%A9.+%D7%91%D7%A2%22%D7%9E%E2%80%AD/data=!4m7!3m6!1s0x151d124252d125bb:0x48ed46e2d231d361!8m2!3d32.442785!4d34.920878!16s%2Fg%2F1tfv7p09!19sChIJuyXRUkISHRURYdMx0uJG7Ug?authuser=0&hl=iw&rclk=1
34.9724845,32.4748011,פרדס חנה,מרכז השווארמה פרדס חנה,4.1,351,48,56,56,69,20,27,14,23,10,True,estimated,"Estimated prices, not verified from menu.",https://www.google.com/maps/place/%D7%9E%D7%A8%D7%9B%D7%96+%D7%94%D7%A9%D7%95%D7%95%D7%90%D7%A8%D7%9E%D7%94+%D7%A4%D7%A8%D7%93%D7%A1+%D7%97%D7%A0%D7%94%E2%80%AD/data=!4m7!3m6!1s0x151d0fefc37c3b1f:0x36dc0790131fff6c!8m2!3d32.4748011!4d34.9724845!16s%2Fg%2F11vzbym8m1!19sChIJHzt8w-8PHRURbP8fE5AH3DY?authuser=0&hl=iw&rclk=1
34.990021,32.4710409,פרדס חנה,שווארמה לשלום - שווארמה בפרדס חנה כרכור | כשר,4.5,325,42,50,62,69,20,29,14,25,9,False,estimated,"Estimated prices, not verified from menu.",https://www.google.com/maps/place/%D7%A9%D7%95%D7%95%D7%90%D7%A8%D7%9E%D7%94+%D7%9C%D7%A9%D7%9C%D7%95%D7%9D+-+%D7%A9%D7%95%D7%95%D7%90%D7%A8%D7%9E%D7%94+%D7%91%D7%A4%D7%A8%D7%93%D7%A1+%D7%97%D7%A0%D7%94+%D7%9B%D7%A8%D7%9B%D7%95%D7%A8+%7C+%D7%9B%D7%A9%D7%A8%E2%80%AD/data=!4m7!3m6!1s0x151d0f4c848f2deb:0xab0643322d83aa4a!8m2!3d32.4710409!4d34.990021!16s%2Fg%2F11vqzqkn0m!19sChIJ6y2PhEwPHRURSqqDLTJDBqs?authuser=0&hl=iw&rclk=1
35.3148828,32.6188431,עפולה,אבאלה שווארמה עפולה,4.3,71,44,52,55,63,21,26,13,22,9,True,estimated,"Estimated prices, not verified from menu.",https://www.google.com/maps/place/%D7%90%D7%91%D7%90%D7%9C%D7%94+%D7%A9%D7%95%D7%95%D7%90%D7%A8%D7%9E%D7%94+%D7%A2%D7%A4%D7%95%D7%9C%D7%94%E2%80%AD/data=!4m7!3m6!1s0x151c51cbae8895c9:0xd73afc5811f24fa7!8m2!3d32.6188431!4d35.3148828!16s%2Fg%2F11lzn7nns4!19sChIJyZWIrstRHBURp0_yEVj8Otc?authuser=0&hl=iw&rclk=1
35.2917741,32.60897,עפולה,השווארמיה מאבו גוש עפולה,3.6,98,43,52,57,63,19,28,14,22,9,True,estimated,"Estimated prices, not verified from menu.",https://www.google.com/maps/place/%D7%94%D7%A9%D7%95%D7%95%D7%90%D7%A8%D7%9E%D7%99%D7%94+%D7%9E%D7%90%D7%91%D7%95+%D7%92%D7%95%D7%A9+%D7%A2%D7%A4%D7%95%D7%9C%D7%94%E2%80%AD/data=!4m7!3m6!1s0x151c53d6a78de41d:0x171a35ec7ea93073!8m2!3d32.60897!4d35.2917741!16s%2Fg%2F11vwknfn0f!19sChIJHeSNp9ZTHBURczCpfuw1Ghc?authuser=0&hl=iw&rclk=1
35.2980996,32.6052274,עפולה,שווארמה בגט אבו האני עפולה,4.1,33,45,46,54,65,19,29,14,23,10,True,estimated,"Estimated prices, not verified from menu.",https://www.google.com/maps/place/%D7%A9%D7%95%D7%95%D7%90%D7%A8%D7%9E%D7%94+%D7%91%D7%92%D7%98+%D7%90%D7%91%D7%95+%D7%94%D7%90%D7%A0%D7%99+%D7%A2%D7%A4%D7%95%D7%9C%D7%94%E2%80%AD/data=!4m7!3m6!1s0x151c53f63eb99f09:0xbf68e3837cdcfd50!8m2!3d32.6052274!4d35.2980996!16s%2Fg%2F11krtxc8kr!19sChIJCZ-5PvZTHBURUP3cfIPjaL8?authuser=0&hl=iw&rclk=1
35.3255518,32.6325738,עפולה,שווארמה התאומים עפולה,4.5,52,44,49,59,62,21,28,14,20,9,False,estimated,"Estimated prices, not verified from menu.",https://www.google.com/maps/place/%D7%A9%D7%95%D7%95%D7%90%D7%A8%D7%9E%D7%94+%D7%94%D7%AA%D7%90%D7%95%D7%9E%D7%99%D7%9D+%D7%A2%D7%A4%D7%95%D7%9C%D7%94%E2%80%AD/data=!4m7!3m6!1s0x151c518a3ad6aa71:0x62405bbf84614d5b!8m2!3d32.6325738!4d35.3255518!16s%2Fg%2F11sjlqh4sx!19sChIJcarWOopRHBURW01hhL9bQGI?authuser=0&hl=iw&rclk=1
35.3132243,32.620264,עפולה,שווארמה העמק,3.8,77,43,46,58,62,18,28,14,23,10,True,estimated,"Estimated prices, not verified from menu.",https://www.google.com/maps/place/%D7%A9%D7%95%D7%95%D7%90%D7%A8%D7%9E%D7%94+%D7%94%D7%A2%D7%9E%D7%A7%E2%80%AD/data=!4m7!3m6!1s0x151c51832fb8fbb1:0xfb2a3b5eb9abbdad!8m2!3d32.620264!4d35.3132243!16s%2Fg%2F11g888n9np!19sChIJsfu4L4NRHBURrb2ruV47Kvs?authuser=0&hl=iw&rclk=1
35.2897181,32.6172121,עפולה,שווארמה בעמק,3.0,2,43,47,53,66,21,29,13,20,10,False,estimated,"Estimated prices, not verified from menu.",https://www.google.com/maps/place/%D7%A9%D7%95%D7%95%D7%90%D7%A8%D7%9E%D7%94+%D7%91%D7%A2%D7%9E%D7%A7%E2%80%AD/data=!4m7!3m6!1s0x151c53cfb1f853f3:0xf0dfc1cd4bf92eea!8m2!3d32.6172121!4d35.2897181!16s%2Fg%2F11h51k2719!19sChIJ81P4sc9THBUR6i75S83B3_A?authuser=0&hl=iw&rclk=1
35.290536,32.6089953,עפולה,שווארמה,,1,44,53,58,65,18,26,14,20,8,True,estimated,"Estimated prices, not verified from menu.",https://www.google.com/maps/place/%D7%A9%D7%95%D7%95%D7%90%D7%A8%D7%9E%D7%94%E2%80%AD/data=!4m7!3m6!1s0x151c53c3423516ef:0xe6d3937fd2c94e47!8m2!3d32.6089953!4d35.290536!16s%2Fg%2F11hzsvyq03!19sChIJ7xY1QsNTHBURR07J0n-T0-Y?authuser=0&hl=iw&rclk=1
35.1040631,32.8051458,קרית אתא,סמי שווארמה ובשר על האש | שווארמה בקריית אתא,3.6,38,42,46,57,62,19,28,14,20,10,True,estimated,"Estimated prices, not verified from menu.",https://www.google.com/maps/place/%D7%A1%D7%9E%D7%99+%D7%A9%D7%95%D7%95%D7%90%D7%A8%D7%9E%D7%94+%D7%95%D7%91%D7%A9%D7%A8+%D7%A2%D7%9C+%D7%94%D7%90%D7%A9+%7C+%D7%A9%D7%95%D7%95%D7%90%D7%A8%D7%9E%D7%94+%D7%91%D7%A7%D7%A8%D7%99%D7%99%D7%AA+%D7%90%D7%AA%D7%90%E2%80%AD/data=!4m7!3m6!1s0x151db7ec63d1c291:0x76818cc59c0445d!8m2!3d32.8051458!4d35.1040631!16s%2Fg%2F11l6glhphb!19sChIJkcLRY-y3HRURXUTAWcwYaAc?authuser=0&hl=iw&rclk=1
35.3439281,32.7547484,כפר כנא,שווארמה ואיל אלנח'יל,4.6,199,40,46,59,59,19,27,13,22,10,False,estimated,"Estimated prices, not verified from menu.",https://www.google.com/maps/place/%D7%A9%D7%95%D7%95%D7%90%D7%A8%D7%9E%D7%94+%D7%95%D7%90%D7%99%D7%9C+%D7%90%D7%9C%D7%A0%D7%97%27%D7%99%D7%9C%E2%80%AD/data=!4m7!3m6!1s0x151c49d8dd58b0d1:0xcb6a383ac34b05ce!8m2!3d32.7547484!4d35.3439281!16s%2Fg%2F11j8pdq5kf!19sChIJ0bBY3dhJHBURzgVLwzo4ass?authuser=0&hl=iw&rclk=1
35.2971787,32.7004593,נצרת,שווארמה אלוואכד,4.4,130,41,51,57,65,21,26,14,21,9,True,estimated,"Estimated prices, not verified from menu.",https://www.google.com/maps/place/%D7%A9%D7%95%D7%95%D7%90%D7%A8%D7%9E%D7%94+%D7%90%D7%9C%D7%95%D7%95%D7%90%D7%9B%D7%93%E2%80%AD/data=!4m7!3m6!1s0x151c4dd36127abef:0x4d2d97629751be3c!8m2!3d32.7004593!4d35.2971787!16s%2Fg%2F11bzyx03mx!19sChIJ76snYdNNHBURPL5Rl2KXLU0?authuser=0&hl=iw&rclk=1
35.2554129,32.8097206,כפר מנדא,שוארמה אחים סומו,4.4,9,46,51,58,67,19,26,14,23,8,False,estimated,"Estimated prices, not verified from menu.",https://www.google.com/maps/place/%D7%A9%D7%95%D7%90%D7%A8%D7%9E%D7%94+%D7%90%D7%97%D7%99%D7%9D+%D7%A1%D7%95%D7%9E%D7%95%E2%80%AD/data=!4m7!3m6!1s0x151c4b5ca0a4e031:0x46c80cd16acd0095!8m2!3d32.8097206!4d35.2554129!16s%2Fg%2F11q22cjs33!19sChIJMeCkoFxLHBURlQDNatEMyEY?authuser=0&hl=iw&rclk=1
35.3251113,32.6321656,עפולה,שווארמה מאיר,,1,44,49,59,63,19,26,13,21,10,False,estimated,"Estimated prices, not verified from menu.",https://www.google.com/maps/place/%D7%A9%D7%95%D7%95%D7%90%D7%A8%D7%9E%D7%94+%D7%9E%D7%90%D7%99%D7%A8%E2%80%AD/data=!4m7!3m6!1s0x151c51bfe76af2c3:0x6b240c6c21583a01!8m2!3d32.6321656!4d35.3251113!16s%2Fg%2F11b6vcfxsk!19sChIJw_Jq579RHBURATpYIWwMJGs?authuser=0&hl=iw&rclk=1
35.0959895,33.0066736,נהריה,"שפע שווארמה - בד""ץ מחפוד",4.7,44,42,48,54,67,20,27,15,22,9,True,estimated,"Estimated prices, not verified from menu.",https://www.google.com/maps/place/%D7%A9%D7%A4%D7%A2+%D7%A9%D7%95%D7%95%D7%90%D7%A8%D7%9E%D7%94+-+%D7%91%D7%93%22%D7%A5+%D7%9E%D7%97%D7%A4%D7%95%D7%93%E2%80%AD/data=!4m7!3m6!1s0x151dcf00083e8ff3:0xbef95e560114c7e9!8m2!3d33.0066736!4d35.0959895!16s%2Fg%2F11y149hhdp!19sChIJ848-CADPHRUR6ccUAVZe-b4?authuser=0&hl=iw&rclk=1
35.0466388,32.6933437,דלית אל-כרמל,שווארמה סמי,5.0,234,46,52,55,60,20,25,13,20,9,True,estimated,"Estimated prices, not verified from menu.",https://www.google.com/maps/place/%D7%A9%D7%95%D7%95%D7%90%D7%A8%D7%9E%D7%94+%D7%A1%D7%9E%D7%99%E2%80%AD/data=!4m7!3m6!1s0x151daf005af14ea5:0xdb95a2e7c6042d10!8m2!3d32.6933437!4d35.0466388!16s%2Fg%2F11ymc66d3z!19sChIJpU7xWgCvHRUREC0Exueilds?authuser=0&hl=iw&rclk=1
35.1050362,32.6631699,יקנעם,שווארמה ביקנעם - שווארמה יזראלוב,4.0,83,42,53,52,63,21,28,13,23,9,True,estimated,"Estimated prices, not verified from menu.",https://www.google.com/maps/place/%D7%A9%D7%95%D7%95%D7%90%D7%A8%D7%9E%D7%94+%D7%91%D7%99%D7%A7%D7%A0%D7%A2%D7%9D+-+%D7%A9%D7%95%D7%95%D7%90%D7%A8%D7%9E%D7%94+%D7%99%D7%96%D7%A8%D7%90%D7%9C%D7%95%D7%91%E2%80%AD/data=!4m7!3m6!1s0x151dae954ffa282d:0x5ecf82e805d020e4!8m2!3d32.6631699!4d35.1050362!16s%2Fg%2F11kmc93snw!19sChIJLSj6T5WuHRUR5CDQBeiCz14?authuser=0&hl=iw&rclk=1
35.1548998,32.5235631,אום אל פחם,שוארמה פותאפיט,4.7,15,40,50,59,67,20,26,14,23,9,False,estimated,"Estimated prices, not verified from menu.",https://www.google.com/maps/place/%D7%A9%D7%95%D7%90%D7%A8%D7%9E%D7%94+%D7%A4%D7%95%D7%AA%D7%90%D7%A4%D7%99%D7%98%E2%80%AD/data=!4m7!3m6!1s0x151d010d8e1eb13f:0xcd0cca5d710c1bb5!8m2!3d32.5235631!4d35.1548998!16s%2Fg%2F11h5w4vpnw!19sChIJP7Eejg0BHRURtRsMcV3KDM0?authuser=0&hl=iw&rclk=1
35.2966188,32.7002346,נצרת,מסעדת ושוארמה האני,4.4,964,40,46,55,59,20,27,13,22,9,True,estimated,"Estimated prices, not verified from menu.",https://www.google.com/maps/place/%D7%9E%D7%A1%D7%A2%D7%93%D7%AA+%D7%95%D7%A9%D7%95%D7%90%D7%A8%D7%9E%D7%94+%D7%94%D7%90%D7%A0%D7%99%E2%80%AD/data=!4m7!3m6!1s0x151c4dd36558a95b:0x7b5ec9cb8f7fdc68!8m2!3d32.7002346!4d35.2966188!16s%2Fg%2F11crzt31kg!19sChIJW6lYZdNNHBURaNx_j8vJXns?authuser=0&hl=iw&rclk=1
35.2989522,32.7104492,נצרת,שוארמה עבאס,4.6,17,44,49,51,60,21,26,13,22,8,False,estimated,"Estimated prices, not verified from menu.",https://www.google.com/maps/place/%D7%A9%D7%95%D7%90%D7%A8%D7%9E%D7%94+%D7%A2%D7%91%D7%90%D7%A1%E2%80%AD/data=!4m7!3m6!1s0x151c4df74d4deb3b:0xee66d07a1da09847!8m2!3d32.7104492!4d35.2989522!16s%2Fg%2F11fkrx6nfg!19sChIJO-tNTfdNHBURR5igHXrQZu4?authuser=0&hl=iw&rclk=1
35.2976026,32.6979006,נצרת,שווארמה עגל/כבש,4.6,40,45,49,52,57,20,26,12,20,9,True,estimated,"Estimated prices, not verified from menu.",https://www.google.com/maps/place/%D7%A9%D7%95%D7%95%D7%90%D7%A8%D7%9E%D7%94+%D7%A2%D7%92%D7%9C%2F%D7%9B%D7%91%D7%A9%E2%80%AD/data=!4m7!3m6!1s0x151c4d8070c2fc85:0xd67975cff70ae940!8m2!3d32.6979006!4d35.2976026!16s%2Fg%2F11ghzkzct0!19sChIJhfzCcIBNHBURQOkK9891edY?authuser=0&hl=iw&rclk=1
35.2833932,32.6910088,יפיע,שווארמה אבו אל באקר,,1,41,46,55,59,20,27,13,21,9,True,estimated,"Estimated prices, not verified from menu.",https://www.google.com/maps/place/%D7%A9%D7%95%D7%95%D7%90%D7%A8%D7%9E%D7%94+%D7%90%D7%91%D7%95+%D7%90%D7%9C+%D7%91%D7%90%D7%A7%D7%A8%E2%80%AD/data=!4m7!3m6!1s0x151c4dec64388697:0xdb5919a44db33960!8m2!3d32.6910088!4d35.2833932!16s%2Fg%2F11z67kzl7t!19sChIJl4Y4ZOxNHBURYDmzTaQZWds?authuser=0&hl=iw&rclk=1
35.2963295,32.6997809,נצרת,בונז'ור קובעין Shawarma Qubien,3.7,24,39,52,54,57,19,26,13,23,8,True,estimated,"Estimated prices, not verified from menu.",https://www.google.com/maps/place/%D7%91%D7%95%D7%A0%D7%96%27%D7%95%D7%A8+%D7%A7%D7%95%D7%91%D7%A2%D7%99%D7%9F+Shawarma+Qubien%E2%80%AD/data=!4m7!3m6!1s0x151c4df5db7393ff:0x49cb2529dec0e4f2!8m2!3d32.6997809!4d35.2963295!16s%2Fg%2F11nrwbmkf8!19sChIJ_5Nz2_VNHBUR8uTA3ikly0k?authuser=0&hl=iw&rclk=1
35.2967157,32.7003461,נצרת,שוארמה בונגור,4.5,33,41,46,57,65,19,27,14,21,9,True,estimated,"Estimated prices, not verified from menu.",https://www.google.com/maps/place/%D7%A9%D7%95%D7%90%D7%A8%D7%9E%D7%94+%D7%91%D7%95%D7%A0%D7%92%D7%95%D7%A8%E2%80%AD/data=!4m7!3m6!1s0x151c4d99514c1aa5:0x179a59fd19ae9984!8m2!3d32.7003461!4d35.2967157!16s%2Fg%2F11k7s48yp3!19sChIJpRpMUZlNHBURhJmuGf1Zmhc?authuser=0&hl=iw&rclk=1
35.2996422,32.7147351,נצרת,שווארמה מועד,4.3,10,45,52,55,60,20,25,13,20,9,False,estimated,"Estimated prices, not verified from menu.",https://www.google.com/maps/place/%D7%A9%D7%95%D7%95%D7%90%D7%A8%D7%9E%D7%94+%D7%9E%D7%95%D7%A2%D7%93%E2%80%AD/data=!4m7!3m6!1s0x151c4dfcc20e2aed:0x212dd3014b60563b!8m2!3d32.7147351!4d35.2996422!16s%2Fg%2F11tcv4smsl!19sChIJ7SoOwvxNHBURO1ZgSwHTLSE?authuser=0&hl=iw&rclk=1
35.2973275,32.7007247,נצרת,Shwarma Falafel 99,4.6,18,45,52,54,66,21,26,14,22,8,True,estimated,"Estimated prices, not verified from menu.",https://www.google.com/maps/place/Shwarma+Falafel+99/data=!4m7!3m6!1s0x151c4dbce9fb95c7:0x632b827a6c5117a6!8m2!3d32.7007247!4d35.2973275!16s%2Fg%2F11gtz0pyv7!19sChIJx5X76bxNHBURphdRbHqCK2M?authuser=0&hl=iw&rclk=1
35.2998468,32.6994375,נצרת,שווארמה איסטנבול,4.5,2,44,48,51,61,21,24,14,21,9,True,estimated,"Estimated prices, not verified from menu.",https://www.google.com/maps/place/%D7%A9%D7%95%D7%95%D7%90%D7%A8%D7%9E%D7%94+%D7%90%D7%99%D7%A1%D7%98%D7%A0%D7%91%D7%95%D7%9C%E2%80%AD/data=!4m7!3m6!1s0x151c4d25dff762dd:0xf781dfd8f934e065!8m2!3d32.6994375!4d35.2998468!16s%2Fg%2F11ft4cg_57!19sChIJ3WL33yVNHBURZeA0-djfgfc?authuser=0&hl=iw&rclk=1
35.296929,32.700491,נצרת,SHAWARMA & FALAFEL ABU ARAB,4.3,8,43,48,58,63,19,24,14,22,8,True,estimated,"Estimated prices, not verified from menu.",https://www.google.com/maps/place/SHAWARMA+%26+FALAFEL+ABU+ARAB/data=!4m7!3m6!1s0x151c4da0e52ce7a9:0xf140c5c9b8ec23a6!8m2!3d32.700491!4d35.296929!16s%2Fg%2F11f61gsl2y!19sChIJqecs5aBNHBURpiPsuMnFQPE?authuser=0&hl=iw&rclk=1
35.2834886,32.6911062,יפיע,Shawarma Alnoor,,1,40,49,54,63,18,27,14,22,8,True,estimated,"Estimated prices, not verified from menu.",https://www.google.com/maps/place/Shawarma+Alnoor/data=!4m7!3m6!1s0x151c4d5c03ad3195:0x9bc9f5ac3c2841e9!8m2!3d32.6911062!4d35.2834886!16s%2Fg%2F11vb2n_rtz!19sChIJlTGtA1xNHBUR6UEoPKz1yZs?authuser=0&hl=iw&rclk=1
35.3076614,32.9214622,כרמיאל,שיפודי ושווארמה הגליל,4.2,133,40,49,53,58,21,28,14,21,9,True,estimated,"Estimated prices, not verified from menu.",https://www.google.com/maps/place/%D7%A9%D7%99%D7%A4%D7%95%D7%93%D7%99+%D7%95%D7%A9%D7%95%D7%95%D7%90%D7%A8%D7%9E%D7%94+%D7%94%D7%92%D7%9C%D7%99%D7%9C%E2%80%AD/data=!4m7!3m6!1s0x151c3139190ba0bb:0xce113ab57bedd149!8m2!3d32.9214622!4d35.3076614!16s%2Fg%2F11fp8b1tcw!19sChIJu6ALGTkxHBURSdHte7U6Ec4?authuser=0&hl=iw&rclk=1
35.37153,32.769147,טורעאן,מסעדת ושווארמה נימר,4.5,1686,43,45,56,64,20,27,12,22,8,False,estimated,"Estimated prices, not verified from menu.",https://www.google.com/maps/place/%D7%9E%D7%A1%D7%A2%D7%93%D7%AA+%D7%95%D7%A9%D7%95%D7%95%D7%90%D7%A8%D7%9E%D7%94+%D7%A0%D7%99%D7%9E%D7%A8%E2%80%AD/data=!4m7!3m6!1s0x151c4812bed8c8d3:0x8f83d68044fd8dfb!8m2!3d32.769147!4d35.37153!16s%2Fg%2F1thlq9lx!19sChIJ08jYvhJIHBUR-439RIDWg48?authuser=0&hl=iw&rclk=1
35.4253348,32.88041,מר'אר,שוארמה פרג,4.8,76,44,51,55,59,20,27,14,20,9,False,estimated,"Estimated prices, not verified from menu.",https://www.google.com/maps/place/%D7%A9%D7%95%D7%90%D7%A8%D7%9E%D7%94+%D7%A4%D7%A8%D7%92%E2%80%AD/data=!4m7!3m6!1s0x151c3bf54a1da9a5:0xcb0407c3e487335c!8m2!3d32.88041!4d35.4253348!16s%2Fg%2F11j_6blmbg!19sChIJpakdSvU7HBURXDOH5MMHBMs?authuser=0&hl=iw&rclk=1
35.3147196,32.7213014,ריינה,שווארמה תאמר,4.1,8,40,48,54,59,20,24,13,20,9,True,estimated,"Estimated prices, not verified from menu.",https://www.google.com/maps/place/%D7%A9%D7%95%D7%95%D7%90%D7%A8%D7%9E%D7%94+%D7%AA%D7%90%D7%9E%D7%A8%E2%80%AD/data=!4m7!3m6!1s0x151c4f452cf5dcc9:0x4e23b830dc251025!8m2!3d32.7213014!4d35.3147196!16s%2Fg%2F11j91n7clc!19sChIJydz1LEVPHBURJRAl3DC4I04?authuser=0&hl=iw&rclk=1
35.2786966,33.0176298,מעלות תרשיחא,איש קצב - שווארמה גריל מעלות,4.3,55,43,46,57,63,21,28,12,20,9,False,estimated,"Estimated prices, not verified from menu.",https://www.google.com/maps/place/%D7%90%D7%99%D7%A9+%D7%A7%D7%A6%D7%91+-+%D7%A9%D7%95%D7%95%D7%90%D7%A8%D7%9E%D7%94+%D7%92%D7%A8%D7%99%D7%9C+%D7%9E%D7%A2%D7%9C%D7%95%D7%AA%E2%80%AD/data=!4m7!3m6!1s0x151c2d46ed8cfcc7:0xf270da0ce32a7091!8m2!3d33.0176298!4d35.2786966!16s%2Fg%2F11ld2mxzn_!19sChIJx_yM7UYtHBURkXAq4wzacPI?authuser=0&hl=iw&rclk=1
35.3373069,32.8535975,עראבה,שווארמה אלחלאל شوارما الحلال עראבה,3.9,7,44,45,51,57,19,28,12,20,8,False,estimated,"Estimated prices, not verified from menu.",https://www.google.com/maps/place/%D7%A9%D7%95%D7%95%D7%90%D7%A8%D7%9E%D7%94+%D7%90%D7%9C%D7%97%D7%9C%D7%90%D7%9C+%D8%B4%D9%88%D8%A7%D8%B1%D9%85%D8%A7+%D8%A7%D9%84%D8%AD%D9%84%D8%A7%D9%84+%D7%A2%D7%A8%D7%90%D7%91%D7%94%E2%80%AD/data=!4m7!3m6!1s0x151c37293b1226e7:0x1902bb11810ac452!8m2!3d32.8535975!4d35.3373069!16s%2Fg%2F11ry0k5xjb!19sChIJ5yYSOyk3HBURUsQKgRG7Ahk?authuser=0&hl=iw&rclk=1
35.2715121,32.6818122,יפיע,מלך החומוס והשווארמה,4.4,7,42,51,55,57,18,27,13,21,9,False,estimated,"Estimated prices, not verified from menu.",https://www.google.com/maps/place/%D7%9E%D7%9C%D7%9A+%D7%94%D7%97%D7%95%D7%9E%D7%95%D7%A1+%D7%95%D7%94%D7%A9%D7%95%D7%95%D7%90%D7%A8%D7%9E%D7%94%E2%80%AD/data=!4m7!3m6!1s0x151c4db2c95fac71:0xcb137d84bb33c698!8m2!3d32.6818122!4d35.2715121!16s%2Fg%2F11spls7rxr!19sChIJcaxfybJNHBURmMYzu4R9E8s?authuser=0&hl=iw&rclk=1
35.3357733,32.8521831,עראבה,פלאפל ושווארמה אלבלד,4.7,263,43,50,58,65,19,25,13,21,9,False,estimated,"Estimated prices, not verified from menu.",https://www.google.com/maps/place/%D7%A4%D7%9C%D7%90%D7%A4%D7%9C+%D7%95%D7%A9%D7%95%D7%95%D7%90%D7%A8%D7%9E%D7%94+%D7%90%D7%9C%D7%91%D7%9C%D7%93%E2%80%AD/data=!4m7!3m6!1s0x151c36fa00586e5b:0xdda17ebc261b3e93!8m2!3d32.8521831!4d35.3357733!16s%2Fg%2F11c5_t13cs!19sChIJW25YAPo2HBURkz4bJrx-od0?authuser=0&hl=iw&rclk=1
35.303546,32.699635,נצרת,שווארמה חזן,,1,45,51,57,63,18,25,13,20,9,False,estimated,"Estimated prices, not verified from menu.",https://www.google.com/maps/place/%D7%A9%D7%95%D7%95%D7%90%D7%A8%D7%9E%D7%94+%D7%97%D7%96%D7%9F%E2%80%AD/data=!4m7!3m6!1s0x151c4e800837d7c9:0x3a6038d6ed07ba70!8m2!3d32.699635!4d35.303546!16s%2Fg%2F11b6vgxyfw!19sChIJydc3CIBOHBURcLoH7dY4YDo?authuser=0&hl=iw&rclk=1
35.3151386,32.7028459,נוף הגליל,שווארמה אספניולי,4.0,4,43,46,56,57,19,28,13,22,8,False,estimated,"Estimated prices, not verified from menu.",https://www.google.com/maps/place/%D7%A9%D7%95%D7%95%D7%90%D7%A8%D7%9E%D7%94+%D7%90%D7%A1%D7%A4%D7%A0%D7%99%D7%95%D7%9C%D7%99%E2%80%AD/data=!4m7!3m6!1s0x151c4fdfdd07ea03:0x897d051645e46dcd!8m2!3d32.7028459!4d35.3151386!16s%2Fg%2F11kj11c_sn!19sChIJA-oH3d9PHBURzW3kRRYFfYk?authuser=0&hl=iw&rclk=1
35.2707806,32.7179667,עילוט,شاورما ستيك שווארמה סטייק,4.6,15,43,51,51,62,21,28,12,20,10,False,estimated,"Estimated prices, not verified from menu.",https://www.google.com/maps/place/%D8%B4%D8%A7%D9%88%D8%B1%D9%85%D8%A7+%D8%B3%D8%AA%D9%8A%D9%83+%D7%A9%D7%95%D7%95%D7%90%D7%A8%D7%9E%D7%94+%D7%A1%D7%98%D7%99%D7%99%D7%A7%E2%80%AD/data=!4m7!3m6!1s0x151c4d62db290d75:0x78420a20a3afd00f!8m2!3d32.7179667!4d35.2707806!16s%2Fg%2F11rk8g57tz!19sChIJdQ0p22JNHBURD9CvoyAKQng?authuser=0&hl=iw&rclk=1
35.3215603,32.7276969,ריינה,شوارما العنان - שווארמה אלענאן,4.4,100,45,51,58,57,20,27,12,20,8,True,estimated,"Estimated prices, not verified from menu.",https://www.google.com/maps/place/%D8%B4%D9%88%D8%A7%D8%B1%D9%85%D8%A7+%D8%A7%D9%84%D8%B9%D9%86%D8%A7%D9%86+-+%D7%A9%D7%95%D7%95%D7%90%D7%A8%D7%9E%D7%94+%D7%90%D7%9C%D7%A2%D7%A0%D7%90%D7%9F%E2%80%AD/data=!4m7!3m6!1s0x151c4f1df746d11b:0x3033682c37ed822!8m2!3d32.7276969!4d35.3215603!16s%2Fg%2F11pb7wx41v!19sChIJG9FG9x1PHBURIth-w4I2AwM?authuser=0&hl=iw&rclk=1
35.378344,32.775137,טורעאן,מלך השווארמה והפלאפל,5.0,2,44,53,61,63,20,27,14,23,9,False,estimated,"Estimated prices, not verified from menu.",https://www.google.com/maps/place/%D7%9E%D7%9C%D7%9A+%D7%94%D7%A9%D7%95%D7%95%D7%90%D7%A8%D7%9E%D7%94+%D7%95%D7%94%D7%A4%D7%9C%D7%90%D7%A4%D7%9C%E2%80%AD/data=!4m7!3m6!1s0x151c4812bed8c569:0x204e1d8b01e06957!8m2!3d32.775137!4d35.378344!16s%2Fg%2F1w8g3fqk!19sChIJacXYvhJIHBURV2ngAYsdTiA?authuser=0&hl=iw&rclk=1
35.3798961,32.6781141,דבוריה,שיפודי ושווארמה אלאחמד,4.2,19,44,52,63,71,20,27,15,23,10,False,estimated,"Estimated prices, not verified from menu.",https://www.google.com/maps/place/%D7%A9%D7%99%D7%A4%D7%95%D7%93%D7%99+%D7%95%D7%A9%D7%95%D7%95%D7%90%D7%A8%D7%9E%D7%94+%D7%90%D7%9C%D7%90%D7%97%D7%9E%D7%93%E2%80%AD/data=!4m7!3m6!1s0x151c4f358dde1e53:0x2ec5a9071ed9555a!8m2!3d32.6781141!4d35.3798961!16s%2Fg%2F11sj296z71!19sChIJUx7ejTVPHBURWlXZHgepxS4?authuser=0&hl=iw&rclk=1
35.3748437,32.7770719,טורעאן,שווארמה עזמי טורעאן - شوارما عزمي زرعيني,4.3,12,47,54,54,68,20,28,14,24,9,False,estimated,"Estimated prices, not verified from menu.",https://www.google.com/maps/place/%D7%A9%D7%95%D7%95%D7%90%D7%A8%D7%9E%D7%94+%D7%A2%D7%96%D7%9E%D7%99+%D7%98%D7%95%D7%A8%D7%A2%D7%90%D7%9F+-+%D8%B4%D9%88%D8%A7%D8%B1%D9%85%D8%A7+%D8%B9%D8%B2%D9%85%D9%8A+%D8%B2%D8%B1%D8%B9%D9%8A%D9%86%D9%8A%E2%80%AD/data=!4m7!3m6!1s0x151c4973a4ac5f29:0x6194e8146d423bff!8m2!3d32.7770719!4d35.3748437!16s%2Fg%2F11t9w0yjjl!19sChIJKV-spHNJHBUR_ztCbRTolGE?authuser=0&hl=iw&rclk=1
35.3216455,32.7277397,ריינה,שווארמה אדריס,5.0,4,49,50,57,67,21,27,14,22,9,True,estimated,"Estimated prices, not verified from menu.",https://www.google.com/maps/place/%D7%A9%D7%95%D7%95%D7%90%D7%A8%D7%9E%D7%94+%D7%90%D7%93%D7%A8%D7%99%D7%A1%E2%80%AD/data=!4m7!3m6!1s0x151c4fd5b8d0619b:0xd4bf7ef3017c567c!8m2!3d32.7277397!4d35.3216455!16s%2Fg%2F11xct_5f34!19sChIJm2HQuNVPHBURfFZ8AfN-v9Q?authuser=0&hl=iw&rclk=1
35.3729279,32.6878049,דבוריה,שווארמה תאליא - شوارما تاليا,5.0,2,45,54,58,62,19,27,14,23,10,False,estimated,"Estimated prices, not verified from menu.",https://www.google.com/maps/place/%D7%A9%D7%95%D7%95%D7%90%D7%A8%D7%9E%D7%94+%D7%AA%D7%90%D7%9C%D7%99%D7%90+-+%D8%B4%D9%88%D8%A7%D8%B1%D9%85%D8%A7+%D8%AA%D8%A7%D9%84%D9%8A%D8%A7%E2%80%AD/data=!4m7!3m6!1s0x151c4fad5d2ea22b:0x83da8d34ecdbd015!8m2!3d32.6878049!4d35.3729279!16s%2Fg%2F11trqzcx_r!19sChIJK6IuXa1PHBURFdDb7DSN2oM?authuser=0&hl=iw&rclk=1
35.038257,32.7926,חיפה,שווארמה חאזן - צ׳ק פוסט,4.2,1674,49,51,55,68,20,30,13,22,9,True,estimated,"Estimated prices, not verified from menu.",https://www.google.com/maps/place/%D7%A9%D7%95%D7%95%D7%90%D7%A8%D7%9E%D7%94+%D7%97%D7%90%D7%96%D7%9F+-+%D7%A6%D7%B3%D7%A7+%D7%A4%D7%95%D7%A1%D7%98%E2%80%AD/data=!4m7!3m6!1s0x151dba7866a1a45f:0x9150ba827055ad6c!8m2!3d32.7926!4d35.038257!16s%2Fg%2F1tcwz845!19sChIJX6ShZni6HRURbK1VcIK6UJE?authuser=0&hl=iw&rclk=1
35.2271042,32.7293496,זרזיר,שווארמה יאמן,4.6,572,42,53,62,67,22,29,14,22,9,False,estimated,"Estimated prices, not verified from menu.",https://www.google.com/maps/place/%D7%A9%D7%95%D7%95%D7%90%D7%A8%D7%9E%D7%94+%D7%99%D7%90%D7%9E%D7%9F%E2%80%AD/data=!4m7!3m6!1s0x151c4dfce961ec7d:0x98681dd7ca223b2d!8m2!3d32.7293496!4d35.2271042!16s%2Fg%2F11g0jcv3z0!19sChIJfexh6fxNHBURLTsiytcdaJg?authuser=0&hl=iw&rclk=1
35.2258987,32.7271232,זרזיר,שווארמה ופלאפל אלטרעאני شاورما وفلافل الطرعاني,4.6,159,44,56,57,66,22,28,15,22,9,False,estimated,"Estimated prices, not verified from menu.",https://www.google.com/maps/place/%D7%A9%D7%95%D7%95%D7%90%D7%A8%D7%9E%D7%94+%D7%95%D7%A4%D7%9C%D7%90%D7%A4%D7%9C+%D7%90%D7%9C%D7%98%D7%A8%D7%A2%D7%90%D7%A0%D7%99+%D8%B4%D8%A7%D9%88%D8%B1%D9%85%D8%A7+%D9%88%D9%81%D9%84%D8%A7%D9%81%D9%84+%D8%A7%D9%84%D8%B7%D8%B1%D8%B9%D8%A7%D9%86%D9%8A%E2%80%AD/data=!4m7!3m6!1s0x151c4df272857e47:0xb5c3ded8020ca83d!8m2!3d32.7271232!4d35.2258987!16s%2Fg%2F11jnsmw7nb!19sChIJR36FcvJNHBURPagMAtjew7U?authuser=0&hl=iw&rclk=1
35.1886967,32.8553785,טמרה,שוארמה אלברכה,5.0,1,45,48,55,66,21,28,15,21,9,False,estimated,"Estimated prices, not verified from menu.",https://www.google.com/maps/place/%D7%A9%D7%95%D7%90%D7%A8%D7%9E%D7%94+%D7%90%D7%9C%D7%91%D7%A8%D7%9B%D7%94%E2%80%AD/data=!4m7!3m6!1s0x151dcb3f57023b5b:0x3a9b6e367e2649e6!8m2!3d32.8553785!4d35.1886967!16s%2Fg%2F11qb55pj0r!19sChIJWzsCVz_LHRUR5kkmfjZumzo?authuser=0&hl=iw&rclk=1
35.3443067,32.7554621,כפר כנא,shawarma and more,,1,49,53,59,63,20,30,15,23,10,False,estimated,"Estimated prices, not verified from menu.",https://www.google.com/maps/place/shawarma+and+more/data=!4m7!3m6!1s0x151c490014e4235d:0x33423aacd917c9a9!8m2!3d32.7554621!4d35.3443067!16s%2Fg%2F11yvlpjl3c!19sChIJXSPkFABJHBURqckX2aw6QjM?authuser=0&hl=iw&rclk=1
35.217692,32.7334665,זרזיר,השווארמיה - שווארמה גלילית מבית הצלע האדום,4.8,57,45,48,64,69,22,29,15,23,10,False,estimated,"Estimated prices, not verified from menu.",https://www.google.com/maps/place/%D7%94%D7%A9%D7%95%D7%95%D7%90%D7%A8%D7%9E%D7%99%D7%94+-+%D7%A9%D7%95%D7%95%D7%90%D7%A8%D7%9E%D7%94+%D7%92%D7%9C%D7%99%D7%9C%D7%99%D7%AA+%D7%9E%D7%91%D7%99%D7%AA+%D7%94%D7%A6%D7%9C%D7%A2+%D7%94%D7%90%D7%93%D7%95%D7%9D%E2%80%AD/data=!4m7!3m6!1s0x151c4d00568e5347:0xd7e02a715b344326!8m2!3d32.7334665!4d35.217692!16s%2Fg%2F11x8j9hk2w!19sChIJR1OOVgBNHBURJkM0W3Eq4Nc?authuser=0&hl=iw&rclk=1
35.393691,32.772437,חוות השומר,שווארמה אבו כארם,4.0,6,48,52,64,67,20,31,14,23,9,True,estimated,"Estimated prices, not verified from menu.",https://www.google.com/maps/place/%D7%A9%D7%95%D7%95%D7%90%D7%A8%D7%9E%D7%94+%D7%90%D7%91%D7%95+%D7%9B%D7%90%D7%A8%D7%9D%E2%80%AD/data=!4m7!3m6!1s0x151c4704d2c76eeb:0xe1c0f9617fd4882d!8m2!3d32.772437!4d35.393691!16s%2Fg%2F11s5c_66bb!19sChIJ627H0gRHHBURLYjUf2H5wOE?authuser=0&hl=iw&rclk=1
35.1716377,32.8035559,שפרעם,Shawarma & Grill בשר לבן,5.0,8,45,50,54,72,23,29,14,24,10,False,estimated,"Estimated prices, not verified from menu.",https://www.google.com/maps/place/Shawarma+%26+Grill+%D7%91%D7%A9%D7%A8+%D7%9C%D7%91%D7%9F%E2%80%AD/data=!4m7!3m6!1s0x151db5f83c0b4b91:0xd0baeee94b591448!8m2!3d32.8035559!4d35.1716377!16s%2Fg%2F11nn_vd81w!19sChIJkUsLPPi1HRURSBRZS-nuutA?authuser=0&hl=iw&rclk=1
35.308113,32.8605117,סכנין,שווארמה אדם על גחלים شوارما ادم عالفحم,4.6,113,47,53,60,68,22,27,14,22,9,False,estimated,"Estimated prices, not verified from menu.",https://www.google.com/maps/place/%D7%A9%D7%95%D7%95%D7%90%D7%A8%D7%9E%D7%94+%D7%90%D7%93%D7%9D+%D7%A2%D7%9C+%D7%92%D7%97%D7%9C%D7%99%D7%9D+%D8%B4%D9%88%D8%A7%D8%B1%D9%85%D8%A7+%D8%A7%D8%AF%D9%85+%D8%B9%D8%A7%D9%84%D9%81%D8%AD%D9%85%E2%80%AD/data=!4m7!3m6!1s0x151c37c5dfadd667:0x92e37d95c234fbef!8m2!3d32.8605117!4d35.308113!16s%2Fg%2F11nnmqq40d!19sChIJZ9at38U3HBUR7_s0wpV945I?authuser=0&hl=iw&rclk=1
35.0758877,32.928536,עכו,שווארמה פינטו,4.3,205,44,54,60,64,23,27,13,22,10,True,estimated,"Estimated prices, not verified from menu.",https://www.google.com/maps/place/%D7%A9%D7%95%D7%95%D7%90%D7%A8%D7%9E%D7%94+%D7%A4%D7%99%D7%A0%D7%98%D7%95%E2%80%AD/data=!4m7!3m6!1s0x151dc9694147a299:0x26ea754c56c77b38!8m2!3d32.928536!4d35.0758877!16s%2Fg%2F11gjwvk_4h!19sChIJmaJHQWnJHRUROHvHVkx16iY?authuser=0&hl=iw&rclk=1
35.4007785,32.837932,עילבון,מיי שווארמה My Shawarma,4.9,713,46,56,58,69,21,29,14,21,10,False,estimated,"Estimated prices, not verified from menu.",https://www.google.com/maps/place/%D7%9E%D7%99%D7%99+%D7%A9%D7%95%D7%95%D7%90%D7%A8%D7%9E%D7%94+My+Shawarma%E2%80%AD/data=!4m7!3m6!1s0x151c397f606c75d7:0x6d72b4d5d8891632!8m2!3d32.837932!4d35.4007785!16s%2Fg%2F11lg27c3v_!19sChIJ13VsYH85HBURMhaJ2NW0cm0?authuser=0&hl=iw&rclk=1
35.0760422,32.9285393,עכו,שווארמה אושר,4.8,42,48,52,61,62,20,28,14,22,10,True,estimated,"Estimated prices, not verified from menu.",https://www.google.com/maps/place/%D7%A9%D7%95%D7%95%D7%90%D7%A8%D7%9E%D7%94+%D7%90%D7%95%D7%A9%D7%A8%E2%80%AD/data=!4m7!3m6!1s0x151dc900584b85f3:0x4471caddfc4c0891!8m2!3d32.9285393!4d35.0760422!16s%2Fg%2F11z1nqnbb9!19sChIJ84VLWADJHRURkQhM_N3KcUQ?authuser=0&hl=iw&rclk=1
35.1741403,32.8574409,טמרה,שוארמה אלענותי,4.5,1129,47,52,61,71,22,29,14,22,10,False,estimated,"Estimated prices, not verified from menu.",https://www.google.com/maps/place/%D7%A9%D7%95%D7%90%D7%A8%D7%9E%D7%94+%D7%90%D7%9C%D7%A2%D7%A0%D7%95%D7%AA%D7%99%E2%80%AD/data=!4m7!3m6!1s0x151dca9fcf2e2929:0x71b6a5212275053c!8m2!3d32.8574409!4d35.1741403!16s%2Fg%2F11c3k69yb9!19sChIJKSkuz5_KHRURPAV1IiGltnE?authuser=0&hl=iw&rclk=1
35.0763668,32.9260113,עכו,שווארמה בית העגל,4.4,69,46,55,56,62,21,26,13,23,10,True,estimated,"Estimated prices, not verified from menu.",https://www.google.com/maps/place/%D7%A9%D7%95%D7%95%D7%90%D7%A8%D7%9E%D7%94+%D7%91%D7%99%D7%AA+%D7%94%D7%A2%D7%92%D7%9C%E2%80%AD/data=!4m7!3m6!1s0x151dc9720d8c15b9:0x7d4d9864545d01be!8m2!3d32.9260113!4d35.0763668!16s%2Fg%2F11q9m8j868!19sChIJuRWMDXLJHRURvgFdVGSYTX0?authuser=0&hl=iw&rclk=1
35.2091498,32.7341914,זרזיר,שווארמה ביגוס,4.8,174,48,50,61,66,22,26,14,21,9,False,estimated,"Estimated prices, not verified from menu.",https://www.google.com/maps/place/%D7%A9%D7%95%D7%95%D7%90%D7%A8%D7%9E%D7%94+%D7%91%D7%99%D7%92%D7%95%D7%A1%E2%80%AD/data=!4m7!3m6!1s0x151db30012fdc263:0xb6887d6e68f1fc6e!8m2!3d32.7341914!4d35.2091498!16s%2Fg%2F11x7y_nh57!19sChIJY8L9EgCzHRURbvzxaG59iLY?authuser=0&hl=iw&rclk=1
35.0570264,32.7260402,עוספייא,שווארמה זייד,4.7,199,48,53,62,70,20,27,15,21,9,True,estimated,"Estimated prices, not verified from menu.",https://www.google.com/maps/place/%D7%A9%D7%95%D7%95%D7%90%D7%A8%D7%9E%D7%94+%D7%96%D7%99%D7%99%D7%93%E2%80%AD/data=!4m7!3m6!1s0x151dafeb728556cf:0x282a2db1652840b5!8m2!3d32.7260402!4d35.0570264!16s%2Fg%2F11fk3ht51x!19sChIJz1aFcuuvHRURtUAoZbEtKig?authuser=0&hl=iw&rclk=1
35.0955544,33.0057355,נהריה,שווארמה פאפא לוסקי,4.7,2084,43,53,59,63,20,26,14,23,9,True,estimated,"Estimated prices, not verified from menu.",https://www.google.com/maps/place/%D7%A9%D7%95%D7%95%D7%90%D7%A8%D7%9E%D7%94+%D7%A4%D7%90%D7%A4%D7%90+%D7%9C%D7%95%D7%A1%D7%A7%D7%99%E2%80%AD/data=!4m7!3m6!1s0x151dce59afd0dc7f:0xe37616a20ea0b459!8m2!3d33.0057355!4d35.0955544!16s%2Fg%2F1tj5b06b!19sChIJf9zQr1nOHRURWbSgDqIWduM?authuser=0&hl=iw&rclk=1
35.0982801,33.0059595,נהריה,שווארמה אבוצי,3.9,205,43,50,55,65,21,26,13,22,8,True,estimated,"Estimated prices, not verified from menu.",https://www.google.com/maps/place/%D7%A9%D7%95%D7%95%D7%90%D7%A8%D7%9E%D7%94+%D7%90%D7%91%D7%95%D7%A6%D7%99%E2%80%AD/data=!4m7!3m6!1s0x151dce593730543f:0xb5a81721f1d4a5f7!8m2!3d33.0059595!4d35.0982801!16s%2Fg%2F1tcx41qg!19sChIJP1QwN1nOHRUR96XU8SEXqLU?authuser=0&hl=iw&rclk=1
35.0940416,33.0063903,נהריה,שווארמה דבוש נהריה,3.6,45,45,50,58,60,21,29,15,21,9,True,estimated,"Estimated prices, not verified from menu.",https://www.google.com/maps/place/%D7%A9%D7%95%D7%95%D7%90%D7%A8%D7%9E%D7%94+%D7%93%D7%91%D7%95%D7%A9+%D7%A0%D7%94%D7%A8%D7%99%D7%94%E2%80%AD/data=!4m7!3m6!1s0x151dcf5d108f4b87:0xe238f544c6d5584!8m2!3d33.0063903!4d35.0940416!16s%2Fg%2F11mdv8f10k!19sChIJh0uPEF3PHRURhFVtTFSPIw4?authuser=0&hl=iw&rclk=1
35.0960508,33.0061139,נהריה,שווארמה פינטו -סניף נהריה,3.6,51,41,47,59,64,19,27,13,21,9,True,estimated,"Estimated prices, not verified from menu.",https://www.google.com/maps/place/%D7%A9%D7%95%D7%95%D7%90%D7%A8%D7%9E%D7%94+%D7%A4%D7%99%D7%A0%D7%98%D7%95+-%D7%A1%D7%A0%D7%99%D7%A3+%D7%A0%D7%94%D7%A8%D7%99%D7%94%E2%80%AD/data=!4m7!3m6!1s0x151dcf00e95c274b:0x6aef9f96cf1e25e4!8m2!3d33.0061139!4d35.0960508!16s%2Fg%2F11svs96x_8!19sChIJSydc6QDPHRUR5CUez5af72o?authuser=0&hl=iw&rclk=1
35.0955432,33.0062601,נהריה,שווארמה דומינו לוסקי,4.3,83,47,52,55,69,22,27,15,23,9,True,estimated,"Estimated prices, not verified from menu.",https://www.google.com/maps/place/%D7%A9%D7%95%D7%95%D7%90%D7%A8%D7%9E%D7%94+%D7%93%D7%95%D7%9E%D7%99%D7%A0%D7%95+%D7%9C%D7%95%D7%A1%D7%A7%D7%99%E2%80%AD/data=!4m7!3m6!1s0x151dcf065bc87513:0x2bfa5f6a7be635dd!8m2!3d33.0062601!4d35.0955432!16s%2Fg%2F11gjj24qdh!19sChIJE3XIWwbPHRUR3TXme2pf-is?authuser=0&hl=iw&rclk=1
35.3029737,32.920449,כרמיאל,השווארמה של מלכה,4.3,358,45,54,58,69,21,27,15,22,10,True,estimated,"Estimated prices, not verified from menu.",https://www.google.com/maps/place/%D7%94%D7%A9%D7%95%D7%95%D7%90%D7%A8%D7%9E%D7%94+%D7%A9%D7%9C+%D7%9E%D7%9C%D7%9B%D7%94%E2%80%AD/data=!4m7!3m6!1s0x151c3161d420ef9d:0x598b36176f1d9f88!8m2!3d32.920449!4d35.3029737!16s%2Fg%2F11dxryn20p!19sChIJne8g1GExHBURiJ8dbxc2i1k?authuser=0&hl=iw&rclk=1
35.2639343,32.9877326,יאנוח - ג'ת,שווארמה אבו סעיד,4.9,351,46,54,53,63,21,29,13,23,9,False,estimated,"Estimated prices, not verified from menu.",https://www.google.com/maps/place/%D7%A9%D7%95%D7%95%D7%90%D7%A8%D7%9E%D7%94+%D7%90%D7%91%D7%95+%D7%A1%D7%A2%D7%99%D7%93%E2%80%AD/data=!4m7!3m6!1s0x151c33dbba4abd27:0x1d3822d841256d42!8m2!3d32.9877326!4d35.2639343!16s%2Fg%2F11gmcj_lgy!19sChIJJ71KutszHBURQm0lQdgiOB0?authuser=0&hl=iw&rclk=1
35.1636717,32.9506082,כפר יאסיף,שווארמה סתיתי,4.8,116,47,53,54,63,19,26,14,20,9,False,estimated,"Estimated prices, not verified from menu.",https://www.google.com/maps/place/%D7%A9%D7%95%D7%95%D7%90%D7%A8%D7%9E%D7%94+%D7%A1%D7%AA%D7%99%D7%AA%D7%99%E2%80%AD/data=!4m7!3m6!1s0x151dcdb354077399:0x9f9ed1196f0598a4!8m2!3d32.9506082!4d35.1636717!16s%2Fg%2F11h4tbj237!19sChIJmXMHVLPNHRURpJgFbxnRnp8?authuser=0&hl=iw&rclk=1
35.1639848,32.9569737,אבו סנאן,שווארמה מוראד כארם,4.6,36,42,54,58,70,21,27,14,21,8,False,estimated,"Estimated prices, not verified from menu.",https://www.google.com/maps/place/%D7%A9%D7%95%D7%95%D7%90%D7%A8%D7%9E%D7%94+%D7%9E%D7%95%D7%A8%D7%90%D7%93+%D7%9B%D7%90%D7%A8%D7%9D%E2%80%AD/data=!4m7!3m6!1s0x151dcd5b32cfbc5b:0xb94db88781e2a41d!8m2!3d32.9569737!4d35.1639848!16s%2Fg%2F11n88lh6l3!19sChIJW7zPMlvNHRURHaTigYe4Tbk?authuser=0&hl=iw&rclk=1
35.2742065,32.932812,בענה,Charolais burger&shawarma,4.7,7,47,53,54,60,21,27,13,21,9,False,estimated,"Estimated prices, not verified from menu.",https://www.google.com/maps/place/Charolais+burger%26shawarma/data=!4m7!3m6!1s0x151c332e1cd13301:0xaf7903f3d490c658!8m2!3d32.932812!4d35.2742065!16s%2Fg%2F11h8bt85vj!19sChIJATPRHC4zHBURWMaQ1PMDea8?authuser=0&hl=iw&rclk=1
35.21199,32.953492,ירכא,שווארמה אבו נג׳ם,5.0,13,43,51,60,64,19,27,14,24,9,False,estimated,"Estimated prices, not verified from menu.",https://www.google.com/maps/place/%D7%A9%D7%95%D7%95%D7%90%D7%A8%D7%9E%D7%94+%D7%90%D7%91%D7%95+%D7%A0%D7%92%D7%B3%D7%9D%E2%80%AD/data=!4m7!3m6!1s0x151dcd8f3acb0ec7:0xc862cfda572f1a17!8m2!3d32.953492!4d35.21199!16s%2Fg%2F11khq2w5wv!19sChIJxw7LOo_NHRURFxovV9rPYsg?authuser=0&hl=iw&rclk=1
35.2249665,32.7311953,זרזיר,מלך השווארמה והפלאפל,4.4,272,44,51,61,69,20,30,14,23,9,False,estimated,"Estimated prices, not verified from menu.",https://www.google.com/maps/place/%D7%9E%D7%9C%D7%9A+%D7%94%D7%A9%D7%95%D7%95%D7%90%D7%A8%D7%9E%D7%94+%D7%95%D7%94%D7%A4%D7%9C%D7%90%D7%A4%D7%9C%E2%80%AD/data=!4m7!3m6!1s0x151c4dc22a637dc1:0x47f46bcc1b234857!8m2!3d32.7311953!4d35.2249665!16s%2Fg%2F11f62fptjm!19sChIJwX1jKsJNHBURV0gjG8xr9Ec?authuser=0&hl=iw&rclk=1
35.485275,32.9606429,צפת,בית השווארמה 148,4.0,4,42,52,56,60,19,29,14,22,10,False,estimated,"Estimated prices, not verified from menu.",https://www.google.com/maps/place/%D7%91%D7%99%D7%AA+%D7%94%D7%A9%D7%95%D7%95%D7%90%D7%A8%D7%9E%D7%94+148%E2%80%AD/data=!4m7!3m6!1s0x151c231085f93e57:0x3694a800ab222cc4!8m2!3d32.9606429!4d35.485275!16s%2Fg%2F11sk3skvzd!19sChIJVz75hRAjHBURxCwiqwColDY?authuser=0&hl=iw&rclk=1
35.1058125,33.0271875,סער,ג'ונאם - שווארמה גלילית,4.2,36,46,49,56,67,21,28,14,23,10,False,estimated,"Estimated prices, not verified from menu.",https://www.google.com/maps/place/%D7%92%27%D7%95%D7%A0%D7%90%D7%9D+-+%D7%A9%D7%95%D7%95%D7%90%D7%A8%D7%9E%D7%94+%D7%92%D7%9C%D7%99%D7%9C%D7%99%D7%AA%E2%80%AD/data=!4m7!3m6!1s0x151dcf00787b5ecb:0x3dbc2d2112490bf5!8m2!3d33.0271875!4d35.1058125!16s%2Fg%2F11yq033hzh!19sChIJy157eADPHRUR9QtJEiEtvD0?authuser=0&hl=iw&rclk=1
35.1702878,32.801284,שפרעם,Goat Shawarma & Steakhouse - גואט שווארמה & סטייקהאוס,4.8,46,43,48,58,63,22,28,15,22,10,False,estimated,"Estimated prices, not verified from menu.",https://www.google.com/maps/place/Goat+Shawarma+%26+Steakhouse+-+%D7%92%D7%95%D7%90%D7%98+%D7%A9%D7%95%D7%95%D7%90%D7%A8%D7%9E%D7%94+%26+%D7%A1%D7%98%D7%99%D7%99%D7%A7%D7%94%D7%90%D7%95%D7%A1%E2%80%AD/data=!4m7!3m6!1s0x151db581e8aa11bb:0x7d8f3638fcc03997!8m2!3d32.801284!4d35.1702878!16s%2Fg%2F11xffxg7t_!19sChIJuxGq6IG1HRURlznA_Dg2j30?authuser=0&hl=iw&rclk=1
35.0760422,32.9285393,עכו,סעדיה- שווארמה וגריל פחמים,4.8,15,41,47,61,66,19,25,14,23,10,True,estimated,"Estimated prices, not verified from menu.",https://www.google.com/maps/place/%D7%A1%D7%A2%D7%93%D7%99%D7%94-+%D7%A9%D7%95%D7%95%D7%90%D7%A8%D7%9E%D7%94+%D7%95%D7%92%D7%A8%D7%99%D7%9C+%D7%A4%D7%97%D7%9E%D7%99%D7%9D%E2%80%AD/data=!4m7!3m6!1s0x151dc9092b140d99:0xf00c15635cd24ce8!8m2!3d32.9285393!4d35.0760422!16s%2Fg%2F11w22q9lbx!19sChIJmQ0UKwnJHRUR6EzSXGMVDPA?authuser=0&hl=iw&rclk=1
35.1769585,32.857044,טמרה,שווארמה בלאק אנגוס טמרה,4.7,153,46,49,55,62,20,26,14,22,9,False,estimated,"Estimated prices, not verified from menu.",https://www.google.com/maps/place/%D7%A9%D7%95%D7%95%D7%90%D7%A8%D7%9E%D7%94+%D7%91%D7%9C%D7%90%D7%A7+%D7%90%D7%A0%D7%92%D7%95%D7%A1+%D7%98%D7%9E%D7%A8%D7%94%E2%80%AD/data=!4m7!3m6!1s0x151db58d390c8329:0x6d3629a565ce7b44!8m2!3d32.857044!4d35.1769585!16s%2Fg%2F11sqsflbrl!19sChIJKYMMOY21HRURRHvOZaUpNm0?authuser=0&hl=iw&rclk=1
35.1792835,32.8566366,טמרה,שוארמה סלים -فلافل وشوارما عجل وحبش,4.9,39,43,50,61,68,21,25,14,23,9,False,estimated,"Estimated prices, not verified from menu.",https://www.google.com/maps/place/%D7%A9%D7%95%D7%90%D7%A8%D7%9E%D7%94+%D7%A1%D7%9C%D7%99%D7%9D+-%D9%81%D9%84%D8%A7%D9%81%D9%84+%D9%88%D8%B4%D9%88%D8%A7%D8%B1%D9%85%D8%A7+%D8%B9%D8%AC%D9%84+%D9%88%D8%AD%D8%A8%D8%B4%E2%80%AD/data=!4m7!3m6!1s0x151db5e5b5a3c66d:0x9e258c62223e0de9!8m2!3d32.8566366!4d35.1792835!16s%2Fg%2F11qb55ry0s!19sChIJbcajteW1HRUR6Q0-ImKMJZ4?authuser=0&hl=iw&rclk=1
35.1692785,32.8587505,טמרה,שוארמה אלחיר,4.2,90,45,50,57,69,22,27,15,23,10,False,estimated,"Estimated prices, not verified from menu.",https://www.google.com/maps/place/%D7%A9%D7%95%D7%90%D7%A8%D7%9E%D7%94+%D7%90%D7%9C%D7%97%D7%99%D7%A8%E2%80%AD/data=!4m7!3m6!1s0x151db581b4cf9449:0x570b0e686d77651f!8m2!3d32.8587505!4d35.1692785!16s%2Fg%2F11df520vdk!19sChIJSZTPtIG1HRURH2V3bWgOC1c?authuser=0&hl=iw&rclk=1
35.1031745,32.8046153,קרית אתא,שווארמה העגלה - מהדרין קריית אתא,4.6,1523,45,55,59,60,21,27,14,22,9,True,estimated,"Estimated prices, not verified from menu.",https://www.google.com/maps/place/%D7%A9%D7%95%D7%95%D7%90%D7%A8%D7%9E%D7%94+%D7%94%D7%A2%D7%92%D7%9C%D7%94+-+%D7%9E%D7%94%D7%93%D7%A8%D7%99%D7%9F+%D7%A7%D7%A8%D7%99%D7%99%D7%AA+%D7%90%D7%AA%D7%90%E2%80%AD/data=!4m7!3m6!1s0x151db6cac248cc7f:0x79862724b101e348!8m2!3d32.8046153!4d35.1031745!16s%2Fg%2F11cjbcq1mz!19sChIJf8xIwsq2HRURSOMBsSQnhnk?authuser=0&hl=iw&rclk=1
35.1784195,32.7922968,שפרעם,‏Shawarma Plus,5.0,3,42,54,60,68,21,29,13,22,10,False,estimated,"Estimated prices, not verified from menu.",https://www.google.com/maps/place/%E2%80%8FShawarma+Plus%E2%80%AD/data=!4m7!3m6!1s0x151c4fb66aac16db:0xc473f5826b2ab9b1!8m2!3d32.7922968!4d35.1784195!16s%2Fg%2F11vxzhfv2x!19sChIJ2xasarZPHBURsbkqa4L1c8Q?authuser=0&hl=iw&rclk=1
35.0763668,32.9260113,עכו,סוד השווארמה,4.6,70,43,54,54,67,20,29,13,21,10,True,estimated,"Estimated prices, not verified from menu.",https://www.google.com/maps/place/%D7%A1%D7%95%D7%93+%D7%94%D7%A9%D7%95%D7%95%D7%90%D7%A8%D7%9E%D7%94%E2%80%AD/data=!4m7!3m6!1s0x151dc919c353a669:0xd61211571745bf1e!8m2!3d32.9260113!4d35.0763668!16s%2Fg%2F11rgfw_s60!19sChIJaaZTwxnJHRURHr9FF1cREtY?authuser=0&hl=iw&rclk=1
35.1993043,32.9530059,ירכא,שווארמה אבו עלי,4.7,351,46,47,53,62,21,29,14,23,9,False,estimated,"Estimated prices, not verified from menu.",https://www.google.com/maps/place/%D7%A9%D7%95%D7%95%D7%90%D7%A8%D7%9E%D7%94+%D7%90%D7%91%D7%95+%D7%A2%D7%9C%D7%99%E2%80%AD/data=!4m7!3m6!1s0x151dcded06e5b7f5:0x6564c2796c8af263!8m2!3d32.9530059!4d35.1993043!16s%2Fg%2F11h0330z7z!19sChIJ9bflBu3NHRURY_KKbHnCZGU?authuser=0&hl=iw&rclk=1
35.1721878,32.9469871,כפר יאסיף,שווארמה אבו מואד,4.5,96,43,50,56,66,21,28,14,22,9,False,estimated,"Estimated prices, not verified from menu.",https://www.google.com/maps/place/%D7%A9%D7%95%D7%95%D7%90%D7%A8%D7%9E%D7%94+%D7%90%D7%91%D7%95+%D7%9E%D7%95%D7%90%D7%93%E2%80%AD/data=!4m7!3m6!1s0x151dcc879f45ab7f:0x22ab9c7238534fc2!8m2!3d32.9469871!4d35.1721878!16s%2Fg%2F11fy1_sbjb!19sChIJf6tFn4fMHRURwk9TOHKcqyI?authuser=0&hl=iw&rclk=1
35.1003666,32.8610398,קרית ביאליק,שווארמה אבוחצירא,4.9,21,44,53,53,68,21,29,14,23,9,False,estimated,"Estimated prices, not verified from menu.",https://www.google.com/maps/place/%D7%A9%D7%95%D7%95%D7%90%D7%A8%D7%9E%D7%94+%D7%90%D7%91%D7%95%D7%97%D7%A6%D7%99%D7%A8%D7%90%E2%80%AD/data=!4m7!3m6!1s0x151db7385ceb51b9:0xae98a0ced68d4a55!8m2!3d32.8610398!4d35.1003666!16s%2Fg%2F11m6xxn56_!19sChIJuVHrXDi3HRURVUqN1s6gmK4?authuser=0&hl=iw&rclk=1
35.1595764,32.9569282,אבו סנאן,שווארמה חאזן כפר יאסיף,4.4,207,47,52,56,68,21,28,14,22,9,False,estimated,"Estimated prices, not verified from menu.",https://www.google.com/maps/place/%D7%A9%D7%95%D7%95%D7%90%D7%A8%D7%9E%D7%94+%D7%97%D7%90%D7%96%D7%9F+%D7%9B%D7%A4%D7%A8+%D7%99%D7%90%D7%A1%D7%99%D7%A3%E2%80%AD/data=!4m7!3m6!1s0x151dcc7aa0f04add:0xbd59246e2b4efd16!8m2!3d32.9569282!4d35.1595764!16s%2Fg%2F11f3drh_v4!19sChIJ3UrwoHrMHRURFv1OK24kWb0?authuser=0&hl=iw&rclk=1
35.0721849,32.8122195,חיפה,Shawarma Bambino,3.0,2,45,48,61,67,22,28,15,20,10,True,estimated,"Estimated prices, not verified from menu.",https://www.google.com/maps/place/Shawarma+Bambino/data=!4m7!3m6!1s0x151db1d1f08caf87:0x5609ed823e6fe3c1!8m2!3d32.8122195!4d35.0721849!16s%2Fg%2F11krcvkpzb!19sChIJh6-M8NGxHRURweNvPoLtCVY?authuser=0&hl=iw&rclk=1
35.1770548,32.9426631,ג'וליס,שווארמה התאומות,5.0,21,44,51,58,66,19,29,13,21,9,False,estimated,"Estimated prices, not verified from menu.",https://www.google.com/maps/place/%D7%A9%D7%95%D7%95%D7%90%D7%A8%D7%9E%D7%94+%D7%94%D7%AA%D7%90%D7%95%D7%9E%D7%95%D7%AA%E2%80%AD/data=!4m7!3m6!1s0x151dcdef035e60c1:0xd608e731a7f6e8e6!8m2!3d32.9426631!4d35.1770548!16s%2Fg%2F11kb3h051q!19sChIJwWBeA-_NHRUR5uj2pzHnCNY?authuser=0&hl=iw&rclk=1
35.1599962,32.9567562,אבו סנאן,שווארמה ראדי,5.0,23,47,48,53,65,19,29,13,24,10,False,estimated,"Estimated prices, not verified from menu.",https://www.google.com/maps/place/%D7%A9%D7%95%D7%95%D7%90%D7%A8%D7%9E%D7%94+%D7%A8%D7%90%D7%93%D7%99%E2%80%AD/data=!4m7!3m6!1s0x151dcd0fc50eec8f:0x7f13a9f48c114663!8m2!3d32.9567562!4d35.1599962!16s%2Fg%2F11s3y7d558!19sChIJj-wOxQ_NHRURY0YRjPSpE38?authuser=0&hl=iw&rclk=1
35.0791768,32.8244785,קרית ביאליק,שווארמה כהן,5.0,4,42,48,55,67,22,27,13,23,9,True,estimated,"Estimated prices, not verified from menu.",https://www.google.com/maps/place/%D7%A9%D7%95%D7%95%D7%90%D7%A8%D7%9E%D7%94+%D7%9B%D7%94%D7%9F%E2%80%AD/data=!4m7!3m6!1s0x151db7a7d46e042b:0x2dcccbf40b480d17!8m2!3d32.8244785!4d35.0791768!16s%2Fg%2F11mrtpf5pb!19sChIJKwRu1Ke3HRURFw1IC_TLzC0?authuser=0&hl=iw&rclk=1
35.0654101,32.8360557,חיפה,שווארמה צמרת,4.6,119,47,53,57,62,21,28,13,21,9,True,estimated,"Estimated prices, not verified from menu.",https://www.google.com/maps/place/%D7%A9%D7%95%D7%95%D7%90%D7%A8%D7%9E%D7%94+%D7%A6%D7%9E%D7%A8%D7%AA%E2%80%AD/data=!4m7!3m6!1s0x151db715eef08475:0xcb0ea70f0ea8bd1c!8m2!3d32.8360557!4d35.0654101!16s%2Fg%2F11gf8gsq_q!19sChIJdYTw7hW3HRURHL2oDg-nDss?authuser=0&hl=iw&rclk=1
35.0656916,32.8365019,חיפה,שווארמה ברכת ה׳,4.0,48,44,50,54,69,19,27,14,23,9,True,estimated,"Estimated prices, not verified from menu.",https://www.google.com/maps/place/%D7%A9%D7%95%D7%95%D7%90%D7%A8%D7%9E%D7%94+%D7%91%D7%A8%D7%9B%D7%AA+%D7%94%D7%B3%E2%80%AD/data=!4m7!3m6!1s0x151db715dd30d3b9:0x91ce80a111ac7d81!8m2!3d32.8365019!4d35.0656916!16s%2Fg%2F11c20bh7dy!19sChIJudMw3RW3HRURgX2sEaGAzpE?authuser=0&hl=iw&rclk=1
35.1775131,32.9521293,ירכא,שווארמה אלענותי,4.4,73,43,51,55,63,21,29,13,22,9,False,estimated,"Estimated prices, not verified from menu.",https://www.google.com/maps/place/%D7%A9%D7%95%D7%95%D7%90%D7%A8%D7%9E%D7%94+%D7%90%D7%9C%D7%A2%D7%A0%D7%95%D7%AA%D7%99%E2%80%AD/data=!4m7!3m6!1s0x151dcdc3ea642b1f:0xd93102fa99afc73b!8m2!3d32.9521293!4d35.1775131!16s%2Fg%2F11sxhg1_kb!19sChIJHytk6sPNHRURO8evmfoCMdk?authuser=0&hl=iw&rclk=1
35.158489,32.9579162,אבו סנאן,שווארמה ג'וני,4.5,97,41,51,57,65,22,26,13,22,9,False,estimated,"Estimated prices, not verified from menu.",https://www.google.com/maps/place/%D7%A9%D7%95%D7%95%D7%90%D7%A8%D7%9E%D7%94+%D7%92%27%D7%95%D7%A0%D7%99%E2%80%AD/data=!4m7!3m6!1s0x151dcd726396a2bd:0x6e57a22143f50a50!8m2!3d32.9579162!4d35.158489!16s%2Fg%2F11f87tggn7!19sChIJvaKWY3LNHRURUAr1QyGiV24?authuser=0&hl=iw&rclk=1
35.5690541,33.212575,קרית שמונה,הפלאפל והשווארמה של אהרון,4.1,445,46,49,63,66,21,31,14,22,9,True,estimated,"Estimated prices, not verified from menu.",https://www.google.com/maps/place/%D7%94%D7%A4%D7%9C%D7%90%D7%A4%D7%9C+%D7%95%D7%94%D7%A9%D7%95%D7%95%D7%90%D7%A8%D7%9E%D7%94+%D7%A9%D7%9C+%D7%90%D7%94%D7%A8%D7%95%D7%9F%E2%80%AD/data=!4m7!3m6!1s0x151ebd570ce757e9:0xe03ff7059ade4ef6!8m2!3d33.212575!4d35.5690541!16s%2Fg%2F11g8_0l3d4!19sChIJ6VfnDFe9HhUR9k7emgX3P-A?authuser=0&hl=iw&rclk=1
35.5703068,33.1698248,קרית שמונה,שווארמה 360,4.4,89,43,49,58,71,19,29,13,23,9,True,estimated,"Estimated prices, not verified from menu.",https://www.google.com/maps/place/%D7%A9%D7%95%D7%95%D7%90%D7%A8%D7%9E%D7%94+360%E2%80%AD/data=!4m7!3m6!1s0x151ea3005847ca2b:0x4dae48e1d1db2447!8m2!3d33.1698248!4d35.5703068!16s%2Fg%2F11x1bp9t8c!19sChIJK8pHWACjHhURRyTb0eFIrk0?authuser=0&hl=iw&rclk=1
35.589038,33.2206185,קרית שמונה,נגה חומוס שווארמה,4.7,475,45,56,59,72,21,27,14,21,9,False,estimated,"Estimated prices, not verified from menu.",https://www.google.com/maps/place/%D7%A0%D7%92%D7%94+%D7%97%D7%95%D7%9E%D7%95%D7%A1+%D7%A9%D7%95%D7%95%D7%90%D7%A8%D7%9E%D7%94%E2%80%AD/data=!4m7!3m6!1s0x151ebd6adb72cd7f:0xe9f9ddd9c5b398c9!8m2!3d33.2206185!4d35.589038!16s%2Fg%2F11b7l3rw5r!19sChIJf81y22q9HhURyZizxdnd-ek?authuser=0&hl=iw&rclk=1
35.5702379,33.2109798,קרית שמונה,השווארמה של אורי,3.8,13,47,50,58,70,19,30,14,22,10,True,estimated,"Estimated prices, not verified from menu.",https://www.google.com/maps/place/%D7%94%D7%A9%D7%95%D7%95%D7%90%D7%A8%D7%9E%D7%94+%D7%A9%D7%9C+%D7%90%D7%95%D7%A8%D7%99%E2%80%AD/data=!4m7!3m6!1s0x151ebd56d8b316fd:0x59b1f940298ed65d!8m2!3d33.2109798!4d35.5702379!16s%2Fg%2F11h7s4t0z4!19sChIJ_Raz2Fa9HhURXdaOKUD5sVk?authuser=0&hl=iw&rclk=1
35.5705125,33.1701037,קרית שמונה,שיפודי ושווארמה אלבאשא,1.5,31,44,56,56,70,22,28,13,21,10,True,estimated,"Estimated prices, not verified from menu.",https://www.google.com/maps/place/%D7%A9%D7%99%D7%A4%D7%95%D7%93%D7%99+%D7%95%D7%A9%D7%95%D7%95%D7%90%D7%A8%D7%9E%D7%94+%D7%90%D7%9C%D7%91%D7%90%D7%A9%D7%90%E2%80%AD/data=!4m7!3m6!1s0x151ea387fcd1a22f:0x9dd6c60cf8c3a9b3!8m2!3d33.1701037!4d35.5705125!16s%2Fg%2F11np2qtvzh!19sChIJL6LR_IejHhURs6nD-AzG1p0?authuser=0&hl=iw&rclk=1
35.5701651,33.1250173,קרית שמונה,שווארמה יניב,3.9,64,47,56,59,68,22,28,15,24,10,True,estimated,"Estimated prices, not verified from menu.",https://www.google.com/maps/place/%D7%A9%D7%95%D7%95%D7%90%D7%A8%D7%9E%D7%94+%D7%99%D7%A0%D7%99%D7%91%E2%80%AD/data=!4m7!3m6!1s0x151ea1753540f051:0x928b2d0609c7d894!8m2!3d33.1250173!4d35.5701651!16s%2Fg%2F11pctf41xh!19sChIJUfBANXWhHhURlNjHCQYti5I?authuser=0&hl=iw&rclk=1
35.5275519,32.7976082,טבריה,השווארמה,4.1,104,43,54,58,62,21,28,14,21,10,False,estimated,"Estimated prices, not verified from menu.",https://www.google.com/maps/place/%D7%94%D7%A9%D7%95%D7%95%D7%90%D7%A8%D7%9E%D7%94%E2%80%AD/data=!4m7!3m6!1s0x151c3f5d5ab4fb41:0x20aafa04fc43e5c6!8m2!3d32.7976082!4d35.5275519!16s%2Fg%2F11s9_x4xr3!19sChIJQfu0Wl0_HBURxuVD_AT6qiA?authuser=0&hl=iw&rclk=1
35.5405894,32.7854214,טבריה,שווארמה לוין,4.4,491,44,53,60,65,20,29,13,21,10,True,estimated,"Estimated prices, not verified from menu.",https://www.google.com/maps/place/%D7%A9%D7%95%D7%95%D7%90%D7%A8%D7%9E%D7%94+%D7%9C%D7%95%D7%99%D7%9F%E2%80%AD/data=!4m7!3m6!1s0x151c3e4bd716f3d9:0xeaa219aac36df6cf!8m2!3d32.7854214!4d35.5405894!16s%2Fg%2F11g72jk3zk!19sChIJ2fMW10s-HBURz_Ztw6oZouo?authuser=0&hl=iw&rclk=1
35.5391336,32.7879132,טבריה,פלאפל שווארמה בטבריה || נפגש אצל אילן,4.3,167,42,47,61,66,21,29,14,22,9,True,estimated,"Estimated prices, not verified from menu.",https://www.google.com/maps/place/%D7%A4%D7%9C%D7%90%D7%A4%D7%9C+%D7%A9%D7%95%D7%95%D7%90%D7%A8%D7%9E%D7%94+%D7%91%D7%98%D7%91%D7%A8%D7%99%D7%94+%7C%7C+%D7%A0%D7%A4%D7%92%D7%A9+%D7%90%D7%A6%D7%9C+%D7%90%D7%99%D7%9C%D7%9F%E2%80%AD/data=!4m7!3m6!1s0x151c3f6c6bfae9cd:0x99578823f2d77c5b!8m2!3d32.7879132!4d35.5391336!16s%2Fg%2F11g2pzwc1v!19sChIJzen6a2w_HBURW3zX8iOIV5k?authuser=0&hl=iw&rclk=1
35.539345,32.787801,טבריה,"טעים טעים שווארמה, המבורגר, פלאפאל",4.1,42,45,48,55,64,21,25,13,22,9,True,estimated,"Estimated prices, not verified from menu.","https://www.google.com/maps/place/%D7%98%D7%A2%D7%99%D7%9D+%D7%98%D7%A2%D7%99%D7%9D+%D7%A9%D7%95%D7%95%D7%90%D7%A8%D7%9E%D7%94,+%D7%94%D7%9E%D7%91%D7%95%D7%A8%D7%92%D7%A8,+%D7%A4%D7%9C%D7%90%D7%A4%D7%90%D7%9C%E2%80%AD/data=!4m7!3m6!1s0x151c3e496839f389:0x7a43d7ed7484e4a0!8m2!3d32.787801!4d35.539345!16s%2Fg%2F11gd_m8z9d!19sChIJifM5aEk-HBURoOSEdO3XQ3o?authuser=0&hl=iw&rclk=1"
35.5394331,32.7878137,טבריה,Falafel shawarma,4.6,56,43,49,54,64,19,26,14,21,10,True,estimated,"Estimated prices, not verified from menu.",https://www.google.com/maps/place/Falafel+shawarma/data=!4m7!3m6!1s0x151c3f7113799ecb:0x27e1e1fa9f1f8d51!8m2!3d32.7878137!4d35.5394331!16s%2Fg%2F11h4npzkjq!19sChIJy555E3E_HBURUY0fn_rh4Sc?authuser=0&hl=iw&rclk=1
35.2760467,32.9249801,כרמיאל,Shawarma Hani שווארמה האני,4.6,693,46,48,57,63,20,29,15,21,9,True,estimated,"Estimated prices, not verified from menu.",https://www.google.com/maps/place/Shawarma+Hani+%D7%A9%D7%95%D7%95%D7%90%D7%A8%D7%9E%D7%94+%D7%94%D7%90%D7%A0%D7%99%E2%80%AD/data=!4m7!3m6!1s0x151c33277dba50c1:0xdeb3f900e445a578!8m2!3d32.9249801!4d35.2760467!16s%2Fg%2F11fd6hpx0_!19sChIJwVC6fSczHBUReKVF5AD5s94?authuser=0&hl=iw&rclk=1
35.530966,32.7958309,טבריה,שווארמה עבאס,,1,42,48,59,64,19,29,15,24,10,False,estimated,"Estimated prices, not verified from menu.",https://www.google.com/maps/place/%D7%A9%D7%95%D7%95%D7%90%D7%A8%D7%9E%D7%94+%D7%A2%D7%91%D7%90%D7%A1%E2%80%AD/data=!4m7!3m6!1s0x151c3e5ae35fab53:0x5be93e954bf3674d!8m2!3d32.7958309!4d35.530966!16s%2Fg%2F11b6vkbsf9!19sChIJU6tf41o-HBURTWfzS5U-6Vs?authuser=0&hl=iw&rclk=1
35.524103,32.798774,טבריה,שווארמה אלאמיר עראבהشوارما الامير عرابه,4.5,2,41,48,53,62,19,28,14,21,9,False,estimated,"Estimated prices, not verified from menu.",https://www.google.com/maps/place/%D7%A9%D7%95%D7%95%D7%90%D7%A8%D7%9E%D7%94+%D7%90%D7%9C%D7%90%D7%9E%D7%99%D7%A8+%D7%A2%D7%A8%D7%90%D7%91%D7%94%D8%B4%D9%88%D8%A7%D8%B1%D9%85%D8%A7+%D8%A7%D9%84%D8%A7%D9%85%D9%8A%D8%B1+%D8%B9%D8%B1%D8%A7%D8%A8%D9%87%E2%80%AD/data=!4m7!3m6!1s0x151c3fe41554c651:0xfa38a799f0f1c622!8m2!3d32.798774!4d35.524103!16s%2Fg%2F11k3lj7_yb!19sChIJUcZUFeQ_HBURIsbx8JmnOPo?authuser=0&hl=iw&rclk=1
35.5404832,32.7880001,טבריה,פלאפל שווארמה עלוש,3.3,196,42,49,53,68,20,27,15,22,9,True,estimated,"Estimated prices, not verified from menu.",https://www.google.com/maps/place/%D7%A4%D7%9C%D7%90%D7%A4%D7%9C+%D7%A9%D7%95%D7%95%D7%90%D7%A8%D7%9E%D7%94+%D7%A2%D7%9C%D7%95%D7%A9%E2%80%AD/data=!4m7!3m6!1s0x151c3e4902d493cb:0x461eed3e8d66a95d!8m2!3d32.7880001!4d35.5404832!16s%2Fg%2F11gbgbc6rm!19sChIJy5PUAkk-HBURXalmjT7tHkY?authuser=0&hl=iw&rclk=1
35.530973,32.795859,טבריה,פלאפל ושווארמה זמיר,,1,45,54,55,65,22,26,14,22,8,False,estimated,"Estimated prices, not verified from menu.",https://www.google.com/maps/place/%D7%A4%D7%9C%D7%90%D7%A4%D7%9C+%D7%95%D7%A9%D7%95%D7%95%D7%90%D7%A8%D7%9E%D7%94+%D7%96%D7%9E%D7%99%D7%A8%E2%80%AD/data=!4m7!3m6!1s0x151c3e5ae35fb2e5:0xe002d5f5a8b561cc!8m2!3d32.795859!4d35.530973!16s%2Fg%2F1v2f2rbh!19sChIJ5bJf41o-HBURzGG1qPXVAuA?authuser=0&hl=iw&rclk=1
35.4935705,32.9681652,צפת,שווארמה ופלאפל בארכה,4.3,151,40,47,52,66,21,29,13,21,10,True,estimated,"Estimated prices, not verified from menu.",https://www.google.com/maps/place/%D7%A9%D7%95%D7%95%D7%90%D7%A8%D7%9E%D7%94+%D7%95%D7%A4%D7%9C%D7%90%D7%A4%D7%9C+%D7%91%D7%90%D7%A8%D7%9B%D7%94%E2%80%AD/data=!4m7!3m6!1s0x151c23996e1556c5:0xb12ab431a37eb3da!8m2!3d32.9681652!4d35.4935705!16s%2Fg%2F11hdzcxjjs!19sChIJxVYVbpkjHBUR2rN-ozG0KrE?authuser=0&hl=iw&rclk=1
35.4967439,32.9675536,צפת,שווארמה שייבה,4.0,1,45,48,57,67,20,28,14,22,9,True,estimated,"Estimated prices, not verified from menu.",https://www.google.com/maps/place/%D7%A9%D7%95%D7%95%D7%90%D7%A8%D7%9E%D7%94+%D7%A9%D7%99%D7%99%D7%91%D7%94%E2%80%AD/data=!4m7!3m6!1s0x151c239427dbd3db:0xbb4cbc2cd6b6e45!8m2!3d32.9675536!4d35.4967439!16s%2Fg%2F1vb67ry_!19sChIJ29PbJ5QjHBURRW5rzcLLtAs?authuser=0&hl=iw&rclk=1
35.494388,32.96585,צפת,שווארמה בעתיקה,5.0,1,46,53,59,61,19,26,14,23,9,False,estimated,"Estimated prices, not verified from menu.",https://www.google.com/maps/place/%D7%A9%D7%95%D7%95%D7%90%D7%A8%D7%9E%D7%94+%D7%91%D7%A2%D7%AA%D7%99%D7%A7%D7%94%E2%80%AD/data=!4m7!3m6!1s0x151c23912b93fd49:0x20663bc1b2d11d!8m2!3d32.96585!4d35.494388!16s%2Fg%2F11j00slys5!19sChIJSf2TK5EjHBURHdGywTtmIAA?authuser=0&hl=iw&rclk=1
35.495324,32.9659731,צפת,בית הפלאפל והשווארמה,4.3,9,41,47,53,65,19,28,14,23,8,True,estimated,"Estimated prices, not verified from menu.",https://www.google.com/maps/place/%D7%91%D7%99%D7%AA+%D7%94%D7%A4%D7%9C%D7%90%D7%A4%D7%9C+%D7%95%D7%94%D7%A9%D7%95%D7%95%D7%90%D7%A8%D7%9E%D7%94%E2%80%AD/data=!4m7!3m6!1s0x151c2396cf86267f:0x14b3943e107caf1!8m2!3d32.9659731!4d35.495324!16s%2Fg%2F11d_d0d9k6!19sChIJfyaGz5YjHBUR8coH4UM5SwE?authuser=0&hl=iw&rclk=1
35.4947027,32.9714589,צפת,"שווארמה האר""י",4.0,1,42,49,56,65,19,26,13,22,9,True,estimated,"Estimated prices, not verified from menu.",https://www.google.com/maps/place/%D7%A9%D7%95%D7%95%D7%90%D7%A8%D7%9E%D7%94+%D7%94%D7%90%D7%A8%22%D7%99%E2%80%AD/data=!4m7!3m6!1s0x151c23949dc06ff5:0xfd9fb0deeebdb200!8m2!3d32.9714589!4d35.4947027!16s%2Fg%2F11fmvkwhyc!19sChIJ9W_AnZQjHBURALK97t6wn_0?authuser=0&hl=iw&rclk=1
35.5486991,32.9678062,ראש פינה,שווארמה במושבה,4.4,50,41,47,53,61,19,25,13,20,9,True,estimated,"Estimated prices, not verified from menu.",https://www.google.com/maps/place/%D7%A9%D7%95%D7%95%D7%90%D7%A8%D7%9E%D7%94+%D7%91%D7%9E%D7%95%D7%A9%D7%91%D7%94%E2%80%AD/data=!4m7!3m6!1s0x151c23005a775551:0x4217ed97824e75a9!8m2!3d32.9678062!4d35.5486991!16s%2Fg%2F11mdmskg8w!19sChIJUVV3WgAjHBURqXVOgpftF0I?authuser=0&hl=iw&rclk=1
35.4924221,32.9539446,צפת,שווארמה פלאפל מפגש הגליל,3.3,3,40,49,58,68,19,25,13,22,9,True,estimated,"Estimated prices, not verified from menu.",https://www.google.com/maps/place/%D7%A9%D7%95%D7%95%D7%90%D7%A8%D7%9E%D7%94+%D7%A4%D7%9C%D7%90%D7%A4%D7%9C+%D7%9E%D7%A4%D7%92%D7%A9+%D7%94%D7%92%D7%9C%D7%99%D7%9C%E2%80%AD/data=!4m7!3m6!1s0x151c2300788237a9:0x56b0140b5e86f7b5!8m2!3d32.9539446!4d35.4924221!16s%2Fg%2F11ypyb_zj1!19sChIJqTeCeAAjHBURtfeGXgsUsFY?authuser=0&hl=iw&rclk=1
35.5491691,32.9692177,ראש פינה,שוארמה אלאמיר,4.3,4,43,52,59,62,20,26,13,22,9,True,estimated,"Estimated prices, not verified from menu.",https://www.google.com/maps/place/%D7%A9%D7%95%D7%90%D7%A8%D7%9E%D7%94+%D7%90%D7%9C%D7%90%D7%9E%D7%99%D7%A8%E2%80%AD/data=!4m7!3m6!1s0x151c23000dae9465:0x31b9cc055697de71!8m2!3d32.9692177!4d35.5491691!16s%2Fg%2F11ypcqpdbb!19sChIJZZSuDQAjHBURcd6XVgXMuTE?authuser=0&hl=iw&rclk=1
35.3032989,32.9214668,כרמיאל,דונר זון - שווארמה דבאח,4.5,72,40,47,54,60,20,26,13,22,9,True,estimated,"Estimated prices, not verified from menu.",https://www.google.com/maps/place/%D7%93%D7%95%D7%A0%D7%A8+%D7%96%D7%95%D7%9F+-+%D7%A9%D7%95%D7%95%D7%90%D7%A8%D7%9E%D7%94+%D7%93%D7%91%D7%90%D7%97%E2%80%AD/data=!4m7!3m6!1s0x151c31b0496eb44d:0x18a97be578a226a1!8m2!3d32.9214668!4d35.3032989!16s%2Fg%2F11n0lzvcz4!19sChIJTbRuSbAxHBURoSaieOV7qRg?authuser=0&hl=iw&rclk=1
35.2812964,32.9037275,כרמיאל,שווארמה ברמה-היפה שמסתובבת,4.3,60,43,52,57,67,20,27,14,20,9,True,estimated,"Estimated prices, not verified from menu.",https://www.google.com/maps/place/%D7%A9%D7%95%D7%95%D7%90%D7%A8%D7%9E%D7%94+%D7%91%D7%A8%D7%9E%D7%94-%D7%94%D7%99%D7%A4%D7%94+%D7%A9%D7%9E%D7%A1%D7%AA%D7%95%D7%91%D7%91%D7%AA%E2%80%AD/data=!4m7!3m6!1s0x151c35a81c851cdb:0x44db191974d75e00!8m2!3d32.9037275!4d35.2812964!16s%2Fg%2F11fg4j3h79!19sChIJ2xyFHKg1HBURAF7XdBkZ20Q?authuser=0&hl=iw&rclk=1
35.323801,32.928074,נחף,Shawarma Mama Mia,4.2,564,42,52,56,67,19,27,14,21,10,True,estimated,"Estimated prices, not verified from menu.",https://www.google.com/maps/place/Shawarma+Mama+Mia/data=!4m7!3m6!1s0x151c31753ad799a3:0xe78ad15b6a7dc662!8m2!3d32.928074!4d35.323801!16s%2Fg%2F1q64q0k_5!19sChIJo5nXOnUxHBURYsZ9alvRiuc?authuser=0&hl=iw&rclk=1
35.3231791,32.92519,נחף,שווארמה ליגה,4.5,2,40,54,57,66,20,28,13,21,9,True,estimated,"Estimated prices, not verified from menu.",https://www.google.com/maps/place/%D7%A9%D7%95%D7%95%D7%90%D7%A8%D7%9E%D7%94+%D7%9C%D7%99%D7%92%D7%94%E2%80%AD/data=!4m7!3m6!1s0x151c31749fc7cd8f:0xe32e77278a6e014b!8m2!3d32.92519!4d35.3231791!16s%2Fg%2F11b6v70d6w!19sChIJj83Hn3QxHBURSwFuiid3LuM?authuser=0&hl=iw&rclk=1
35.2815118,32.9038614,כרמיאל,שווארמה בעיר,4.1,7,41,49,60,66,19,29,14,23,10,True,estimated,"Estimated prices, not verified from menu.",https://www.google.com/maps/place/%D7%A9%D7%95%D7%95%D7%90%D7%A8%D7%9E%D7%94+%D7%91%D7%A2%D7%99%D7%A8%E2%80%AD/data=!4m7!3m6!1s0x151c340aa61fbb7d:0xf3162c96ca4eb5d3!8m2!3d32.9038614!4d35.2815118!16s%2Fg%2F11hd6n67z4!19sChIJfbsfpgo0HBUR07VOypYsFvM?authuser=0&hl=iw&rclk=1
35.3122929,32.9229385,כרמיאל,טופ שווארמה כרמיאל,,1,46,49,52,69,20,28,14,22,10,False,estimated,"Estimated prices, not verified from menu.",https://www.google.com/maps/place/%D7%98%D7%95%D7%A4+%D7%A9%D7%95%D7%95%D7%90%D7%A8%D7%9E%D7%94+%D7%9B%D7%A8%D7%9E%D7%99%D7%90%D7%9C%E2%80%AD/data=!4m7!3m6!1s0x151c3165388790e7:0x9545c6d3fb5a02b9!8m2!3d32.9229385!4d35.3122929!16s%2Fg%2F11h51k389c!19sChIJ55CHOGUxHBURuQJa-9PGRZU?authuser=0&hl=iw&rclk=1
35.3263798,32.9276608,כרמיאל,בנדורה - שווארמה על גחלים,4.8,10,43,48,57,69,19,25,14,20,9,True,estimated,"Estimated prices, not verified from menu.",https://www.google.com/maps/place/%D7%91%D7%A0%D7%93%D7%95%D7%A8%D7%94+-+%D7%A9%D7%95%D7%95%D7%90%D7%A8%D7%9E%D7%94+%D7%A2%D7%9C+%D7%92%D7%97%D7%9C%D7%99%D7%9D%E2%80%AD/data=!4m7!3m6!1s0x151c310aeb7ce35f:0xd32fcfce48b11aee!8m2!3d32.9276608!4d35.3263798!16s%2Fg%2F11g9f8sg93!19sChIJX-N86woxHBUR7hqxSM7PL9M?authuser=0&hl=iw&rclk=1
35.2561243,32.9201157,מג'ד אל כרום,שווארמה ענאד,4.8,42,45,52,54,61,20,29,13,24,10,False,estimated,"Estimated prices, not verified from menu.",https://www.google.com/maps/place/%D7%A9%D7%95%D7%95%D7%90%D7%A8%D7%9E%D7%94+%D7%A2%D7%A0%D7%90%D7%93%E2%80%AD/data=!4m7!3m6!1s0x151c33589cad4347:0x188a99a4a99bb6a!8m2!3d32.9201157!4d35.2561243!16s%2Fg%2F11f5v29t5c!19sChIJR0OtnFgzHBURaruZSpqpiAE?authuser=0&hl=iw&rclk=1
35.3239117,32.927176,נחף,שווארמה חוצות,,1,41,47,57,64,21,26,13,22,10,True,estimated,"Estimated prices, not verified from menu.",https://www.google.com/maps/place/%D7%A9%D7%95%D7%95%D7%90%D7%A8%D7%9E%D7%94+%D7%97%D7%95%D7%A6%D7%95%D7%AA%E2%80%AD/data=!4m7!3m6!1s0x151c3174d7e5f69f:0x340c9512dad718b9!8m2!3d32.927176!4d35.3239117!16s%2Fg%2F11b6vf5p4_!19sChIJn_bl13QxHBURuRjX2hKVDDQ?authuser=0&hl=iw&rclk=1
35.271917,32.929538,בענה,שווארמה חמודי,,1,44,50,53,65,20,29,14,20,9,False,estimated,"Estimated prices, not verified from menu.",https://www.google.com/maps/place/%D7%A9%D7%95%D7%95%D7%90%D7%A8%D7%9E%D7%94+%D7%97%D7%9E%D7%95%D7%93%D7%99%E2%80%AD/data=!4m7!3m6!1s0x151c3377450022d5:0xa5d4993974fa9f71!8m2!3d32.929538!4d35.271917!16s%2Fg%2F11njxg45t5!19sChIJ1SIARXczHBURcZ_6dDmZ1KU?authuser=0&hl=iw&rclk=1
35.3200836,32.9290199,נחף,Shawarma Albasha - שווארמה אלבאשא,4.7,38,46,46,59,62,20,29,13,21,9,False,estimated,"Estimated prices, not verified from menu.",https://www.google.com/maps/place/Shawarma+Albasha+-+%D7%A9%D7%95%D7%95%D7%90%D7%A8%D7%9E%D7%94+%D7%90%D7%9C%D7%91%D7%90%D7%A9%D7%90%E2%80%AD/data=!4m7!3m6!1s0x151c31221468c0c9:0xd7ddbaffbba6e431!8m2!3d32.9290199!4d35.3200836!16s%2Fg%2F11twhspnq_!19sChIJycBoFCIxHBURMeSmu_-63dc?authuser=0&hl=iw&rclk=1
35.2866633,32.864978,סכנין,שווארמה אלהלאל,4.7,252,47,49,52,60,19,26,14,20,9,False,estimated,"Estimated prices, not verified from menu.",https://www.google.com/maps/place/%D7%A9%D7%95%D7%95%D7%90%D7%A8%D7%9E%D7%94+%D7%90%D7%9C%D7%94%D7%9C%D7%90%D7%9C%E2%80%AD/data=!4m7!3m6!1s0x151c3505b3b6497d:0x65eddbd758c2defc!8m2!3d32.864978!4d35.2866633!16s%2Fg%2F11f9xptvkw!19sChIJfUm2swU1HBUR_N7CWNfb7WU?authuser=0&hl=iw&rclk=1
35.3129784,32.9931393,פקיעין -בוקייעה,שווארמה שמש,4.8,132,41,51,58,64,20,27,15,21,9,False,estimated,"Estimated prices, not verified from menu.",https://www.google.com/maps/place/%D7%A9%D7%95%D7%95%D7%90%D7%A8%D7%9E%D7%94+%D7%A9%D7%9E%D7%A9%E2%80%AD/data=!4m7!3m6!1s0x151c2fbf8225357d:0x8a4167e98a0406bf!8m2!3d32.9931393!4d35.3129784!16s%2Fg%2F11mw_52kjq!19sChIJfTUlgr8vHBURvwYEiulnQYo?authuser=0&hl=iw&rclk=1
35.1499109,32.92953,ג'דיידה-מכר,שווארמה אלאמיר,4.7,238,47,53,57,59,20,28,14,21,10,False,estimated,"Estimated prices, not verified from menu.",https://www.google.com/maps/place/%D7%A9%D7%95%D7%95%D7%90%D7%A8%D7%9E%D7%94+%D7%90%D7%9C%D7%90%D7%9E%D7%99%D7%A8%E2%80%AD/data=!4m7!3m6!1s0x151dcb94da3c824d:0x72aead089c02babb!8m2!3d32.92953!4d35.1499109!16s%2Fg%2F11f5htdk0p!19sChIJTYI82pTLHRURu7oCnAitrnI?authuser=0&hl=iw&rclk=1
35.2115384,32.9541179,ירכא,שווארמה אסעד,4.7,60,42,50,55,65,20,26,13,21,9,False,estimated,"Estimated prices, not verified from menu.",https://www.google.com/maps/place/%D7%A9%D7%95%D7%95%D7%90%D7%A8%D7%9E%D7%94+%D7%90%D7%A1%D7%A2%D7%93%E2%80%AD/data=!4m7!3m6!1s0x151dcd1179354127:0x46905490e7ca6959!8m2!3d32.9541179!4d35.2115384!16s%2Fg%2F11fmf2m3hv!19sChIJJ0E1eRHNHRURWWnK55BUkEY?authuser=0&hl=iw&rclk=1
35.4156032,32.8985114,כרמיאל,שווארמה גמיל,4.7,1087,45,52,57,61,21,27,13,22,8,False,estimated,"Estimated prices, not verified from menu.",https://www.google.com/maps/place/%D7%A9%D7%95%D7%95%D7%90%D7%A8%D7%9E%D7%94+%D7%92%D7%9E%D7%99%D7%9C%E2%80%AD/data=!4m7!3m6!1s0x151c3a68607a1b17:0x8312132b72aff759!8m2!3d32.8985114!4d35.4156032!16s%2Fg%2F11c76ncgs_!19sChIJFxt6YGg6HBURWfevcisTEoM?authuser=0&hl=iw&rclk=1
35.2740959,32.9328072,בענה,שוארמה אבו אלוליד,4.6,44,44,48,59,62,19,26,14,21,10,False,estimated,"Estimated prices, not verified from menu.",https://www.google.com/maps/place/%D7%A9%D7%95%D7%90%D7%A8%D7%9E%D7%94+%D7%90%D7%91%D7%95+%D7%90%D7%9C%D7%95%D7%9C%D7%99%D7%93%E2%80%AD/data=!4m7!3m6!1s0x151c339fe0396415:0x2ca481b9fa2ee3f6!8m2!3d32.9328072!4d35.2740959!16s%2Fg%2F11gmf9d6qv!19sChIJFWQ54J8zHBUR9uMu-rmBpCw?authuser=0&hl=iw&rclk=1
35.2724037,32.9335174,בענה,שווארמה ובגט רבאח,4.2,26,47,53,52,65,19,28,13,21,9,False,estimated,"Estimated prices, not verified from menu.",https://www.google.com/maps/place/%D7%A9%D7%95%D7%95%D7%90%D7%A8%D7%9E%D7%94+%D7%95%D7%91%D7%92%D7%98+%D7%A8%D7%91%D7%90%D7%97%E2%80%AD/data=!4m7!3m6!1s0x151c33bb0819a00f:0xa1e868a94f9d3579!8m2!3d32.9335174!4d35.2724037!16s%2Fg%2F11gdqk0375!19sChIJD6AZCLszHBUReTWdT6lo6KE?authuser=0&hl=iw&rclk=1
35.3452411,32.8611318,עראבה,שווארמה אל אמיר,4.5,374,43,52,58,61,20,28,14,23,9,False,estimated,"Estimated prices, not verified from menu.",https://www.google.com/maps/place/%D7%A9%D7%95%D7%95%D7%90%D7%A8%D7%9E%D7%94+%D7%90%D7%9C+%D7%90%D7%9E%D7%99%D7%A8%E2%80%AD/data=!4m7!3m6!1s0x151c377f0a282685:0xba66c296e9229b69!8m2!3d32.8611318!4d35.3452411!16s%2Fg%2F11fd1ks491!19sChIJhSYoCn83HBURaZsi6ZbCZro?authuser=0&hl=iw&rclk=1
35.1752253,32.9484072,ירכא,מסעדת שווארמה ופלאפל האחים,4.5,343,43,48,54,69,20,29,13,22,9,False,estimated,"Estimated prices, not verified from menu.",https://www.google.com/maps/place/%D7%9E%D7%A1%D7%A2%D7%93%D7%AA+%D7%A9%D7%95%D7%95%D7%90%D7%A8%D7%9E%D7%94+%D7%95%D7%A4%D7%9C%D7%90%D7%A4%D7%9C+%D7%94%D7%90%D7%97%D7%99%D7%9D%E2%80%AD/data=!4m7!3m6!1s0x151dcc88a122bafb:0xa57432aecbec652!8m2!3d32.9484072!4d35.1752253!16s%2Fg%2F11f0l409sy!19sChIJ-7oioYjMHRURUsa-7CpDVwo?authuser=0&hl=iw&rclk=1
35.1726127,32.9575619,אבו סנאן,שווארמה פאוזי,4.7,85,40,48,59,69,19,27,13,23,10,False,estimated,"Estimated prices, not verified from menu.",https://www.google.com/maps/place/%D7%A9%D7%95%D7%95%D7%90%D7%A8%D7%9E%D7%94+%D7%A4%D7%90%D7%95%D7%96%D7%99%E2%80%AD/data=!4m7!3m6!1s0x151dcd7bf39c5e77:0xaf54e43abda73597!8m2!3d32.9575619!4d35.1726127!16s%2Fg%2F11rs9p6hs4!19sChIJd16c83vNHRURlzWnvTrkVK8?authuser=0&hl=iw&rclk=1
35.3048889,32.8607129,סכנין,שווארמה ראמי,4.4,232,42,50,59,64,19,26,14,22,10,False,estimated,"Estimated prices, not verified from menu.",https://www.google.com/maps/place/%D7%A9%D7%95%D7%95%D7%90%D7%A8%D7%9E%D7%94+%D7%A8%D7%90%D7%9E%D7%99%E2%80%AD/data=!4m7!3m6!1s0x151c3681a293f8ff:0x7ae148cfc1d3ef0d!8m2!3d32.8607129!4d35.3048889!16s%2Fg%2F11fylprc2n!19sChIJ__iTooE2HBURDe_Twc9I4Xo?authuser=0&hl=iw&rclk=1
35.3473282,32.9434095,סג'ור,שווארמה וחומוס אלאניל,5.0,27,41,49,56,60,20,29,13,22,10,False,estimated,"Estimated prices, not verified from menu.",https://www.google.com/maps/place/%D7%A9%D7%95%D7%95%D7%90%D7%A8%D7%9E%D7%94+%D7%95%D7%97%D7%95%D7%9E%D7%95%D7%A1+%D7%90%D7%9C%D7%90%D7%A0%D7%99%D7%9C%E2%80%AD/data=!4m7!3m6!1s0x151c31f54e1094c9:0x630931ae082b9710!8m2!3d32.9434095!4d35.3473282!16s%2Fg%2F11rf6rfrq_!19sChIJyZQQTvUxHBUREJcrCK4xCWM?authuser=0&hl=iw&rclk=1
35.2775451,33.0160564,מעלות תרשיחא,השווארמה של יוסי,5.0,4,43,52,58,66,21,29,14,23,9,False,estimated,"Estimated prices, not verified from menu.",https://www.google.com/maps/place/%D7%94%D7%A9%D7%95%D7%95%D7%90%D7%A8%D7%9E%D7%94+%D7%A9%D7%9C+%D7%99%D7%95%D7%A1%D7%99%E2%80%AD/data=!4m7!3m6!1s0x151c2da4f5aeaaab:0x4175e93dd8427193!8m2!3d33.0160564!4d35.2775451!16s%2Fg%2F1tg5fb9v!19sChIJq6qu9aQtHBURk3FC2D3pdUE?authuser=0&hl=iw&rclk=1
35.3462639,33.0171661,חורפיש,פלאפל שווארמה אבו וואפי,4.9,338,45,50,55,59,19,27,13,21,9,False,estimated,"Estimated prices, not verified from menu.",https://www.google.com/maps/place/%D7%A4%D7%9C%D7%90%D7%A4%D7%9C+%D7%A9%D7%95%D7%95%D7%90%D7%A8%D7%9E%D7%94+%D7%90%D7%91%D7%95+%D7%95%D7%95%D7%90%D7%A4%D7%99%E2%80%AD/data=!4m7!3m6!1s0x151c2f5ce2616f81:0xe1f186b47fec52a4!8m2!3d33.0171661!4d35.3462639!16s%2Fg%2F11gy4rcfdp!19sChIJgW9h4lwvHBURpFLsf7SG8eE?authuser=0&hl=iw&rclk=1
35.1995925,32.8258285,אעבלין,שווארמה מטיראן,4.5,22,43,50,60,65,21,28,13,23,9,False,estimated,"Estimated prices, not verified from menu.",https://www.google.com/maps/place/%D7%A9%D7%95%D7%95%D7%90%D7%A8%D7%9E%D7%94+%D7%9E%D7%98%D7%99%D7%A8%D7%90%D7%9F%E2%80%AD/data=!4m7!3m6!1s0x151db512cd76f8f5:0xcbef2692b62c4672!8m2!3d32.8258285!4d35.1995925!16s%2Fg%2F11nn1bfnyl!19sChIJ9fh2zRK1HRURckYstpIm78s?authuser=0&hl=iw&rclk=1
35.4253413,32.8803767,מר'אר,Shawarma Faraj מג'אר,5.0,21,41,53,57,68,20,26,14,23,9,False,estimated,"Estimated prices, not verified from menu.",https://www.google.com/maps/place/Shawarma+Faraj+%D7%9E%D7%92%27%D7%90%D7%A8%E2%80%AD/data=!4m7!3m6!1s0x151c3bd49ac9eb73:0x2cd4a66f3e565d73!8m2!3d32.8803767!4d35.4253413!16s%2Fg%2F11j_0plvg4!19sChIJc-vJmtQ7HBURc11WPm-m1Cw?authuser=0&hl=iw&rclk=1
35.3481534,33.0159331,חורפיש,שווארמה ג'לאל,4.7,74,42,53,54,66,21,27,14,21,9,False,estimated,"Estimated prices, not verified from menu.",https://www.google.com/maps/place/%D7%A9%D7%95%D7%95%D7%90%D7%A8%D7%9E%D7%94+%D7%92%27%D7%9C%D7%90%D7%9C%E2%80%AD/data=!4m7!3m6!1s0x151c2ff038818609:0x6fded3217654ee89!8m2!3d33.0159331!4d35.3481534!16s%2Fg%2F11h848pzbn!19sChIJCYaBOPAvHBURie5UdiHT3m8?authuser=0&hl=iw&rclk=1
35.3148497,32.8599137,סכנין,שוארמה אסטנבול,5.0,2,43,46,57,62,21,28,13,23,10,False,estimated,"Estimated prices, not verified from menu.",https://www.google.com/maps/place/%D7%A9%D7%95%D7%90%D7%A8%D7%9E%D7%94+%D7%90%D7%A1%D7%98%D7%A0%D7%91%D7%95%D7%9C%E2%80%AD/data=!4m7!3m6!1s0x151c368f41bae5bb:0x4725c230d3ea3dfb!8m2!3d32.8599137!4d35.3148497!16s%2Fg%2F11f0l3y2pv!19sChIJu-W6QY82HBUR-z3q0zDCJUc?authuser=0&hl=iw&rclk=1
35.3353671,32.8568715,עראבה,שאוורמה וחומוס מוניר,4.6,19,42,49,56,60,19,28,14,22,9,True,estimated,"Estimated prices, not verified from menu.",https://www.google.com/maps/place/%D7%A9%D7%90%D7%95%D7%95%D7%A8%D7%9E%D7%94+%D7%95%D7%97%D7%95%D7%9E%D7%95%D7%A1+%D7%9E%D7%95%D7%A0%D7%99%D7%A8%E2%80%AD/data=!4m7!3m6!1s0x151c37dd58bfd787:0xcaf3a71c1e3930a7!8m2!3d32.8568715!4d35.3353671!16s%2Fg%2F11j13l8p6m!19sChIJh9e_WN03HBURpzA5Hhyn88o?authuser=0&hl=iw&rclk=1
35.2054376,32.8699737,כאבול,שווארמה העגלה,4.4,8,46,51,60,65,19,29,13,22,9,False,estimated,"Estimated prices, not verified from menu.",https://www.google.com/maps/place/%D7%A9%D7%95%D7%95%D7%90%D7%A8%D7%9E%D7%94+%D7%94%D7%A2%D7%92%D7%9C%D7%94%E2%80%AD/data=!4m7!3m6!1s0x151dcac8232e6e89:0x5ca9e12088cb3a80!8m2!3d32.8699737!4d35.2054376!16s%2Fg%2F11hcfqlczs!19sChIJiW4uI8jKHRURgDrLiCDhqVw?authuser=0&hl=iw&rclk=1
35.3793682,32.9638923,בית ג'ן,שווארמה ופלאפל מאגד,4.8,379,44,47,56,64,19,29,14,21,9,False,estimated,"Estimated prices, not verified from menu.",https://www.google.com/maps/place/%D7%A9%D7%95%D7%95%D7%90%D7%A8%D7%9E%D7%94+%D7%95%D7%A4%D7%9C%D7%90%D7%A4%D7%9C+%D7%9E%D7%90%D7%92%D7%93%E2%80%AD/data=!4m7!3m6!1s0x151c2fee2a2aaff3:0x64b1c3e2a05c12b4!8m2!3d32.9638923!4d35.3793682!16s%2Fg%2F11c6s7j8vc!19sChIJ868qKu4vHBURtBJcoOLDsWQ?authuser=0&hl=iw&rclk=1
35.3043389,32.9652785,כסרה - סמיע,שווארמה וחומוס סלמאן,5.0,4,42,49,53,60,20,29,14,20,9,False,estimated,"Estimated prices, not verified from menu.",https://www.google.com/maps/place/%D7%A9%D7%95%D7%95%D7%90%D7%A8%D7%9E%D7%94+%D7%95%D7%97%D7%95%D7%9E%D7%95%D7%A1+%D7%A1%D7%9C%D7%9E%D7%90%D7%9F%E2%80%AD/data=!4m7!3m6!1s0x151c31bf41eebedb:0x2334e1bcc3e38b72!8m2!3d32.9652785!4d35.3043389!16s%2Fg%2F11xf14x9zj!19sChIJ277uQb8xHBURcovjw7zhNCM?authuser=0&hl=iw&rclk=1
35.3417247,32.9428596,סג'ור,שווארמה אבו יערב,,1,41,53,58,65,19,26,14,21,9,False,estimated,"Estimated prices, not verified from menu.",https://www.google.com/maps/place/%D7%A9%D7%95%D7%95%D7%90%D7%A8%D7%9E%D7%94+%D7%90%D7%91%D7%95+%D7%99%D7%A2%D7%A8%D7%91%E2%80%AD/data=!4m7!3m6!1s0x151c317cff9da4f5:0x62e35d6782d601e!8m2!3d32.9428596!4d35.3417247!16s%2Fg%2F11yv1cnxrg!19sChIJ9aSd_3wxHBURHmAteNY1LgY?authuser=0&hl=iw&rclk=1
35.2840445,32.8633056,אשבל,שווארמה אלקאנון,4.0,10,41,49,55,68,21,26,14,23,9,False,estimated,"Estimated prices, not verified from menu.",https://www.google.com/maps/place/%D7%A9%D7%95%D7%95%D7%90%D7%A8%D7%9E%D7%94+%D7%90%D7%9C%D7%A7%D7%90%D7%A0%D7%95%D7%9F%E2%80%AD/data=!4m7!3m6!1s0x151c35ed6a269ff3:0x6b5d71aedf8c87a1!8m2!3d32.8633056!4d35.2840445!16s%2Fg%2F11jh8pcpm7!19sChIJ858mau01HBURoYeM365xXWs?authuser=0&hl=iw&rclk=1
35.3297346,32.9751798,פקיעין -בוקייעה,שווארמה פארס,5.0,10,41,51,59,62,21,27,13,22,10,False,estimated,"Estimated prices, not verified from menu.",https://www.google.com/maps/place/%D7%A9%D7%95%D7%95%D7%90%D7%A8%D7%9E%D7%94+%D7%A4%D7%90%D7%A8%D7%A1%E2%80%AD/data=!4m7!3m6!1s0x151c2fcfdcab77cd:0xb25cbd95e1ae6d1e!8m2!3d32.9751798!4d35.3297346!16s%2Fg%2F11mwyth2gb!19sChIJzXer3M8vHBURHm2u4ZW9XLI?authuser=0&hl=iw&rclk=1
35.3113621,33.044096,פסוטה,שווארמה אבו חאפד פסוטה,4.9,72,45,46,60,68,21,26,13,21,9,False,estimated,"Estimated prices, not verified from menu.",https://www.google.com/maps/place/%D7%A9%D7%95%D7%95%D7%90%D7%A8%D7%9E%D7%94+%D7%90%D7%91%D7%95+%D7%97%D7%90%D7%A4%D7%93+%D7%A4%D7%A1%D7%95%D7%98%D7%94%E2%80%AD/data=!4m7!3m6!1s0x151c2fc564959733:0x87ab325b4f42d9ef!8m2!3d33.044096!4d35.3113621!16s%2Fg%2F11sgcyrfqx!19sChIJM5eVZMUvHBUR79lCT1syq4c?authuser=0&hl=iw&rclk=1
35.4080448,32.8898774,מר'אר,שווארמה אבו נדיר,5.0,36,45,51,61,66,19,26,14,21,9,False,estimated,"Estimated prices, not verified from menu.",https://www.google.com/maps/place/%D7%A9%D7%95%D7%95%D7%90%D7%A8%D7%9E%D7%94+%D7%90%D7%91%D7%95+%D7%A0%D7%93%D7%99%D7%A8%E2%80%AD/data=!4m7!3m6!1s0x151c3bad211dc5f1:0x43e65e67f917c9c9!8m2!3d32.8898774!4d35.4080448!16s%2Fg%2F11z0j9pqk4!19sChIJ8cUdIa07HBURyckX-Wde5kM?authuser=0&hl=iw&rclk=1
35.1425,33.0758333,נהריה,הפלאפל והשווארמה של רמו,4.3,159,45,50,55,62,19,25,13,22,9,False,estimated,"Estimated prices, not verified from menu.",https://www.google.com/maps/place/%D7%94%D7%A4%D7%9C%D7%90%D7%A4%D7%9C+%D7%95%D7%94%D7%A9%D7%95%D7%95%D7%90%D7%A8%D7%9E%D7%94+%D7%A9%D7%9C+%D7%A8%D7%9E%D7%95%E2%80%AD/data=!4m7!3m6!1s0x151dd3cf38b761fd:0xb711a63cce593d2b!8m2!3d33.0758333!4d35.1425!16s%2Fg%2F11ddt31nq9!19sChIJ_WG3OM_THRURKz1ZzjymEbc?authuser=0&hl=iw&rclk=1
35.4069876,32.8819805,מר'אר,קינג שווארמה,4.3,7,45,49,55,68,20,29,14,22,9,False,estimated,"Estimated prices, not verified from menu.",https://www.google.com/maps/place/%D7%A7%D7%99%D7%A0%D7%92+%D7%A9%D7%95%D7%95%D7%90%D7%A8%D7%9E%D7%94%E2%80%AD/data=!4m7!3m6!1s0x151c3b333efe01bb:0x50faf6926c616330!8m2!3d32.8819805!4d35.4069876!16s%2Fg%2F11tj0k_h_w!19sChIJuwH-PjM7HBURMGNhbJL2-lA?authuser=0&hl=iw&rclk=1
35.3449753,33.0154678,חורפיש,שווארמה אלח'יר,4.5,35,45,49,60,65,20,26,13,21,9,False,estimated,"Estimated prices, not verified from menu.",https://www.google.com/maps/place/%D7%A9%D7%95%D7%95%D7%90%D7%A8%D7%9E%D7%94+%D7%90%D7%9C%D7%97%27%D7%99%D7%A8%E2%80%AD/data=!4m7!3m6!1s0x151c2f816e9501f7:0x974ad0fde3243f22!8m2!3d33.0154678!4d35.3449753!16s%2Fg%2F11s3_lxmdn!19sChIJ9wGVboEvHBURIj8k4_3QSpc?authuser=0&hl=iw&rclk=1
35.2540769,33.0251209,מעיליא,שווארמה עמו,4.7,98,42,53,59,64,19,26,15,21,9,True,estimated,"Estimated prices, not verified from menu.",https://www.google.com/maps/place/%D7%A9%D7%95%D7%95%D7%90%D7%A8%D7%9E%D7%94+%D7%A2%D7%9E%D7%95%E2%80%AD/data=!4m7!3m6!1s0x151c2d3802e210d1:0x29eada77990985ca!8m2!3d33.0251209!4d35.2540769!16s%2Fg%2F11k69jt99j!19sChIJ0RDiAjgtHBURyoUJmXfa6ik?authuser=0&hl=iw&rclk=1
35.0847923,32.8297148,קרית מוצקין,שוארמה,5.0,1,41,51,56,61,21,27,13,24,9,False,estimated,"Estimated prices, not verified from menu.",https://www.google.com/maps/place/%D7%A9%D7%95%D7%90%D7%A8%D7%9E%D7%94%E2%80%AD/data=!4m7!3m6!1s0x151db7a3bbbe115f:0xde761c6069f3a776!8m2!3d32.8297148!4d35.0847923!16s%2Fg%2F11f9h242k5!19sChIJXxG-u6O3HRURdqfzaWAcdt4?authuser=0&hl=iw&rclk=1
35.0843896,32.8290984,קרית מוצקין,השווארמה של תמר,3.3,101,46,54,61,70,21,30,14,24,9,False,estimated,"Estimated prices, not verified from menu.",https://www.google.com/maps/place/%D7%94%D7%A9%D7%95%D7%95%D7%90%D7%A8%D7%9E%D7%94+%D7%A9%D7%9C+%D7%AA%D7%9E%D7%A8%E2%80%AD/data=!4m7!3m6!1s0x151db78e46f73c1d:0x51019be3ea0ffccb!8m2!3d32.8290984!4d35.0843896!16s%2Fg%2F11fjnfwryp!19sChIJHTz3Ro63HRURy_wP6uObAVE?authuser=0&hl=iw&rclk=1
35.0678303,32.8441221,חיפה,שווארמה צמרת,4.4,5,46,49,62,60,19,28,15,21,10,True,estimated,"Estimated prices, not verified from menu.",https://www.google.com/maps/place/%D7%A9%D7%95%D7%95%D7%90%D7%A8%D7%9E%D7%94+%D7%A6%D7%9E%D7%A8%D7%AA%E2%80%AD/data=!4m7!3m6!1s0x151db711de695913:0xa5f1b2efba426e6!8m2!3d32.8441221!4d35.0678303!16s%2Fg%2F11j00svthg!19sChIJE1lp3hG3HRUR5iak-y4bXwo?authuser=0&hl=iw&rclk=1
35.0722159,32.8122481,חיפה,שווארמה במבינו,3.4,9,41,48,58,65,20,28,14,21,9,True,estimated,"Estimated prices, not verified from menu.",https://www.google.com/maps/place/%D7%A9%D7%95%D7%95%D7%90%D7%A8%D7%9E%D7%94+%D7%91%D7%9E%D7%91%D7%99%D7%A0%D7%95%E2%80%AD/data=!4m7!3m6!1s0x151db12bb1091735:0x8d85950d2cf22745!8m2!3d32.8122481!4d35.0722159!16s%2Fg%2F11v3zhtpry!19sChIJNRcJsSuxHRURRSfyLA2VhY0?authuser=0&hl=iw&rclk=1
35.1039936,32.8053738,קרית אתא,שווארמה ציק,4.5,42,41,51,60,66,22,28,14,23,9,True,estimated,"Estimated prices, not verified from menu.",https://www.google.com/maps/place/%D7%A9%D7%95%D7%95%D7%90%D7%A8%D7%9E%D7%94+%D7%A6%D7%99%D7%A7%E2%80%AD/data=!4m7!3m6!1s0x151db6ca88ebd169:0x1facac5d7d5b2be3!8m2!3d32.8053738!4d35.1039936!16s%2Fg%2F1tf0507b!19sChIJadHriMq2HRUR4ytbfV2srB8?authuser=0&hl=iw&rclk=1
35.0898215,32.8439423,קרית ביאליק,שווארמה צבר,1.4,12,41,53,59,67,19,28,15,22,9,True,estimated,"Estimated prices, not verified from menu.",https://www.google.com/maps/place/%D7%A9%D7%95%D7%95%D7%90%D7%A8%D7%9E%D7%94+%D7%A6%D7%91%D7%A8%E2%80%AD/data=!4m7!3m6!1s0x151db748d536a31d:0x93127a13a16f54c7!8m2!3d32.8439423!4d35.0898215!16s%2Fg%2F11svpcljn9!19sChIJHaM21Ui3HRURx1RvoRN6EpM?authuser=0&hl=iw&rclk=1
35.0699241,32.8409421,חיפה,פרידמנס שווארמה ושניצל,4.9,34,46,53,55,61,20,26,14,23,9,True,estimated,"Estimated prices, not verified from menu.",https://www.google.com/maps/place/%D7%A4%D7%A8%D7%99%D7%93%D7%9E%D7%A0%D7%A1+%D7%A9%D7%95%D7%95%D7%90%D7%A8%D7%9E%D7%94+%D7%95%D7%A9%D7%A0%D7%99%D7%A6%D7%9C%E2%80%AD/data=!4m7!3m6!1s0x151db72ae42d1e43:0x7236dc88cd4b7005!8m2!3d32.8409421!4d35.0699241!16s%2Fg%2F11t7zl66zy!19sChIJQx4t5Cq3HRURBXBLzYjcNnI?authuser=0&hl=iw&rclk=1
35.068929,32.849276,קרית ים,שווארמה ירושלים,,1,44,53,56,67,21,27,15,21,10,False,estimated,"Estimated prices, not verified from menu.",https://www.google.com/maps/place/%D7%A9%D7%95%D7%95%D7%90%D7%A8%D7%9E%D7%94+%D7%99%D7%A8%D7%95%D7%A9%D7%9C%D7%99%D7%9D%E2%80%AD/data=!4m7!3m6!1s0x151db70929803b21:0xa28131b409fa0939!8m2!3d32.849276!4d35.068929!16s%2Fg%2F11b6v9c_9j!19sChIJITuAKQm3HRUROQn6CbQxgaI?authuser=0&hl=iw&rclk=1
35.067718,32.8430675,חיפה,שווארמה ניצן,3.8,10,42,52,54,69,22,28,14,22,9,True,estimated,"Estimated prices, not verified from menu.",https://www.google.com/maps/place/%D7%A9%D7%95%D7%95%D7%90%D7%A8%D7%9E%D7%94+%D7%A0%D7%99%D7%A6%D7%9F%E2%80%AD/data=!4m7!3m6!1s0x151db72d25a3e579:0x6977b4d6923ee621!8m2!3d32.8430675!4d35.067718!16s%2Fg%2F11t5m3s8wf!19sChIJeeWjJS23HRURIeY-kta0d2k?authuser=0&hl=iw&rclk=1
35.0697109,32.8110696,חיפה,דגוס - מסעדת שווארמה דג,4.1,9,45,54,56,62,21,30,14,21,9,True,estimated,"Estimated prices, not verified from menu.",https://www.google.com/maps/place/%D7%93%D7%92%D7%95%D7%A1+-+%D7%9E%D7%A1%D7%A2%D7%93%D7%AA+%D7%A9%D7%95%D7%95%D7%90%D7%A8%D7%9E%D7%94+%D7%93%D7%92%E2%80%AD/data=!4m7!3m6!1s0x151db1f18a022fdf:0x3dd32e1e9c618caa!8m2!3d32.8110696!4d35.0697109!16s%2Fg%2F11s5trn6j0!19sChIJ3y8CivGxHRURqoxhnB4u0z0?authuser=0&hl=iw&rclk=1
35.1044203,32.8073795,קרית אתא,שווארמה פלאפל אליהו,4.7,300,42,49,54,69,19,29,14,22,9,True,estimated,"Estimated prices, not verified from menu.",https://www.google.com/maps/place/%D7%A9%D7%95%D7%95%D7%90%D7%A8%D7%9E%D7%94+%D7%A4%D7%9C%D7%90%D7%A4%D7%9C+%D7%90%D7%9C%D7%99%D7%94%D7%95%E2%80%AD/data=!4m7!3m6!1s0x151db6ca05922a5d:0x367a80b41997c6b3!8m2!3d32.8073795!4d35.1044203!16s%2Fg%2F11fzf47jvc!19sChIJXSqSBcq2HRURs8aXGbSAejY?authuser=0&hl=iw&rclk=1
35.0849955,32.8360986,קרית מוצקין,צבר שווארמה פלאפל,1.0,2,42,48,54,61,21,29,14,22,10,False,estimated,"Estimated prices, not verified from menu.",https://www.google.com/maps/place/%D7%A6%D7%91%D7%A8+%D7%A9%D7%95%D7%95%D7%90%D7%A8%D7%9E%D7%94+%D7%A4%D7%9C%D7%90%D7%A4%D7%9C%E2%80%AD/data=!4m7!3m6!1s0x151db70058c37805:0x723dc9bd441f80f8!8m2!3d32.8360986!4d35.0849955!16s%2Fg%2F11mdcltl3h!19sChIJBXjDWAC3HRUR-IAfRL3JPXI?authuser=0&hl=iw&rclk=1
35.1040631,32.8051458,קרית אתא,"ברכת שרה - שווארמה ופלאפל בכשרות בד""צ",4.3,8,47,52,55,66,22,28,14,22,10,True,estimated,"Estimated prices, not verified from menu.",https://www.google.com/maps/place/%D7%91%D7%A8%D7%9B%D7%AA+%D7%A9%D7%A8%D7%94+-+%D7%A9%D7%95%D7%95%D7%90%D7%A8%D7%9E%D7%94+%D7%95%D7%A4%D7%9C%D7%90%D7%A4%D7%9C+%D7%91%D7%9B%D7%A9%D7%A8%D7%95%D7%AA+%D7%91%D7%93%22%D7%A6%E2%80%AD/data=!4m7!3m6!1s0x151db73d20f5fffd:0x30f0dfbd560f3646!8m2!3d32.8051458!4d35.1040631!16s%2Fg%2F11k99q5ry8!19sChIJ_f_1ID23HRURRjYPVr3f8DA?authuser=0&hl=iw&rclk=1
35.10292,32.8050997,קרית אתא,שווארמה יסא,,1,43,54,55,67,19,30,15,22,10,True,estimated,"Estimated prices, not verified from menu.",https://www.google.com/maps/place/%D7%A9%D7%95%D7%95%D7%90%D7%A8%D7%9E%D7%94+%D7%99%D7%A1%D7%90%E2%80%AD/data=!4m7!3m6!1s0x151db6cae57d9fd7:0x22ccf25a0e74d615!8m2!3d32.8050997!4d35.10292!16s%2Fg%2F11b6vjvhrt!19sChIJ15995cq2HRURFdZ0DlryzCI?authuser=0&hl=iw&rclk=1
35.0901303,32.8435811,קרית ביאליק,שווארמה העגלה-קריון (כשר),3.0,100,44,56,63,62,20,29,14,24,10,True,estimated,"Estimated prices, not verified from menu.",https://www.google.com/maps/place/%D7%A9%D7%95%D7%95%D7%90%D7%A8%D7%9E%D7%94+%D7%94%D7%A2%D7%92%D7%9C%D7%94-%D7%A7%D7%A8%D7%99%D7%95%D7%9F+%28%D7%9B%D7%A9%D7%A8%29%E2%80%AD/data=!4m7!3m6!1s0x151db6f9139cbe41:0x6b0c535b099c8652!8m2!3d32.8435811!4d35.0901303!16s%2Fg%2F11g9dgpwd1!19sChIJQb6cE_m2HRURUoacCVtTDGs?authuser=0&hl=iw&rclk=1
35.0808454,32.8403783,קרית מוצקין,שווארמה רובי׳S,3.6,8,44,50,58,67,20,27,14,22,10,True,estimated,"Estimated prices, not verified from menu.",https://www.google.com/maps/place/%D7%A9%D7%95%D7%95%D7%90%D7%A8%D7%9E%D7%94+%D7%A8%D7%95%D7%91%D7%99%D7%B3S%E2%80%AD/data=!4m7!3m6!1s0x151db702cee27e73:0xe94a4a6850a039a2!8m2!3d32.8403783!4d35.0808454!16s%2Fg%2F11f4r2jzfc!19sChIJc37izgK3HRURojmgUGhKSuk?authuser=0&hl=iw&rclk=1
35.0916355,32.8430694,קרית ביאליק,שווארמה טורקי,3.1,18,43,53,64,62,21,31,14,22,9,True,estimated,"Estimated prices, not verified from menu.",https://www.google.com/maps/place/%D7%A9%D7%95%D7%95%D7%90%D7%A8%D7%9E%D7%94+%D7%98%D7%95%D7%A8%D7%A7%D7%99%E2%80%AD/data=!4m7!3m6!1s0x151db6f9a2ffbdb7:0xbe8857f9aabe1106!8m2!3d32.8430694!4d35.0916355!16s%2Fg%2F1q6cv6c0l!19sChIJt73_ovm2HRURBhG-qvlXiL4?authuser=0&hl=iw&rclk=1
35.0682594,32.8427885,חיפה,שווארמה בפניה,,1,49,55,59,70,20,27,14,21,10,True,estimated,"Estimated prices, not verified from menu.",https://www.google.com/maps/place/%D7%A9%D7%95%D7%95%D7%90%D7%A8%D7%9E%D7%94+%D7%91%D7%A4%D7%A0%D7%99%D7%94%E2%80%AD/data=!4m7!3m6!1s0x151db79cb44951a7:0x680e9ddbc1207587!8m2!3d32.8427885!4d35.0682594!16s%2Fg%2F11vf6nkz69!19sChIJp1FJtJy3HRURh3UgwdudDmg?authuser=0&hl=iw&rclk=1
35.0789333,32.8240387,קרית ביאליק,מפגש מוצרט - Shawarma Restaurant,2.4,5,45,53,56,63,20,30,14,24,10,,estimated,"Estimated prices, not verified from menu.",https://www.google.com/maps/place/%D7%9E%D7%A4%D7%92%D7%A9+%D7%9E%D7%95%D7%A6%D7%A8%D7%98+-+Shawarma+Restaurant%E2%80%AD/data=!4m7!3m6!1s0x151db726f25b84c3:0x26f5ee0639b96248!8m2!3d32.8240387!4d35.0789333!16s%2Fg%2F11f3t53pf0!19sChIJw4Rb8ia3HRURSGK5OQbu9SY?authuser=0&hl=iw&rclk=1
35.0752191,32.8337682,קרית מוצקין,שווארמה נטו-יחיאל,3.9,47,44,52,63,64,20,28,15,21,9,,estimated,"Estimated prices, not verified from menu.",https://www.google.com/maps/place/%D7%A9%D7%95%D7%95%D7%90%D7%A8%D7%9E%D7%94+%D7%A0%D7%98%D7%95-%D7%99%D7%97%D7%99%D7%90%D7%9C%E2%80%AD/data=!4m7!3m6!1s0x151db718ee742b83:0x7a9bc026a0228912!8m2!3d32.8337682!4d35.0752191!16s%2Fg%2F11b620jmds!19sChIJgyt07hi3HRUREokioCbAm3o?authuser=0&hl=iw&rclk=1
35.0684942,32.811453,חיפה,שווארמה צ'ק פוסט חאזן,1.0,1,43,52,57,71,20,30,15,22,9,True,estimated,"Estimated prices, not verified from menu.",https://www.google.com/maps/place/%D7%A9%D7%95%D7%95%D7%90%D7%A8%D7%9E%D7%94+%D7%A6%27%D7%A7+%D7%A4%D7%95%D7%A1%D7%98+%D7%97%D7%90%D7%96%D7%9F%E2%80%AD/data=!4m7!3m6!1s0x151db16778fc0229:0xfa6a93a6fa9d9107!8m2!3d32.811453!4d35.0684942!16s%2Fg%2F11kjf702bm!19sChIJKQL8eGexHRURB5Gd-qaTavo?authuser=0&hl=iw&rclk=1
35.0693022,32.9209662,עכו,"""Shawarma and Mashawi Al-Isses"" ""שפודי ושווארמה אל עיסא""",4.7,48,43,51,54,62,21,27,13,22,9,True,estimated,"Estimated prices, not verified from menu.",https://www.google.com/maps/place/%22Shawarma+and+Mashawi+Al-Isses%22+%22%D7%A9%D7%A4%D7%95%D7%93%D7%99+%D7%95%D7%A9%D7%95%D7%95%D7%90%D7%A8%D7%9E%D7%94+%D7%90%D7%9C+%D7%A2%D7%99%D7%A1%D7%90%22%E2%80%AD/data=!4m7!3m6!1s0x151dc92887c6f7a3:0x6be6f48c7a92221b!8m2!3d32.9209662!4d35.0693022!16s%2Fg%2F11fkdw11vk!19sChIJo_fGhyjJHRURGyKSeoz05ms?authuser=0&hl=iw&rclk=1
35.0813108,32.9229573,עכו,שווארמה ופלאפל דבאח קניון עזראלי עכו,3.7,7,40,53,54,60,19,27,13,23,9,True,estimated,"Estimated prices, not verified from menu.",https://www.google.com/maps/place/%D7%A9%D7%95%D7%95%D7%90%D7%A8%D7%9E%D7%94+%D7%95%D7%A4%D7%9C%D7%90%D7%A4%D7%9C+%D7%93%D7%91%D7%90%D7%97+%D7%A7%D7%A0%D7%99%D7%95%D7%9F+%D7%A2%D7%96%D7%A8%D7%90%D7%9C%D7%99+%D7%A2%D7%9B%D7%95%E2%80%AD/data=!4m7!3m6!1s0x151dc9265c563b3b:0x3a5d5a5802f7dc3c!8m2!3d32.9229573!4d35.0813108!16s%2Fg%2F11j00s2lvh!19sChIJOztWXCbJHRURPNz3AlhaXTo?authuser=0&hl=iw&rclk=1
34.9583279,29.5632621,אילת,שווארמה פלוס אילת,4.9,311,48,61,71,75,22,33,17,26,11,True,estimated,"Estimated prices, not verified from menu.",https://www.google.com/maps/place/%D7%A9%D7%95%D7%95%D7%90%D7%A8%D7%9E%D7%94+%D7%A4%D7%9C%D7%95%D7%A1+%D7%90%D7%99%D7%9C%D7%AA%E2%80%AD/data=!4m7!3m6!1s0x15006f534fca3457:0x1fb669e8eba85dfe!8m2!3d29.5632621!4d34.9583279!16s%2Fg%2F11sk3lkp24!19sChIJVzTKT1NvABUR_l2o6-hpth8?authuser=0&hl=iw&rclk=1
34.9290381,29.5428029,אילת,שווארמה מומי,4.5,1626,51,58,70,74,25,32,17,27,11,True,estimated,"Estimated prices, not verified from menu.",https://www.google.com/maps/place/%D7%A9%D7%95%D7%95%D7%90%D7%A8%D7%9E%D7%94+%D7%9E%D7%95%D7%9E%D7%99%E2%80%AD/data=!4m7!3m6!1s0x150073663ffd59bd:0x4d8995a9fbf52008!8m2!3d29.5428029!4d34.9290381!16s%2Fg%2F11pvbn028c!19sChIJvVn9P2ZzABURCCD1-6mViU0?authuser=0&hl=iw&rclk=1
34.9564915,29.5520586,אילת,בן שימול שווארמה וגריל פחמים,4.5,119,48,56,69,77,23,30,17,27,11,True,estimated,"Estimated prices, not verified from menu.",https://www.google.com/maps/place/%D7%91%D7%9F+%D7%A9%D7%99%D7%9E%D7%95%D7%9C+%D7%A9%D7%95%D7%95%D7%90%D7%A8%D7%9E%D7%94+%D7%95%D7%92%D7%A8%D7%99%D7%9C+%D7%A4%D7%97%D7%9E%D7%99%D7%9D%E2%80%AD/data=!4m7!3m6!1s0x150071e85da4bd19:0x53c0d8fe55d5f832!8m2!3d29.5520586!4d34.9564915!16s%2Fg%2F11x7qdx4kk!19sChIJGb2kXehxABURMvjVVf7YwFM?authuser=0&hl=iw&rclk=1
34.951523,29.5571044,אילת,שווארמה פלפל,4.4,1318,54,62,65,73,23,34,16,25,11,True,estimated,"Estimated prices, not verified from menu.",https://www.google.com/maps/place/%D7%A9%D7%95%D7%95%D7%90%D7%A8%D7%9E%D7%94+%D7%A4%D7%9C%D7%A4%D7%9C%E2%80%AD/data=!4m7!3m6!1s0x150071f89702a8f3:0x1910c77a7efbcf99!8m2!3d29.5571044!4d34.951523!16s%2Fg%2F11c2q0ybbr!19sChIJ86gCl_hxABURmc_7fnrHEBk?authuser=0&hl=iw&rclk=1
34.9508187,29.5594845,אילת,שווארמה איציק,3.9,723,51,61,64,79,24,31,17,24,10,True,estimated,"Estimated prices, not verified from menu.",https://www.google.com/maps/place/%D7%A9%D7%95%D7%95%D7%90%D7%A8%D7%9E%D7%94+%D7%90%D7%99%D7%A6%D7%99%D7%A7%E2%80%AD/data=!4m7!3m6!1s0x150071f8b8591205:0x264ca2cdf1c1ccc2!8m2!3d29.5594845!4d34.9508187!16s%2Fg%2F11bxvf25lg!19sChIJBRJZuPhxABURwszB8c2iTCY?authuser=0&hl=iw&rclk=1
34.951331,29.5626449,אילת,שאוורמה פיקס,4.6,144,48,62,67,69,24,29,15,25,10,,estimated,"Estimated prices, not verified from menu.",https://www.google.com/maps/place/%D7%A9%D7%90%D7%95%D7%95%D7%A8%D7%9E%D7%94+%D7%A4%D7%99%D7%A7%D7%A1%E2%80%AD/data=!4m7!3m6!1s0x150071ffc2e7b675:0xd2921b51391e1308!8m2!3d29.5626449!4d34.951331!16s%2Fg%2F11g8z_mq7v!19sChIJdbbnwv9xABURCBMeOVEbktI?authuser=0&hl=iw&rclk=1
34.9489665,29.5525562,אילת,אבישי שווארמה,4.2,43,47,61,66,80,25,32,17,26,11,True,estimated,"Estimated prices, not verified from menu.",https://www.google.com/maps/place/%D7%90%D7%91%D7%99%D7%A9%D7%99+%D7%A9%D7%95%D7%95%D7%90%D7%A8%D7%9E%D7%94%E2%80%AD/data=!4m7!3m6!1s0x150073104d3277c3:0x667ff7ec4ad363e1!8m2!3d29.5525562!4d34.9489665!16s%2Fg%2F11ryr5zgg5!19sChIJw3cyTRBzABUR4WPTSuz3f2Y?authuser=0&hl=iw&rclk=1
34.9536512,29.555019,אילת,שווארמה אמיר ותמיר,3.9,96,53,60,65,76,23,34,16,25,11,True,estimated,"Estimated prices, not verified from menu.",https://www.google.com/maps/place/%D7%A9%D7%95%D7%95%D7%90%D7%A8%D7%9E%D7%94+%D7%90%D7%9E%D7%99%D7%A8+%D7%95%D7%AA%D7%9E%D7%99%D7%A8%E2%80%AD/data=!4m7!3m6!1s0x1500711b4356f149:0x16d84e46738d5a38!8m2!3d29.555019!4d34.9536512!16s%2Fg%2F11tp2gfcp5!19sChIJSfFWQxtxABUROFqNc0ZO2BY?authuser=0&hl=iw&rclk=1
34.9655458,29.5538997,אילת,שווארמה הסולטן כשר,1.6,87,53,56,70,78,24,29,16,27,10,True,estimated,"Estimated prices, not verified from menu.",https://www.google.com/maps/place/%D7%A9%D7%95%D7%95%D7%90%D7%A8%D7%9E%D7%94+%D7%94%D7%A1%D7%95%D7%9C%D7%98%D7%9F+%D7%9B%D7%A9%D7%A8%E2%80%AD/data=!4m7!3m6!1s0x15007131160e4a93:0xe08b545a15bb1c2c!8m2!3d29.5538997!4d34.9655458!16s%2Fg%2F11jpcb_x66!19sChIJk0oOFjFxABURLBy7FVpUi-A?authuser=0&hl=iw&rclk=1
34.9591892,29.5666485,אילת,שווארמה האומן - פלאפל שווארמה באילת,3.9,184,49,59,66,72,23,34,16,27,10,True,estimated,"Estimated prices, not verified from menu.",https://www.google.com/maps/place/%D7%A9%D7%95%D7%95%D7%90%D7%A8%D7%9E%D7%94+%D7%94%D7%90%D7%95%D7%9E%D7%9F+-+%D7%A4%D7%9C%D7%90%D7%A4%D7%9C+%D7%A9%D7%95%D7%95%D7%90%D7%A8%D7%9E%D7%94+%D7%91%D7%90%D7%99%D7%9C%D7%AA%E2%80%AD/data=!4m7!3m6!1s0x15006e045ce8922b:0xc0115dec798a7386!8m2!3d29.5666485!4d34.9591892!16s%2Fg%2F11hzsvqjd_!19sChIJK5LoXARuABURhnOKeexdEcA?authuser=0&hl=iw&rclk=1
34.9543653,29.5497835,אילת,מנה מנה שאוורמה באילת,3.0,76,51,56,61,76,22,30,15,27,10,True,estimated,"Estimated prices, not verified from menu.",https://www.google.com/maps/place/%D7%9E%D7%A0%D7%94+%D7%9E%D7%A0%D7%94+%D7%A9%D7%90%D7%95%D7%95%D7%A8%D7%9E%D7%94+%D7%91%D7%90%D7%99%D7%9C%D7%AA%E2%80%AD/data=!4m7!3m6!1s0x150071c7b5058b71:0x4cd37d6ef9760827!8m2!3d29.5497835!4d34.9543653!16s%2Fg%2F11fr9yrj74!19sChIJcYsFtcdxABURJwh2-W5900w?authuser=0&hl=iw&rclk=1
34.9525489,29.5510577,אילת,שווארמה אבו חלווה,2.9,275,47,62,65,75,24,30,16,27,10,True,estimated,"Estimated prices, not verified from menu.",https://www.google.com/maps/place/%D7%A9%D7%95%D7%95%D7%90%D7%A8%D7%9E%D7%94+%D7%90%D7%91%D7%95+%D7%97%D7%9C%D7%95%D7%95%D7%94%E2%80%AD/data=!4m7!3m6!1s0x150071f7b3e97fa3:0x47277b4372057ee0!8m2!3d29.5510577!4d34.9525489!16s%2Fg%2F11cn8t7_3r!19sChIJo3_ps_dxABUR4H4FckN7J0c?authuser=0&hl=iw&rclk=1
34.9511371,29.5596181,אילת,שווארמה סטריט אילת,4.8,19,53,62,68,76,22,29,17,25,11,True,estimated,"Estimated prices, not verified from menu.",https://www.google.com/maps/place/%D7%A9%D7%95%D7%95%D7%90%D7%A8%D7%9E%D7%94+%D7%A1%D7%98%D7%A8%D7%99%D7%98+%D7%90%D7%99%D7%9C%D7%AA%E2%80%AD/data=!4m7!3m6!1s0x15006d93b4744945:0x4712cf217ee1efb4!8m2!3d29.5596181!4d34.9511371!16s%2Fg%2F11vcm57fv8!19sChIJRUl0tJNtABURtO_hfiHPEkc?authuser=0&hl=iw&rclk=1
34.9582407,29.5694908,אילת,שווארמה 12V,4.8,105,49,54,62,74,24,30,17,25,11,True,estimated,"Estimated prices, not verified from menu.",https://www.google.com/maps/place/%D7%A9%D7%95%D7%95%D7%90%D7%A8%D7%9E%D7%94+12V%E2%80%AD/data=!4m7!3m6!1s0x15006e05b4bd424d:0x652ee279e52dd335!8m2!3d29.5694908!4d34.9582407!16s%2Fg%2F11gf96ck1z!19sChIJTUK9tAVuABURNdMt5XniLmU?authuser=0&hl=iw&rclk=1
34.9574833,29.5509965,אילת,אוליבר שווארמה בורגר,4.2,53,52,61,62,75,22,34,15,27,11,True,estimated,"Estimated prices, not verified from menu.",https://www.google.com/maps/place/%D7%90%D7%95%D7%9C%D7%99%D7%91%D7%A8+%D7%A9%D7%95%D7%95%D7%90%D7%A8%D7%9E%D7%94+%D7%91%D7%95%D7%A8%D7%92%D7%A8%E2%80%AD/data=!4m7!3m6!1s0x150071fbab48dbcf:0xc8f2afa5baf0140a!8m2!3d29.5509965!4d34.9574833!16s%2Fg%2F11hdw2k2gv!19sChIJz9tIq_txABURChTwuqWv8sg?authuser=0&hl=iw&rclk=1
34.9545973,29.5549955,אילת,שווארמה עאוני,3.4,7,47,61,68,79,25,33,16,27,10,True,estimated,"Estimated prices, not verified from menu.",https://www.google.com/maps/place/%D7%A9%D7%95%D7%95%D7%90%D7%A8%D7%9E%D7%94+%D7%A2%D7%90%D7%95%D7%A0%D7%99%E2%80%AD/data=!4m7!3m6!1s0x150071f9a0f095e9:0x528ec0dad2df83bf!8m2!3d29.5549955!4d34.9545973!16s%2Fg%2F11hzsvnq90!19sChIJ6ZXwoPlxABURv4Pf0trAjlI?authuser=0&hl=iw&rclk=1
34.9533138,29.5545039,אילת,שווארמה עומר.,4.3,719,52,59,61,74,25,31,15,24,11,True,estimated,"Estimated prices, not verified from menu.",https://www.google.com/maps/place/%D7%A9%D7%95%D7%95%D7%90%D7%A8%D7%9E%D7%94+%D7%A2%D7%95%D7%9E%D7%A8.%E2%80%AD/data=!4m7!3m6!1s0x15007148c14ebe03:0xb8a0493125b43a91!8m2!3d29.5545039!4d34.9533138!16s%2Fg%2F11j2yzr2b8!19sChIJA75OwUhxABURkTq0JTFJoLg?authuser=0&hl=iw&rclk=1
35.0071255,31.9034355,מודיעין,שווארמה רפאל,4.5,1270,51,60,59,70,22,29,17,23,10,True,estimated,"Estimated prices, not verified from menu.",https://www.google.com/maps/place/%D7%A9%D7%95%D7%95%D7%90%D7%A8%D7%9E%D7%94+%D7%A8%D7%A4%D7%90%D7%9C%E2%80%AD/data=!4m7!3m6!1s0x1502cdb585af1d8b:0x4a58aea5a747458b!8m2!3d31.9034355!4d35.0071255!16s%2Fg%2F11q2vjhb39!19sChIJix2vhbXNAhURi0VHp6WuWEo?authuser=0&hl=iw&rclk=1
34.9653327,31.8896083,מודיעין,שווארמה אבו גוש,4.5,1669,47,61,67,66,24,31,14,27,10,True,estimated,"Estimated prices, not verified from menu.",https://www.google.com/maps/place/%D7%A9%D7%95%D7%95%D7%90%D7%A8%D7%9E%D7%94+%D7%90%D7%91%D7%95+%D7%92%D7%95%D7%A9%E2%80%AD/data=!4m7!3m6!1s0x1502cf070eee7763:0xe78cdbf69d4dee2!8m2!3d31.8896083!4d34.9653327!16s%2Fg%2F11hzzqws0s!19sChIJY3fuDgfPAhUR4t7Uab_NeA4?authuser=0&hl=iw&rclk=1
34.9604514,31.8895438,מודיעין,שווארמה אבו גוש (בניין אילה 360),4.9,86,49,61,61,70,24,31,17,26,10,True,estimated,"Estimated prices, not verified from menu.",https://www.google.com/maps/place/%D7%A9%D7%95%D7%95%D7%90%D7%A8%D7%9E%D7%94+%D7%90%D7%91%D7%95+%D7%92%D7%95%D7%A9+%28%D7%91%D7%A0%D7%99%D7%99%D7%9F+%D7%90%D7%99%D7%9C%D7%94+360%29%E2%80%AD/data=!4m7!3m6!1s0x1502cf80cd5ea6b9:0x5bc4e97598a36744!8m2!3d31.8895438!4d34.9604514!16s%2Fg%2F11wqfzwcnn!19sChIJuaZezYDPAhURRGejmHXpxFs?authuser=0&hl=iw&rclk=1
35.0058457,31.9138903,מודיעין,שווארמה העמק מודיעין,4.8,326,50,53,68,69,23,32,14,24,10,True,estimated,"Estimated prices, not verified from menu.",https://www.google.com/maps/place/%D7%A9%D7%95%D7%95%D7%90%D7%A8%D7%9E%D7%94+%D7%94%D7%A2%D7%9E%D7%A7+%D7%9E%D7%95%D7%93%D7%99%D7%A2%D7%99%D7%9F%E2%80%AD/data=!4m7!3m6!1s0x1502cd5e6ae94953:0x2d6e9559fa54254e!8m2!3d31.9138903!4d35.0058457!16s%2Fg%2F11trdctxrd!19sChIJU0npal7NAhURTiVU-lmVbi0?authuser=0&hl=iw&rclk=1
34.9679752,31.9224279,מודיעין,בן שווארמה & גריל בר BEN,4.4,78,47,59,59,77,23,31,15,26,10,True,estimated,"Estimated prices, not verified from menu.",https://www.google.com/maps/place/%D7%91%D7%9F+%D7%A9%D7%95%D7%95%D7%90%D7%A8%D7%9E%D7%94+%26+%D7%92%D7%A8%D7%99%D7%9C+%D7%91%D7%A8+BEN%E2%80%AD/data=!4m7!3m6!1s0x1502cdfc7bfc5fb7:0x81404063415814e5!8m2!3d31.9224279!4d34.9679752!16s%2Fg%2F11x6lwkj7v!19sChIJt1_8e_zNAhUR5RRYQWNAQIE?authuser=0&hl=iw&rclk=1
34.989745,31.923632,מודיעין,בית השווארמה,3.9,17,51,54,69,70,22,32,14,26,10,False,estimated,"Estimated prices, not verified from menu.",https://www.google.com/maps/place/%D7%91%D7%99%D7%AA+%D7%94%D7%A9%D7%95%D7%95%D7%90%D7%A8%D7%9E%D7%94%E2%80%AD/data=!4m7!3m6!1s0x1502cd60d2498ed7:0x6c1e43422cc5bbb7!8m2!3d31.923632!4d34.989745!16s%2Fg%2F11wc8p_94n!19sChIJ145J0mDNAhURt7vFLEJDHmw?authuser=0&hl=iw&rclk=1
34.9935509,32.8189417,חיפה,שווארמה זידאן,5.0,2,49,58,67,69,22,29,16,24,11,True,estimated,"Estimated prices, not verified from menu.",https://www.google.com/maps/place/%D7%A9%D7%95%D7%95%D7%90%D7%A8%D7%9E%D7%94+%D7%96%D7%99%D7%93%D7%90%D7%9F%E2%80%AD/data=!4m7!3m6!1s0x151dbb0024a54d8d:0xf2c0fef984abaeb6!8m2!3d32.8189417!4d34.9935509!16s%2Fg%2F11z2xr0ysr!19sChIJjU2lJAC7HRURtq6rhPn-wPI?authuser=0&hl=iw&rclk=1
34.9979187,31.907397,מודיעין,בנדורה שווארמה על גחלים,5.0,1,48,53,60,75,22,31,17,24,10,True,estimated,"Estimated prices, not verified from menu.",https://www.google.com/maps/place/%D7%91%D7%A0%D7%93%D7%95%D7%A8%D7%94+%D7%A9%D7%95%D7%95%D7%90%D7%A8%D7%9E%D7%94+%D7%A2%D7%9C+%D7%92%D7%97%D7%9C%D7%99%D7%9D%E2%80%AD/data=!4m7!3m6!1s0x1502cdb4657d67b9:0xdf944dc5a0908927!8m2!3d31.907397!4d34.9979187!16s%2Fg%2F11c0rnfcm9!19sChIJuWd9ZbTNAhURJ4mQoMVNlN8?authuser=0&hl=iw&rclk=1
34.8117498,31.893204,רחובות,שווארמה קריטי ובניו,4.5,1434,46,54,63,65,22,28,14,24,10,True,estimated,"Estimated prices, not verified from menu.",https://www.google.com/maps/place/%D7%A9%D7%95%D7%95%D7%90%D7%A8%D7%9E%D7%94+%D7%A7%D7%A8%D7%99%D7%98%D7%99+%D7%95%D7%91%D7%A0%D7%99%D7%95%E2%80%AD/data=!4m7!3m6!1s0x1502b705c8afb263:0xc173f09f1d197dbe!8m2!3d31.893204!4d34.8117498!16s%2Fg%2F1thr4jb1!19sChIJY7KvyAW3AhURvn0ZHZ_wc8E?authuser=0&hl=iw&rclk=1
34.8108822,31.8974916,רחובות,שווארמה הנכד של חנניה רחובות,4.6,681,48,58,62,64,21,31,15,23,10,True,estimated,"Estimated prices, not verified from menu.",https://www.google.com/maps/place/%D7%A9%D7%95%D7%95%D7%90%D7%A8%D7%9E%D7%94+%D7%94%D7%A0%D7%9B%D7%93+%D7%A9%D7%9C+%D7%97%D7%A0%D7%A0%D7%99%D7%94+%D7%A8%D7%97%D7%95%D7%91%D7%95%D7%AA%E2%80%AD/data=!4m7!3m6!1s0x1502b74d0b0524d1:0x79277add20e8e39!8m2!3d31.8974916!4d34.8108822!16s%2Fg%2F11vdw5m_hz!19sChIJ0SQFC023AhUROY4O0q13kgc?authuser=0&hl=iw&rclk=1
34.81283,31.890243,רחובות,שווארמה התורכי רחובות,4.1,763,46,57,59,70,20,28,13,23,10,False,estimated,"Estimated prices, not verified from menu.",https://www.google.com/maps/place/%D7%A9%D7%95%D7%95%D7%90%D7%A8%D7%9E%D7%94+%D7%94%D7%AA%D7%95%D7%A8%D7%9B%D7%99+%D7%A8%D7%97%D7%95%D7%91%D7%95%D7%AA%E2%80%AD/data=!4m7!3m6!1s0x1502b7051240e417:0xc2d731d111ace116!8m2!3d31.890243!4d34.81283!16s%2Fg%2F11h9y8hmb2!19sChIJF-RAEgW3AhURFuGsEdEx18I?authuser=0&hl=iw&rclk=1
34.8076379,31.9108696,רחובות,שווארמה שמעוני,3.9,329,44,53,62,69,21,27,13,25,10,True,estimated,"Estimated prices, not verified from menu.",https://www.google.com/maps/place/%D7%A9%D7%95%D7%95%D7%90%D7%A8%D7%9E%D7%94+%D7%A9%D7%9E%D7%A2%D7%95%D7%A0%D7%99%E2%80%AD/data=!4m7!3m6!1s0x1502b7b61fed3f2b:0x1d9175f8efbe1ea2!8m2!3d31.9108696!4d34.8076379!16s%2Fg%2F11rwq_r0wz!19sChIJKz_tH7a3AhURoh6-7_h1kR0?authuser=0&hl=iw&rclk=1
34.8100409,31.8973523,רחובות,שווארמה אבאלה,4.1,196,48,52,61,69,20,28,14,24,9,True,estimated,"Estimated prices, not verified from menu.",https://www.google.com/maps/place/%D7%A9%D7%95%D7%95%D7%90%D7%A8%D7%9E%D7%94+%D7%90%D7%91%D7%90%D7%9C%D7%94%E2%80%AD/data=!4m7!3m6!1s0x1502b7047fbf3c7d:0xf477a33cd2bf25dc!8m2!3d31.8973523!4d34.8100409!16s%2Fg%2F11hzsw4gtb!19sChIJfTy_fwS3AhUR3CW_0jyjd_Q?authuser=0&hl=iw&rclk=1
34.8120515,31.8942318,רחובות,שווארמה שרעבי,3.7,206,48,53,59,66,21,31,14,24,10,True,estimated,"Estimated prices, not verified from menu.",https://www.google.com/maps/place/%D7%A9%D7%95%D7%95%D7%90%D7%A8%D7%9E%D7%94+%D7%A9%D7%A8%D7%A2%D7%91%D7%99%E2%80%AD/data=!4m7!3m6!1s0x1502b705cc921621:0xd64e71647325b656!8m2!3d31.8942318!4d34.8120515!16s%2Fg%2F11f27_p05j!19sChIJIRaSzAW3AhURVrYlc2RxTtY?authuser=0&hl=iw&rclk=1
34.8068646,31.8932051,רחובות,שווארמה Xpress,3.6,13,46,52,63,67,22,31,15,24,10,True,estimated,"Estimated prices, not verified from menu.",https://www.google.com/maps/place/%D7%A9%D7%95%D7%95%D7%90%D7%A8%D7%9E%D7%94+Xpress%E2%80%AD/data=!4m7!3m6!1s0x1502b71001926261:0xc4b17a820218ffa5!8m2!3d31.8932051!4d34.8068646!16s%2Fg%2F11c5_nxgxk!19sChIJYWKSARC3AhURpf8YAoJ6scQ?authuser=0&hl=iw&rclk=1
34.7831557,31.8962102,נס ציונה,שווארמה יולנדה,,3,49,55,58,73,21,28,15,25,10,True,estimated,"Estimated prices, not verified from menu.",https://www.google.com/maps/place/%D7%A9%D7%95%D7%95%D7%90%D7%A8%D7%9E%D7%94+%D7%99%D7%95%D7%9C%D7%A0%D7%93%D7%94%E2%80%AD/data=!4m7!3m6!1s0x1502b70017f7f533:0x995f31b8b20808e5!8m2!3d31.8962102!4d34.7831557!16s%2Fg%2F11zjl6k4r5!19sChIJM_X3FwC3AhUR5QgIsrgxX5k?authuser=0&hl=iw&rclk=1
34.8083875,31.8935644,רחובות,שווארמה זאביק,5.0,1,48,57,63,66,20,30,14,23,9,True,estimated,"Estimated prices, not verified from menu.",https://www.google.com/maps/place/%D7%A9%D7%95%D7%95%D7%90%D7%A8%D7%9E%D7%94+%D7%96%D7%90%D7%91%D7%99%D7%A7%E2%80%AD/data=!4m7!3m6!1s0x1502b7a244ae8e83:0x457ca587107e96d5!8m2!3d31.8935644!4d34.8083875!16s%2Fg%2F11t28fby_v!19sChIJg46uRKK3AhUR1ZZ-EIelfEU?authuser=0&hl=iw&rclk=1
34.8200582,31.892608,רחובות,פלאפל / שאוורמה ברכת השם,4.3,78,43,52,59,68,20,30,14,23,10,False,estimated,"Estimated prices, not verified from menu.",https://www.google.com/maps/place/%D7%A4%D7%9C%D7%90%D7%A4%D7%9C+%2F+%D7%A9%D7%90%D7%95%D7%95%D7%A8%D7%9E%D7%94+%D7%91%D7%A8%D7%9B%D7%AA+%D7%94%D7%A9%D7%9D%E2%80%AD/data=!4m7!3m6!1s0x1502b7a9bbb57289:0xfefa1b619abf19d0!8m2!3d31.892608!4d34.8200582!16s%2Fg%2F11gb4045ss!19sChIJiXK1u6m3AhUR0Bm_mmEb-v4?authuser=0&hl=iw&rclk=1
34.808173,31.8934213,רחובות,שווארמה אקספרס,3.8,10,45,49,59,66,23,28,15,24,9,True,estimated,"Estimated prices, not verified from menu.",https://www.google.com/maps/place/%D7%A9%D7%95%D7%95%D7%90%D7%A8%D7%9E%D7%94+%D7%90%D7%A7%D7%A1%D7%A4%D7%A8%D7%A1%E2%80%AD/data=!4m7!3m6!1s0x1502b7e432e7652d:0xe0471f187489c194!8m2!3d31.8934213!4d34.808173!16s%2Fg%2F11h4_smjv8!19sChIJLWXnMuS3AhURlMGJdBgfR-A?authuser=0&hl=iw&rclk=1
34.8131594,31.888997,רחובות,שווארמה בכיכר קרית עקרון,4.0,15,44,49,56,72,21,27,14,24,10,False,estimated,"Estimated prices, not verified from menu.",https://www.google.com/maps/place/%D7%A9%D7%95%D7%95%D7%90%D7%A8%D7%9E%D7%94+%D7%91%D7%9B%D7%99%D7%9B%D7%A8+%D7%A7%D7%A8%D7%99%D7%AA+%D7%A2%D7%A7%D7%A8%D7%95%D7%9F%E2%80%AD/data=!4m7!3m6!1s0x1502b708d61fab83:0xaa1eeb59adda3df0!8m2!3d31.888997!4d34.8131594!16s%2Fg%2F11j00s1w53!19sChIJg6sf1gi3AhUR8D3arVnrHqo?authuser=0&hl=iw&rclk=1
34.7986565,31.9284782,נס ציונה,שווארמה שמש וייצמן נס ציונה,4.1,212,47,54,63,71,20,30,14,22,10,True,estimated,"Estimated prices, not verified from menu.",https://www.google.com/maps/place/%D7%A9%D7%95%D7%95%D7%90%D7%A8%D7%9E%D7%94+%D7%A9%D7%9E%D7%A9+%D7%95%D7%99%D7%99%D7%A6%D7%9E%D7%9F+%D7%A0%D7%A1+%D7%A6%D7%99%D7%95%D7%A0%D7%94%E2%80%AD/data=!4m7!3m6!1s0x1502b695a9f044ed:0xbe39f81f578d3836!8m2!3d31.9284782!4d34.7986565!16s%2Fg%2F11bw2jbf1n!19sChIJ7UTwqZW2AhURNjiNVx_4Ob4?authuser=0&hl=iw&rclk=1
34.8089081,31.8937656,רחובות,שווארמה מימי רחובות,4.3,6,46,52,63,67,23,27,15,24,9,True,estimated,"Estimated prices, not verified from menu.",https://www.google.com/maps/place/%D7%A9%D7%95%D7%95%D7%90%D7%A8%D7%9E%D7%94+%D7%9E%D7%99%D7%9E%D7%99+%D7%A8%D7%97%D7%95%D7%91%D7%95%D7%AA%E2%80%AD/data=!4m7!3m6!1s0x1502b7d2e550b41b:0x57358cb3ff3bd7ff!8m2!3d31.8937656!4d34.8089081!16s%2Fg%2F11jz0_jqtj!19sChIJG7RQ5dK3AhUR_9c7_7OMNVc?authuser=0&hl=iw&rclk=1
34.8129778,31.8906726,רחובות,שווארמה,3.9,1,49,49,61,70,20,27,15,24,9,False,estimated,"Estimated prices, not verified from menu.",https://www.google.com/maps/place/%D7%A9%D7%95%D7%95%D7%90%D7%A8%D7%9E%D7%94%E2%80%AD/data=!4m7!3m6!1s0x1502b708b38a9525:0x9db2cf71f5e3dbf1!8m2!3d31.8906726!4d34.8129778!16s%2Fg%2F11fnwhst2f!19sChIJJZWKswi3AhUR8dvj9XHPsp0?authuser=0&hl=iw&rclk=1
34.8204815,31.8650274,רמלה,שוארמה בכיכר,4.4,318,45,51,62,68,20,31,16,25,10,False,estimated,"Estimated prices, not verified from menu.",https://www.google.com/maps/place/%D7%A9%D7%95%D7%90%D7%A8%D7%9E%D7%94+%D7%91%D7%9B%D7%99%D7%9B%D7%A8%E2%80%AD/data=!4m7!3m6!1s0x1502b7489ed744e5:0x1b83f82d24cf307f!8m2!3d31.8650274!4d34.8204815!16s%2Fg%2F11g0w460dv!19sChIJ5UTXnki3AhURfzDPJC34gxs?authuser=0&hl=iw&rclk=1
34.8444204,31.8547117,מזכרת בתיה,עזרא שווארמה ושיפודים,4.6,756,44,57,57,63,20,29,14,23,10,True,estimated,"Estimated prices, not verified from menu.",https://www.google.com/maps/place/%D7%A2%D7%96%D7%A8%D7%90+%D7%A9%D7%95%D7%95%D7%90%D7%A8%D7%9E%D7%94+%D7%95%D7%A9%D7%99%D7%A4%D7%95%D7%93%D7%99%D7%9D%E2%80%AD/data=!4m7!3m6!1s0x1502b7f4399d4951:0xc094a6352f5957d4!8m2!3d31.8547117!4d34.8444204!16s%2Fg%2F1tg5fb7x!19sChIJUUmdOfS3AhUR1FdZLzWmlMA?authuser=0&hl=iw&rclk=1
34.7488184,31.8719568,יבנה,שווארמה תומר,4.4,434,49,50,65,69,20,27,16,23,10,False,estimated,"Estimated prices, not verified from menu.",https://www.google.com/maps/place/%D7%A9%D7%95%D7%95%D7%90%D7%A8%D7%9E%D7%94+%D7%AA%D7%95%D7%9E%D7%A8%E2%80%AD/data=!4m7!3m6!1s0x1502ba727cacf8d5:0x8adb3316489b845a!8m2!3d31.8719568!4d34.7488184!16s%2Fg%2F11f0wlmmz9!19sChIJ1fisfHK6AhURWoSbSBYz24o?authuser=0&hl=iw&rclk=1
34.8360626,31.9446728,באר יעקב,שווארמה גד,4.3,26,44,51,56,71,20,31,15,25,10,False,estimated,"Estimated prices, not verified from menu.",https://www.google.com/maps/place/%D7%A9%D7%95%D7%95%D7%90%D7%A8%D7%9E%D7%94+%D7%92%D7%93%E2%80%AD/data=!4m7!3m6!1s0x1502b508bbfa0f2f:0xa22e34fdcfdfcb03!8m2!3d31.9446728!4d34.8360626!16s%2Fg%2F11k8fnxkvj!19sChIJLw_6uwi1AhURA8vfz_00LqI?authuser=0&hl=iw&rclk=1
34.869677,31.9189343,רמלה,בנץ גריל & שווארמה ואוכל מוכן,4.3,369,44,50,57,63,21,29,15,24,10,True,estimated,"Estimated prices, not verified from menu.",https://www.google.com/maps/place/%D7%91%D7%A0%D7%A5+%D7%92%D7%A8%D7%99%D7%9C+%26+%D7%A9%D7%95%D7%95%D7%90%D7%A8%D7%9E%D7%94+%D7%95%D7%90%D7%95%D7%9B%D7%9C+%D7%9E%D7%95%D7%9B%D7%9F%E2%80%AD/data=!4m7!3m6!1s0x1502c92eaeb98639:0x752c3ce78e3d414d!8m2!3d31.9189343!4d34.869677!16s%2Fg%2F11h53fkmxf!19sChIJOYa5ri7JAhURTUE9juc8LHU?authuser=0&hl=iw&rclk=1
34.8204815,31.8650274,רמלה,שווארמה בקריה - קריית עקרון,4.6,34,50,49,55,65,21,29,15,23,9,False,estimated,"Estimated prices, not verified from menu.",https://www.google.com/maps/place/%D7%A9%D7%95%D7%95%D7%90%D7%A8%D7%9E%D7%94+%D7%91%D7%A7%D7%A8%D7%99%D7%94+-+%D7%A7%D7%A8%D7%99%D7%99%D7%AA+%D7%A2%D7%A7%D7%A8%D7%95%D7%9F%E2%80%AD/data=!4m7!3m6!1s0x1502b70074d98f57:0x6ff4a276bd1bbfc!8m2!3d31.8650274!4d34.8204815!16s%2Fg%2F11ydtp66p0!19sChIJV4_ZdAC3AhUR_LvRaydK_wY?authuser=0&hl=iw&rclk=1
34.8921663,31.9455551,לוד,שוארמה זוילי פיני,4.5,133,44,54,62,65,21,28,14,22,10,,estimated,"Estimated prices, not verified from menu.",https://www.google.com/maps/place/%D7%A9%D7%95%D7%90%D7%A8%D7%9E%D7%94+%D7%96%D7%95%D7%99%D7%9C%D7%99+%D7%A4%D7%99%D7%A0%D7%99%E2%80%AD/data=!4m7!3m6!1s0x1502ca452fdc1b3d:0xd78dfca465359389!8m2!3d31.9455551!4d34.8921663!16s%2Fg%2F1tcynx4q!19sChIJPRvcL0XKAhURiZM1ZaT8jdc?authuser=0&hl=iw&rclk=1
34.8585583,31.9343516,רמלה,שווארמה יוסי - משנת 1988 | רמלה - הכי ותיק בעיר,4.6,383,45,52,55,69,23,31,16,25,9,,estimated,"Estimated prices, not verified from menu.",https://www.google.com/maps/place/%D7%A9%D7%95%D7%95%D7%90%D7%A8%D7%9E%D7%94+%D7%99%D7%95%D7%A1%D7%99+-+%D7%9E%D7%A9%D7%A0%D7%AA+1988+%7C+%D7%A8%D7%9E%D7%9C%D7%94+-+%D7%94%D7%9B%D7%99+%D7%95%D7%AA%D7%99%D7%A7+%D7%91%D7%A2%D7%99%D7%A8%E2%80%AD/data=!4m7!3m6!1s0x1502b5f913f80d33:0xd7e5a50be11fb18f!8m2!3d31.9343516!4d34.8585583!16s%2Fg%2F1tfdvxfh!19sChIJMw34E_m1AhURj7Ef4Qul5dc?authuser=0&hl=iw&rclk=1
34.8108299,31.8961296,רחובות,מפגש שווארמה א.א.,,1,49,53,59,65,20,27,15,22,10,True,estimated,"Estimated prices, not verified from menu.",https://www.google.com/maps/place/%D7%9E%D7%A4%D7%92%D7%A9+%D7%A9%D7%95%D7%95%D7%90%D7%A8%D7%9E%D7%94+%D7%90.%D7%90.%E2%80%AD/data=!4m7!3m6!1s0x1502b7046e7c736b:0xf0c2383946a6ce95!8m2!3d31.8961296!4d34.8108299!16s%2Fg%2F11b6vfxq_9!19sChIJa3N8bgS3AhURlc6mRjk4wvA?authuser=0&hl=iw&rclk=1
34.7983002,31.9227058,נס ציונה,שווארמה שמעוני,4.2,3285,45,53,56,71,20,28,14,24,10,True,estimated,"Estimated prices, not verified from menu.",https://www.google.com/maps/place/%D7%A9%D7%95%D7%95%D7%90%D7%A8%D7%9E%D7%94+%D7%A9%D7%9E%D7%A2%D7%95%D7%A0%D7%99%E2%80%AD/data=!4m7!3m6!1s0x1502b6ea4ee5fd23:0x89b9e675e43f56aa!8m2!3d31.9227058!4d34.7983002!16s%2Fg%2F11ckqr8_ls!19sChIJI_3lTuq2AhURqlY_5HXmuYk?authuser=0&hl=iw&rclk=1
34.8071313,31.9200339,רחובות,שווארמה איצקו,4.1,15,44,56,58,67,20,27,14,22,9,True,estimated,"Estimated prices, not verified from menu.",https://www.google.com/maps/place/%D7%A9%D7%95%D7%95%D7%90%D7%A8%D7%9E%D7%94+%D7%90%D7%99%D7%A6%D7%A7%D7%95%E2%80%AD/data=!4m7!3m6!1s0x1502b7001f44f33f:0x102f25a075a4b39d!8m2!3d31.9200339!4d34.8071313!16s%2Fg%2F11ym0j8ksk!19sChIJP_NEHwC3AhURnbOkdaAlLxA?authuser=0&hl=iw&rclk=1
34.7320368,31.8880518,יבנה,שווארמה שמעוני,4.3,1419,43,52,60,67,20,31,13,24,9,True,estimated,"Estimated prices, not verified from menu.",https://www.google.com/maps/place/%D7%A9%D7%95%D7%95%D7%90%D7%A8%D7%9E%D7%94+%D7%A9%D7%9E%D7%A2%D7%95%D7%A0%D7%99%E2%80%AD/data=!4m7!3m6!1s0x1502bb6b9b9623bd:0x58a47dcb044d44da!8m2!3d31.8880518!4d34.7320368!16s%2Fg%2F11j22n7kq7!19sChIJvSOWm2u7AhUR2kRNBMt9pFg?authuser=0&hl=iw&rclk=1
34.738788,31.873516,יבנה,שווארמה פינטו,,1,46,56,61,69,23,27,15,21,9,True,estimated,"Estimated prices, not verified from menu.",https://www.google.com/maps/place/%D7%A9%D7%95%D7%95%D7%90%D7%A8%D7%9E%D7%94+%D7%A4%D7%99%D7%A0%D7%98%D7%95%E2%80%AD/data=!4m7!3m6!1s0x1502ba6522c0a0bb:0x4522bbe7c0c4ac83!8m2!3d31.873516!4d34.738788!16s%2Fg%2F11h7s4f5g9!19sChIJu6DAImW6AhURg6zEwOe7IkU?authuser=0&hl=iw&rclk=1
34.7044578,31.795256,יבנה,שווארמה פאפיס,4.2,14,47,51,54,66,21,28,14,23,9,True,estimated,"Estimated prices, not verified from menu.",https://www.google.com/maps/place/%D7%A9%D7%95%D7%95%D7%90%D7%A8%D7%9E%D7%94+%D7%A4%D7%90%D7%A4%D7%99%D7%A1%E2%80%AD/data=!4m7!3m6!1s0x1502bd0cb7429931:0x20086e93222f020d!8m2!3d31.795256!4d34.7044578!16s%2Fg%2F11kq0qk99p!19sChIJMZlCtwy9AhURDQIvIpNuCCA?authuser=0&hl=iw&rclk=1
34.997283,32.820327,חיפה,שווארמה אדם בעיר,,7,49,50,55,70,21,28,14,24,10,True,estimated,"Estimated prices, not verified from menu.",https://www.google.com/maps/place/%D7%A9%D7%95%D7%95%D7%90%D7%A8%D7%9E%D7%94+%D7%90%D7%93%D7%9D+%D7%91%D7%A2%D7%99%D7%A8%E2%80%AD/data=!4m7!3m6!1s0x151dbb15bae3459d:0x48fba7acb65ae79a!8m2!3d32.820327!4d34.997283!16s%2Fg%2F11njy0fhrc!19sChIJnUXjuhW7HRURmudatqyn-0g?authuser=0&hl=iw&rclk=1
34.7722249,31.6355544,קרית גת,זוארס שווארמה גריל בשרים,3.8,122,49,56,55,69,20,30,13,23,9,False,estimated,"Estimated prices, not verified from menu.",https://www.google.com/maps/place/%D7%96%D7%95%D7%90%D7%A8%D7%A1+%D7%A9%D7%95%D7%95%D7%90%D7%A8%D7%9E%D7%94+%D7%92%D7%A8%D7%99%D7%9C+%D7%91%D7%A9%D7%A8%D7%99%D7%9D%E2%80%AD/data=!4m7!3m6!1s0x1502970f3d0f0ed9:0xafa6c7c93d70422f!8m2!3d31.6355544!4d34.7722249!16s%2Fg%2F11k9sty4zn!19sChIJ2Q4PPQ-XAhURL0JwPcnHpq8?authuser=0&hl=iw&rclk=1
35.0620964,32.7208444,עוספייא,שווארמה מאתיו Shawarma Matthew,5.0,46,43,55,55,68,22,30,14,23,10,True,estimated,"Estimated prices, not verified from menu.",https://www.google.com/maps/place/%D7%A9%D7%95%D7%95%D7%90%D7%A8%D7%9E%D7%94+%D7%9E%D7%90%D7%AA%D7%99%D7%95+Shawarma+Matthew%E2%80%AD/data=!4m7!3m6!1s0x151daf03c648d23f:0x28c887401d9b0b91!8m2!3d32.7208444!4d35.0620964!16s%2Fg%2F11rqst8c92!19sChIJP9JIxgOvHRURkQubHUCHyCg?authuser=0&hl=iw&rclk=1
34.8970586,31.9573302,לוד,מלך השווארמה לוד-מסעדה כשרה בלוד | שווארמה בלוד | מסעדת בשרים בלוד |,3.9,161,43,54,58,64,21,28,13,21,9,False,estimated,"Estimated prices, not verified from menu.",https://www.google.com/maps/place/%D7%9E%D7%9C%D7%9A+%D7%94%D7%A9%D7%95%D7%95%D7%90%D7%A8%D7%9E%D7%94+%D7%9C%D7%95%D7%93-%D7%9E%D7%A1%D7%A2%D7%93%D7%94+%D7%9B%D7%A9%D7%A8%D7%94+%D7%91%D7%9C%D7%95%D7%93+%7C+%D7%A9%D7%95%D7%95%D7%90%D7%A8%D7%9E%D7%94+%D7%91%D7%9C%D7%95%D7%93+%7C+%D7%9E%D7%A1%D7%A2%D7%93%D7%AA+%D7%91%D7%A9%D7%A8%D7%99%D7%9D+%D7%91%D7%9C%D7%95%D7%93+%7C%E2%80%AD/data=!4m7!3m6!1s0x1502caf8496d4cad:0x7e12f882367891ad!8m2!3d31.9573302!4d34.8970586!16s%2Fg%2F11cn8s7gz0!19sChIJrUxtSfjKAhURrZF4NoL4En4?authuser=0&hl=iw&rclk=1
34.8937442,31.9525853,לוד,אבוגון שווארמה לוד,3.8,79,44,49,58,65,21,27,15,22,9,True,estimated,"Estimated prices, not verified from menu.",https://www.google.com/maps/place/%D7%90%D7%91%D7%95%D7%92%D7%95%D7%9F+%D7%A9%D7%95%D7%95%D7%90%D7%A8%D7%9E%D7%94+%D7%9C%D7%95%D7%93%E2%80%AD/data=!4m7!3m6!1s0x1502cbe423b4caa3:0xa8f083ad4fa22474!8m2!3d31.9525853!4d34.8937442!16s%2Fg%2F11s65__ycz!19sChIJo8q0I-TLAhURdCSiT62D8Kg?authuser=0&hl=iw&rclk=1
34.8973739,31.9565714,לוד,שווארמה התחנה,4.7,20,46,51,58,63,20,29,14,23,9,False,estimated,"Estimated prices, not verified from menu.",https://www.google.com/maps/place/%D7%A9%D7%95%D7%95%D7%90%D7%A8%D7%9E%D7%94+%D7%94%D7%AA%D7%97%D7%A0%D7%94%E2%80%AD/data=!4m7!3m6!1s0x1502cb24ea4bbc5b:0xf036441624fb5186!8m2!3d31.9565714!4d34.8973739!16s%2Fg%2F11scynxxwx!19sChIJW7xL6iTLAhURhlH7JBZENvA?authuser=0&hl=iw&rclk=1
34.8973777,31.9568103,לוד,مطعم شاورما- מסעדת שווארמה,5.0,9,44,54,60,63,22,30,13,23,10,False,estimated,"Estimated prices, not verified from menu.",https://www.google.com/maps/place/%D9%85%D8%B7%D8%B9%D9%85+%D8%B4%D8%A7%D9%88%D8%B1%D9%85%D8%A7-+%D7%9E%D7%A1%D7%A2%D7%93%D7%AA+%D7%A9%D7%95%D7%95%D7%90%D7%A8%D7%9E%D7%94%E2%80%AD/data=!4m7!3m6!1s0x1502cb68cd98dc53:0xc944a575072738c4!8m2!3d31.9568103!4d34.8973777!16s%2Fg%2F11r_k4x6rg!19sChIJU9yYzWjLAhURxDgnB3WlRMk?authuser=0&hl=iw&rclk=1
34.8970889,31.9573312,לוד,מסעדה ושווארמה אל באשא,4.5,48,44,47,54,68,21,28,15,20,9,False,estimated,"Estimated prices, not verified from menu.",https://www.google.com/maps/place/%D7%9E%D7%A1%D7%A2%D7%93%D7%94+%D7%95%D7%A9%D7%95%D7%95%D7%90%D7%A8%D7%9E%D7%94+%D7%90%D7%9C+%D7%91%D7%90%D7%A9%D7%90%E2%80%AD/data=!4m7!3m6!1s0x1502cbf812826657:0x76f841e6480855cd!8m2!3d31.9573312!4d34.8970889!16s%2Fg%2F11v6g052zg!19sChIJV2aCEvjLAhURzVUISOZB-HY?authuser=0&hl=iw&rclk=1
34.8876006,31.9498099,לוד,שווארמה הקרניבור,3.0,8,45,48,56,63,21,26,14,22,9,True,estimated,"Estimated prices, not verified from menu.",https://www.google.com/maps/place/%D7%A9%D7%95%D7%95%D7%90%D7%A8%D7%9E%D7%94+%D7%94%D7%A7%D7%A8%D7%A0%D7%99%D7%91%D7%95%D7%A8%E2%80%AD/data=!4m7!3m6!1s0x1502cb0019533cf1:0xe7efe0decbb3f17b!8m2!3d31.9498099!4d34.8876006!16s%2Fg%2F11zj4lzct5!19sChIJ8TxTGQDLAhURe_Gzy97g7-c?authuser=0&hl=iw&rclk=1
34.8978713,31.9550038,לוד,שווארמה מחאריק شاورما محاريق Shawarma Maharek,4.7,139,43,51,53,62,20,27,14,24,9,True,estimated,"Estimated prices, not verified from menu.",https://www.google.com/maps/place/%D7%A9%D7%95%D7%95%D7%90%D7%A8%D7%9E%D7%94+%D7%9E%D7%97%D7%90%D7%A8%D7%99%D7%A7+%D8%B4%D8%A7%D9%88%D8%B1%D9%85%D8%A7+%D9%85%D8%AD%D8%A7%D8%B1%D9%8A%D9%82+Shawarma+Maharek%E2%80%AD/data=!4m7!3m6!1s0x1502cbec956730c1:0x35920fe8376f87bd!8m2!3d31.9550038!4d34.8978713!16s%2Fg%2F11h4ys0g76!19sChIJwTBnlezLAhURvYdvN-gPkjU?authuser=0&hl=iw&rclk=1
34.890489,31.948232,לוד,מלך השווארמה,4.7,12,41,52,61,68,19,27,14,23,10,True,estimated,"Estimated prices, not verified from menu.",https://www.google.com/maps/place/%D7%9E%D7%9C%D7%9A+%D7%94%D7%A9%D7%95%D7%95%D7%90%D7%A8%D7%9E%D7%94%E2%80%AD/data=!4m7!3m6!1s0x1502cbd5b7cf67fd:0xb56fa946ca4ed480!8m2!3d31.948232!4d34.890489!16s%2Fg%2F11q3zfz4c5!19sChIJ_WfPt9XLAhURgNROykapb7U?authuser=0&hl=iw&rclk=1
34.8813835,31.9326394,רמלה,השווארמה של דגגה,3.5,2,47,54,53,60,20,30,14,22,9,True,estimated,"Estimated prices, not verified from menu.",https://www.google.com/maps/place/%D7%94%D7%A9%D7%95%D7%95%D7%90%D7%A8%D7%9E%D7%94+%D7%A9%D7%9C+%D7%93%D7%92%D7%92%D7%94%E2%80%AD/data=!4m7!3m6!1s0x1502cb3104071a25:0x526247647be3dc8b!8m2!3d31.9326394!4d34.8813835!16s%2Fg%2F11k55bvfxk!19sChIJJRoHBDHLAhURi9zje2RHYlI?authuser=0&hl=iw&rclk=1
34.8816556,31.9324717,רמלה,Shwarma and falafel,,1,41,53,58,60,22,29,14,23,10,True,estimated,"Estimated prices, not verified from menu.",https://www.google.com/maps/place/Shwarma+and+falafel/data=!4m7!3m6!1s0x1502cb5e6fb738db:0xebd31efbb2162516!8m2!3d31.9324717!4d34.8816556!16s%2Fg%2F11srjh180_!19sChIJ2zi3b17LAhURFiUWsvse0-s?authuser=0&hl=iw&rclk=1
35.0630392,32.5123174,כפר קרע,פלאפל ושווארמה אבו נגיב,4.0,2,43,47,53,65,19,27,13,21,9,False,estimated,"Estimated prices, not verified from menu.",https://www.google.com/maps/place/%D7%A4%D7%9C%D7%90%D7%A4%D7%9C+%D7%95%D7%A9%D7%95%D7%95%D7%90%D7%A8%D7%9E%D7%94+%D7%90%D7%91%D7%95+%D7%A0%D7%92%D7%99%D7%91%E2%80%AD/data=!4m7!3m6!1s0x151d07cc9c0aea2f:0x3b46ec2e163ee76!8m2!3d32.5123174!4d35.0630392!16s%2Fg%2F11n2dv7cyw!19sChIJL-oKnMwHHRURdu5j4cJutAM?authuser=0&hl=iw&rclk=1
34.9477981,32.7091375,מגדים,שווארמה פלאפל הצומת עתלית,4.8,107,47,51,60,69,20,26,14,21,9,True,estimated,"Estimated prices, not verified from menu.",https://www.google.com/maps/place/%D7%A9%D7%95%D7%95%D7%90%D7%A8%D7%9E%D7%94+%D7%A4%D7%9C%D7%90%D7%A4%D7%9C+%D7%94%D7%A6%D7%95%D7%9E%D7%AA+%D7%A2%D7%AA%D7%9C%D7%99%D7%AA%E2%80%AD/data=!4m7!3m6!1s0x151da37c6edbcd53:0xbd399479886628db!8m2!3d32.7091375!4d34.9477981!16s%2Fg%2F11h1zx4_6d!19sChIJU83bbnyjHRUR2yhmiHmUOb0?authuser=0&hl=iw&rclk=1
35.5035515,32.4932231,בית שאן,פלאפל ושווארמה הנשיא בית שאן - משלוחים,4.3,9,47,52,53,63,22,28,14,24,9,True,estimated,"Estimated prices, not verified from menu.",https://www.google.com/maps/place/%D7%A4%D7%9C%D7%90%D7%A4%D7%9C+%D7%95%D7%A9%D7%95%D7%95%D7%90%D7%A8%D7%9E%D7%94+%D7%94%D7%A0%D7%A9%D7%99%D7%90+%D7%91%D7%99%D7%AA+%D7%A9%D7%90%D7%9F+-+%D7%9E%D7%A9%D7%9C%D7%95%D7%97%D7%99%D7%9D%E2%80%AD/data=!4m7!3m6!1s0x151c5f1a6c2bb50d:0x9f79c19b711f4015!8m2!3d32.4932231!4d35.5035515!16s%2Fg%2F11ptzl0b67!19sChIJDbUrbBpfHBURFUAfcZvBeZ8?authuser=0&hl=iw&rclk=1
35.0478093,32.4603481,חריש,שווארמה המלכים,4.3,146,42,50,61,61,21,26,14,21,10,False,estimated,"Estimated prices, not verified from menu.",https://www.google.com/maps/place/%D7%A9%D7%95%D7%95%D7%90%D7%A8%D7%9E%D7%94+%D7%94%D7%9E%D7%9C%D7%9B%D7%99%D7%9D%E2%80%AD/data=!4m7!3m6!1s0x151d05c0318ba493:0xddfa0d008e811456!8m2!3d32.4603481!4d35.0478093!16s%2Fg%2F11trrqbb0f!19sChIJk6SLMcAFHRURVhSBjgAN-t0?authuser=0&hl=iw&rclk=1
34.9505824,32.0504607,אלעד,פלאפל שווארמה יהלום,4.2,223,47,49,58,69,20,27,15,20,9,False,estimated,"Estimated prices, not verified from menu.",https://www.google.com/maps/place/%D7%A4%D7%9C%D7%90%D7%A4%D7%9C+%D7%A9%D7%95%D7%95%D7%90%D7%A8%D7%9E%D7%94+%D7%99%D7%94%D7%9C%D7%95%D7%9D%E2%80%AD/data=!4m7!3m6!1s0x151d34077dcb8459:0xe5182d9d06f6f14e!8m2!3d32.0504607!4d34.9505824!16s%2Fg%2F11cs9y2s4n!19sChIJWYTLfQc0HRURTvH2Bp0tGOU?authuser=0&hl=iw&rclk=1
35.2483721,32.5739766,רמלה,שווארמה אור כשר,4.3,54,43,55,56,64,21,28,13,21,9,False,estimated,"Estimated prices, not verified from menu.",https://www.google.com/maps/place/%D7%A9%D7%95%D7%95%D7%90%D7%A8%D7%9E%D7%94+%D7%90%D7%95%D7%A8+%D7%9B%D7%A9%D7%A8%E2%80%AD/data=!4m7!3m6!1s0x151c5575badd76c7:0x22a80cca7858bce7!8m2!3d32.5739766!4d35.2483721!16s%2Fg%2F11v6w8_4_7!19sChIJx3bdunVVHBUR57xYeMoMqCI?authuser=0&hl=iw&rclk=1
34.9534368,32.2319121,טירה,שווארמה אחים סמארה,4.5,384,41,49,58,62,20,26,14,22,9,False,estimated,"Estimated prices, not verified from menu.",https://www.google.com/maps/place/%D7%A9%D7%95%D7%95%D7%90%D7%A8%D7%9E%D7%94+%D7%90%D7%97%D7%99%D7%9D+%D7%A1%D7%9E%D7%90%D7%A8%D7%94%E2%80%AD/data=!4m7!3m6!1s0x151d3ea0765e5dbd:0x99694dd4be0b903d!8m2!3d32.2319121!4d34.9534368!16s%2Fg%2F11b6v6pv5w!19sChIJvV1edqA-HRURPZALvtRNaZk?authuser=0&hl=iw&rclk=1
34.950081,32.5957485,פוריידיס,מסעדת ושווארמה אלווזיר,4.5,90,43,49,60,62,20,27,14,21,9,False,estimated,"Estimated prices, not verified from menu.",https://www.google.com/maps/place/%D7%9E%D7%A1%D7%A2%D7%93%D7%AA+%D7%95%D7%A9%D7%95%D7%95%D7%90%D7%A8%D7%9E%D7%94+%D7%90%D7%9C%D7%95%D7%95%D7%96%D7%99%D7%A8%E2%80%AD/data=!4m7!3m6!1s0x151d0ba202bb4f51:0x76bd214d64ef79df!8m2!3d32.5957485!4d34.950081!16s%2Fg%2F11j2c1c4n4!19sChIJUU-7AqILHRUR33nvZE0hvXY?authuser=0&hl=iw&rclk=1
35.1051293,32.6595831,יקנעם,שווארמה נפו,4.0,61,48,54,54,63,19,26,13,22,9,True,estimated,"Estimated prices, not verified from menu.",https://www.google.com/maps/place/%D7%A9%D7%95%D7%95%D7%90%D7%A8%D7%9E%D7%94+%D7%A0%D7%A4%D7%95%E2%80%AD/data=!4m7!3m6!1s0x151dafa4282d80f1:0x4747a9539ceaccd!8m2!3d32.6595831!4d35.1051293!16s%2Fg%2F11jnczj10l!19sChIJ8YAtKKSvHRURzazOOZV6dAQ?authuser=0&hl=iw&rclk=1
35.0029988,32.2645662,טייבה,שווארמה ופלאפל הסולטאן,4.4,198,46,48,57,60,19,28,14,22,9,False,estimated,"Estimated prices, not verified from menu.",https://www.google.com/maps/place/%D7%A9%D7%95%D7%95%D7%90%D7%A8%D7%9E%D7%94+%D7%95%D7%A4%D7%9C%D7%90%D7%A4%D7%9C+%D7%94%D7%A1%D7%95%D7%9C%D7%98%D7%90%D7%9F%E2%80%AD/data=!4m7!3m6!1s0x151d3d73cce6e1ab:0x91044953ebbb7344!8m2!3d32.2645662!4d35.0029988!16s%2Fg%2F11g8xjg5gt!19sChIJq-HmzHM9HRURRHO761NJBJE?authuser=0&hl=iw&rclk=1
35.4935789,32.5021982,בית שאן,שווארמה הכיכר,4.5,985,47,50,55,61,20,27,14,23,9,False,estimated,"Estimated prices, not verified from menu.",https://www.google.com/maps/place/%D7%A9%D7%95%D7%95%D7%90%D7%A8%D7%9E%D7%94+%D7%94%D7%9B%D7%99%D7%9B%D7%A8%E2%80%AD/data=!4m7!3m6!1s0x151c5eb8d97aaab3:0xc3b83cbe04263da9!8m2!3d32.5021982!4d35.4935789!16s%2Fg%2F11ddxf4md6!19sChIJs6p62bheHBURqT0mBL48uMM?authuser=0&hl=iw&rclk=1
34.9797043,31.7419804,בית שמש,מרכז השווארמה,4.3,73,45,52,60,69,20,29,15,22,9,True,estimated,"Estimated prices, not verified from menu.",https://www.google.com/maps/place/%D7%9E%D7%A8%D7%9B%D7%96+%D7%94%D7%A9%D7%95%D7%95%D7%90%D7%A8%D7%9E%D7%94%E2%80%AD/data=!4m7!3m6!1s0x1502c46ef5078263:0x77381d6c3f18597f!8m2!3d31.7419804!4d34.9797043!16s%2Fg%2F11f4yj5z3s!19sChIJY4IH9W7EAhURf1kYP2wdOHc?authuser=0&hl=iw&rclk=1
34.9891433,31.7565435,בית שמש,חמסה – שווארמה בבית שמש,3.7,53,48,54,60,61,20,26,14,23,9,True,estimated,"Estimated prices, not verified from menu.",https://www.google.com/maps/place/%D7%97%D7%9E%D7%A1%D7%94+%E2%80%93+%D7%A9%D7%95%D7%95%D7%90%D7%A8%D7%9E%D7%94+%D7%91%D7%91%D7%99%D7%AA+%D7%A9%D7%9E%D7%A9%E2%80%AD/data=!4m7!3m6!1s0x1502c59bfb05d9e5:0x1b03146643661dd!8m2!3d31.7565435!4d34.9891433!16s%2Fg%2F11xs7p45rh!19sChIJ5dkF-5vFAhUR3WE2ZEYxsAE?authuser=0&hl=iw&rclk=1
34.9890565,31.7565459,בית שמש,שווארמה סקורי בקניון,4.0,23,48,53,56,70,20,28,15,22,9,True,estimated,"Estimated prices, not verified from menu.",https://www.google.com/maps/place/%D7%A9%D7%95%D7%95%D7%90%D7%A8%D7%9E%D7%94+%D7%A1%D7%A7%D7%95%D7%A8%D7%99+%D7%91%D7%A7%D7%A0%D7%99%D7%95%D7%9F%E2%80%AD/data=!4m7!3m6!1s0x1502c5c772635125:0x8bbefd23e74e435!8m2!3d31.7565459!4d34.9890565!16s%2Fg%2F11rggj60yw!19sChIJJVFjcsfFAhURNeR0PtLvuwg?authuser=0&hl=iw&rclk=1
34.9876628,31.7560346,בית שמש,הראיס שווארמה על גחלים- לשעבר בנדורה בית שמש,3.8,92,43,54,56,64,20,27,14,23,9,True,estimated,"Estimated prices, not verified from menu.",https://www.google.com/maps/place/%D7%94%D7%A8%D7%90%D7%99%D7%A1+%D7%A9%D7%95%D7%95%D7%90%D7%A8%D7%9E%D7%94+%D7%A2%D7%9C+%D7%92%D7%97%D7%9C%D7%99%D7%9D-+%D7%9C%D7%A9%D7%A2%D7%91%D7%A8+%D7%91%D7%A0%D7%93%D7%95%D7%A8%D7%94+%D7%91%D7%99%D7%AA+%D7%A9%D7%9E%D7%A9%E2%80%AD/data=!4m7!3m6!1s0x1502c596f58065a7:0x262bbddd71335774!8m2!3d31.7560346!4d34.9876628!16s%2Fg%2F11c5gchwbd!19sChIJp2WA9ZbFAhURdFczcd29KyY?authuser=0&hl=iw&rclk=1
34.9890582,31.7565372,בית שמש,Shawarma Sakuri,3.3,11,46,55,53,64,20,27,13,23,9,True,estimated,"Estimated prices, not verified from menu.",https://www.google.com/maps/place/Shawarma+Sakuri/data=!4m7!3m6!1s0x1502c45a00f11f1d:0xfa4aa27f6d273b9a!8m2!3d31.7565372!4d34.9890582!16s%2Fg%2F1q62k__0f!19sChIJHR_xAFrEAhURmjsnbX-iSvo?authuser=0&hl=iw&rclk=1
35.1069322,31.8105653,אבו גוש,مطعم هاني-Hani Restaurant שווארמה האני,4.3,756,41,52,55,63,22,26,14,22,10,True,estimated,"Estimated prices, not verified from menu.",https://www.google.com/maps/place/%D9%85%D8%B7%D8%B9%D9%85+%D9%87%D8%A7%D9%86%D9%8A-Hani+Restaurant+%D7%A9%D7%95%D7%95%D7%90%D7%A8%D7%9E%D7%94+%D7%94%D7%90%D7%A0%D7%99%E2%80%AD/data=!4m7!3m6!1s0x1502d1f6c85a689b:0xd000630f20638696!8m2!3d31.8105653!4d35.1069322!16s%2Fg%2F11nxpnwzxh!19sChIJm2hayPbRAhURloZjIA9jANA?authuser=0&hl=iw&rclk=1
34.7704856,31.6093538,קרית גת,שווארמה קריית גת,4.5,14,43,48,56,60,19,27,13,23,10,True,estimated,"Estimated prices, not verified from menu.",https://www.google.com/maps/place/%D7%A9%D7%95%D7%95%D7%90%D7%A8%D7%9E%D7%94+%D7%A7%D7%A8%D7%99%D7%99%D7%AA+%D7%92%D7%AA%E2%80%AD/data=!4m7!3m6!1s0x15029160abbbdc53:0xcb00e8072ccf271!8m2!3d31.6093538!4d34.7704856!16s%2Fg%2F11lt77gfnv!19sChIJU9y7q2CRAhURcfLMcoAOsAw?authuser=0&hl=iw&rclk=1
34.7588229,31.603455,קרית גת,שווארמה בכיכר,4.2,174,43,48,53,64,20,29,14,22,9,True,estimated,"Estimated prices, not verified from menu.",https://www.google.com/maps/place/%D7%A9%D7%95%D7%95%D7%90%D7%A8%D7%9E%D7%94+%D7%91%D7%9B%D7%99%D7%9B%D7%A8%E2%80%AD/data=!4m7!3m6!1s0x1502917135d0b851:0xe65cb360bd170029!8m2!3d31.603455!4d34.7588229!16s%2Fg%2F1tg3dn45!19sChIJUbjQNXGRAhURKQAXvWCzXOY?authuser=0&hl=iw&rclk=1
34.7781944,31.6058559,קרית גת,שווארמה טורו,4.2,1369,44,46,56,68,18,28,12,22,9,False,estimated,"Estimated prices, not verified from menu.",https://www.google.com/maps/place/%D7%A9%D7%95%D7%95%D7%90%D7%A8%D7%9E%D7%94+%D7%98%D7%95%D7%A8%D7%95%E2%80%AD/data=!4m7!3m6!1s0x15029163da4ed907:0x865d005dc082b30a!8m2!3d31.6058559!4d34.7781944!16s%2Fg%2F11clwlqfff!19sChIJB9lO2mORAhURCrOCwF0AXYY?authuser=0&hl=iw&rclk=1
34.772536,31.633151,קרית גת,איציק שווארמה ובשרים על האש,4.4,258,45,51,55,59,19,25,14,21,9,False,estimated,"Estimated prices, not verified from menu.",https://www.google.com/maps/place/%D7%90%D7%99%D7%A6%D7%99%D7%A7+%D7%A9%D7%95%D7%95%D7%90%D7%A8%D7%9E%D7%94+%D7%95%D7%91%D7%A9%D7%A8%D7%99%D7%9D+%D7%A2%D7%9C+%D7%94%D7%90%D7%A9%E2%80%AD/data=!4m7!3m6!1s0x150291d6a01bd9f9:0xc8c178b46941d147!8m2!3d31.633151!4d34.772536!16s%2Fg%2F11h23jgzj5!19sChIJ-dkboNaRAhURR9FBabR4wcg?authuser=0&hl=iw&rclk=1
34.7721845,31.6036968,קרית גת,שווארמה סאלי,5.0,2,44,53,60,59,21,25,13,23,9,True,estimated,"Estimated prices, not verified from menu.",https://www.google.com/maps/place/%D7%A9%D7%95%D7%95%D7%90%D7%A8%D7%9E%D7%94+%D7%A1%D7%90%D7%9C%D7%99%E2%80%AD/data=!4m7!3m6!1s0x150291007671994d:0x7f645dc2875fe7ab!8m2!3d31.6036968!4d34.7721845!16s%2Fg%2F11yw0ppldz!19sChIJTZlxdgCRAhURq-dfh8JdZH8?authuser=0&hl=iw&rclk=1
34.772459,31.6039074,קרית גת,בית הפול והשווארמה - קריית גת | חומוס | פלאפל | סביח | שניצל | משלוחים | שווארמה | קרית גת,4.3,127,41,49,59,59,18,26,14,21,9,True,estimated,"Estimated prices, not verified from menu.",https://www.google.com/maps/place/%D7%91%D7%99%D7%AA+%D7%94%D7%A4%D7%95%D7%9C+%D7%95%D7%94%D7%A9%D7%95%D7%95%D7%90%D7%A8%D7%9E%D7%94+-+%D7%A7%D7%A8%D7%99%D7%99%D7%AA+%D7%92%D7%AA+%7C+%D7%97%D7%95%D7%9E%D7%95%D7%A1+%7C+%D7%A4%D7%9C%D7%90%D7%A4%D7%9C+%7C+%D7%A1%D7%91%D7%99%D7%97+%7C+%D7%A9%D7%A0%D7%99%D7%A6%D7%9C+%7C+%D7%9E%D7%A9%D7%9C%D7%95%D7%97%D7%99%D7%9D+%7C+%D7%A9%D7%95%D7%95%D7%90%D7%A8%D7%9E%D7%94+%7C+%D7%A7%D7%A8%D7%99%D7%AA+%D7%92%D7%AA%E2%80%AD/data=!4m7!3m6!1s0x15029121eca4536d:0xc2e6ad1de2b0af34!8m2!3d31.6039074!4d34.772459!16s%2Fg%2F11q32ycqyr!19sChIJbVOk7CGRAhURNK-w4h2t5sI?authuser=0&hl=iw&rclk=1
34.7730348,31.6033976,קרית גת,שווארמה,4.1,16,40,46,59,64,19,27,13,23,9,True,estimated,"Estimated prices, not verified from menu.",https://www.google.com/maps/place/%D7%A9%D7%95%D7%95%D7%90%D7%A8%D7%9E%D7%94%E2%80%AD/data=!4m7!3m6!1s0x150291911791bd35:0x8676a92111e2185a!8m2!3d31.6033976!4d34.7730348!16s%2Fg%2F11s7nw8z04!19sChIJNb2RF5GRAhURWhjiESGpdoY?authuser=0&hl=iw&rclk=1
34.7485838,31.7275181,קרית מלאכי,הבוכרי - מרכז הפלאפל והשאוורמה,4.5,341,43,51,59,67,20,31,15,22,9,True,estimated,"Estimated prices, not verified from menu.",https://www.google.com/maps/place/%D7%94%D7%91%D7%95%D7%9B%D7%A8%D7%99+-+%D7%9E%D7%A8%D7%9B%D7%96+%D7%94%D7%A4%D7%9C%D7%90%D7%A4%D7%9C+%D7%95%D7%94%D7%A9%D7%90%D7%95%D7%95%D7%A8%D7%9E%D7%94%E2%80%AD/data=!4m7!3m6!1s0x1502bd8c65ecdb51:0x9b2cd6407edde319!8m2!3d31.7275181!4d34.7485838!16s%2Fg%2F11h51j_mf8!19sChIJUdvsZYy9AhURGePdfkDWLJs?authuser=0&hl=iw&rclk=1
34.779419,31.7551465,ערוגות,שווארמה 40,4.0,68,47,56,55,66,20,31,15,24,9,True,estimated,"Estimated prices, not verified from menu.",https://www.google.com/maps/place/%D7%A9%D7%95%D7%95%D7%90%D7%A8%D7%9E%D7%94+40%E2%80%AD/data=!4m7!3m6!1s0x1502bfd98b37cfbd:0x4fbd1f516870f456!8m2!3d31.7551465!4d34.779419!16s%2Fg%2F11w4tlyvkw!19sChIJvc83i9m_AhURVvRwaFEfvU8?authuser=0&hl=iw&rclk=1
34.6631866,31.7752849,אשדוד,שווארמה גרבולי,3.8,5,48,48,61,64,20,28,15,24,9,True,estimated,"Estimated prices, not verified from menu.",https://www.google.com/maps/place/%D7%A9%D7%95%D7%95%D7%90%D7%A8%D7%9E%D7%94+%D7%92%D7%A8%D7%91%D7%95%D7%9C%D7%99%E2%80%AD/data=!4m7!3m6!1s0x1502a3005a670533:0x7d8640f4dd478a00!8m2!3d31.7752849!4d34.6631866!16s%2Fg%2F11yqtrxnxr!19sChIJMwVnWgCjAhURAIpH3fRAhn0?authuser=0&hl=iw&rclk=1
34.7486446,31.7293108,קרית מלאכי,"השוארמה של שוקי בע""מ",4.2,18,42,56,58,63,21,30,14,22,9,True,estimated,"Estimated prices, not verified from menu.",https://www.google.com/maps/place/%D7%94%D7%A9%D7%95%D7%90%D7%A8%D7%9E%D7%94+%D7%A9%D7%9C+%D7%A9%D7%95%D7%A7%D7%99+%D7%91%D7%A2%22%D7%9E%E2%80%AD/data=!4m7!3m6!1s0x1502bd8dac56c5cf:0x12d38ffe99ac14e3!8m2!3d31.7293108!4d34.7486446!16s%2Fg%2F1tf62v9t!19sChIJz8VWrI29AhUR4xSsmf6P0xI?authuser=0&hl=iw&rclk=1
34.746184,31.7296602,קרית מלאכי,הטורקי - בית של שווארמה,4.0,5,44,51,58,63,22,29,14,21,9,True,estimated,"Estimated prices, not verified from menu.",https://www.google.com/maps/place/%D7%94%D7%98%D7%95%D7%A8%D7%A7%D7%99+-+%D7%91%D7%99%D7%AA+%D7%A9%D7%9C+%D7%A9%D7%95%D7%95%D7%90%D7%A8%D7%9E%D7%94%E2%80%AD/data=!4m7!3m6!1s0x1502bd9e0c30107d:0x2f9a6a73b4337c89!8m2!3d31.7296602!4d34.746184!16s%2Fg%2F11qnttmppk!19sChIJfRAwDJ69AhURiXwztHNqmi8?authuser=0&hl=iw&rclk=1
34.7503395,31.7263603,קרית מלאכי,שווארמה כהן,4.6,80,47,55,57,68,23,27,14,24,9,True,estimated,"Estimated prices, not verified from menu.",https://www.google.com/maps/place/%D7%A9%D7%95%D7%95%D7%90%D7%A8%D7%9E%D7%94+%D7%9B%D7%94%D7%9F%E2%80%AD/data=!4m7!3m6!1s0x1502bd8c98af4a95:0x33b8ef00968bb9d9!8m2!3d31.7263603!4d34.7503395!16s%2Fg%2F11hc_j_3jr!19sChIJlUqvmIy9AhUR2bmLlgDvuDM?authuser=0&hl=iw&rclk=1
35.0203723,31.0600805,דימונה,מרכז השווארמה דימונה,2.6,71,43,48,58,72,20,27,15,22,10,True,estimated,"Estimated prices, not verified from menu.",https://www.google.com/maps/place/%D7%9E%D7%A8%D7%9B%D7%96+%D7%94%D7%A9%D7%95%D7%95%D7%90%D7%A8%D7%9E%D7%94+%D7%93%D7%99%D7%9E%D7%95%D7%A0%D7%94%E2%80%AD/data=!4m7!3m6!1s0x1502470103996c33:0x3f040c9022cf0884!8m2!3d31.0600805!4d35.0203723!16s%2Fg%2F11kqkkp2py!19sChIJM2yZAwFHAhURhAjPIpAMBD8?authuser=0&hl=iw&rclk=1
35.0203056,31.0599519,דימונה,שווארמה כיד המלך,2.7,56,43,52,56,68,21,31,13,23,10,True,estimated,"Estimated prices, not verified from menu.",https://www.google.com/maps/place/%D7%A9%D7%95%D7%95%D7%90%D7%A8%D7%9E%D7%94+%D7%9B%D7%99%D7%93+%D7%94%D7%9E%D7%9C%D7%9A%E2%80%AD/data=!4m7!3m6!1s0x150247f89562f4bd:0x76a9123b515a9041!8m2!3d31.0599519!4d35.0203056!16s%2Fg%2F11kcywfwgb!19sChIJvfRilfhHAhURQZBaUTsSqXY?authuser=0&hl=iw&rclk=1
35.0322341,31.068016,דימונה,בית הפול והשווארמה - דימונה תחנה מרכזית | חומוס | פלאפל | סביח | שניצל | שווארמה | משלוחים,4.4,528,49,52,54,70,20,28,13,23,9,True,estimated,"Estimated prices, not verified from menu.",https://www.google.com/maps/place/%D7%91%D7%99%D7%AA+%D7%94%D7%A4%D7%95%D7%9C+%D7%95%D7%94%D7%A9%D7%95%D7%95%D7%90%D7%A8%D7%9E%D7%94+-+%D7%93%D7%99%D7%9E%D7%95%D7%A0%D7%94+%D7%AA%D7%97%D7%A0%D7%94+%D7%9E%D7%A8%D7%9B%D7%96%D7%99%D7%AA+%7C+%D7%97%D7%95%D7%9E%D7%95%D7%A1+%7C+%D7%A4%D7%9C%D7%90%D7%A4%D7%9C+%7C+%D7%A1%D7%91%D7%99%D7%97+%7C+%D7%A9%D7%A0%D7%99%D7%A6%D7%9C+%7C+%D7%A9%D7%95%D7%95%D7%90%D7%A8%D7%9E%D7%94+%7C+%D7%9E%D7%A9%D7%9C%D7%95%D7%97%D7%99%D7%9D%E2%80%AD/data=!4m7!3m6!1s0x15024606a2227895:0x90b81329886f7f37!8m2!3d31.068016!4d35.0322341!16s%2Fg%2F11gbnp6697!19sChIJlXgiogZGAhURN39viCkTuJA?authuser=0&hl=iw&rclk=1
35.0183746,31.0620353,דימונה,האינדיאני - שווארמה וטורטיה,5.0,60,48,49,56,67,19,28,15,22,9,False,estimated,"Estimated prices, not verified from menu.",https://www.google.com/maps/place/%D7%94%D7%90%D7%99%D7%A0%D7%93%D7%99%D7%90%D7%A0%D7%99+-+%D7%A9%D7%95%D7%95%D7%90%D7%A8%D7%9E%D7%94+%D7%95%D7%98%D7%95%D7%A8%D7%98%D7%99%D7%94%E2%80%AD/data=!4m7!3m6!1s0x1502474bdb41ea0f:0x29ea05b7c37b6ce7!8m2!3d31.0620353!4d35.0183746!16s%2Fg%2F11z3vwfx6w!19sChIJD-pB20tHAhUR52x7w7cF6ik?authuser=0&hl=iw&rclk=1
35.2002015,31.2481431,ערד,בית הפול והשווארמה - ערד מתחם צים אורבן | חומוס | פלאפל | סביח | שניצל | שווארמה | משלוחים,3.0,52,44,49,58,62,22,27,15,21,9,True,estimated,"Estimated prices, not verified from menu.",https://www.google.com/maps/place/%D7%91%D7%99%D7%AA+%D7%94%D7%A4%D7%95%D7%9C+%D7%95%D7%94%D7%A9%D7%95%D7%95%D7%90%D7%A8%D7%9E%D7%94+-+%D7%A2%D7%A8%D7%93+%D7%9E%D7%AA%D7%97%D7%9D+%D7%A6%D7%99%D7%9D+%D7%90%D7%95%D7%A8%D7%91%D7%9F+%7C+%D7%97%D7%95%D7%9E%D7%95%D7%A1+%7C+%D7%A4%D7%9C%D7%90%D7%A4%D7%9C+%7C+%D7%A1%D7%91%D7%99%D7%97+%7C+%D7%A9%D7%A0%D7%99%D7%A6%D7%9C+%7C+%D7%A9%D7%95%D7%95%D7%90%D7%A8%D7%9E%D7%94+%7C+%D7%9E%D7%A9%D7%9C%D7%95%D7%97%D7%99%D7%9D%E2%80%AD/data=!4m7!3m6!1s0x15025530a9e92a9f:0x766c5264b82b5918!8m2!3d31.2481431!4d35.2002015!16s%2Fg%2F11sfbhf6x5!19sChIJnyrpqTBVAhURGFkruGRSbHY?authuser=0&hl=iw&rclk=1
35.3638133,31.1983894,עין בוקק,שווארמה ים המלח,4.1,36,43,54,61,61,22,28,14,23,10,True,estimated,"Estimated prices, not verified from menu.",https://www.google.com/maps/place/%D7%A9%D7%95%D7%95%D7%90%D7%A8%D7%9E%D7%94+%D7%99%D7%9D+%D7%94%D7%9E%D7%9C%D7%97%E2%80%AD/data=!4m7!3m6!1s0x1503a9157338879b:0x109d9338e6c17aaa!8m2!3d31.1983894!4d35.3638133!16s%2Fg%2F11ylmh3tyt!19sChIJm4c4cxWpAxURqnrB5jiTnRA?authuser=0&hl=iw&rclk=1
35.1446135,31.7931628,מבשרת ציון,Shawarma Grill veTavshil - Mevasseret-Zion - שווארמה גריל ותבשיל - מבשרת-ציון,4.0,2,42,53,54,70,21,27,13,24,10,True,estimated,"Estimated prices, not verified from menu.",https://www.google.com/maps/place/Shawarma+Grill+veTavshil+-+Mevasseret-Zion+-+%D7%A9%D7%95%D7%95%D7%90%D7%A8%D7%9E%D7%94+%D7%92%D7%A8%D7%99%D7%9C+%D7%95%D7%AA%D7%91%D7%A9%D7%99%D7%9C+-+%D7%9E%D7%91%D7%A9%D7%A8%D7%AA-%D7%A6%D7%99%D7%95%D7%9F%E2%80%AD/data=!4m7!3m6!1s0x1502d7cfc2f3dcaf:0x9eb774d7759381e5!8m2!3d31.7931628!4d35.1446135!16s%2Fg%2F11kt8tjzls!19sChIJr9zzws_XAhUR5YGTddd0t54?authuser=0&hl=iw&rclk=1
34.557965,31.680437,אשקלון,שווארמה גרבולי,3.0,2,44,51,57,68,22,29,14,22,10,True,estimated,"Estimated prices, not verified from menu.",https://www.google.com/maps/place/%D7%A9%D7%95%D7%95%D7%90%D7%A8%D7%9E%D7%94+%D7%92%D7%A8%D7%91%D7%95%D7%9C%D7%99%E2%80%AD/data=!4m7!3m6!1s0x15029d005a2f13d7:0xe95fd2e7bf74e39e!8m2!3d31.680437!4d34.557965!16s%2Fg%2F11z2l8gv0n!19sChIJ1xMvWgCdAhURnuN0v-fSX-k?authuser=0&hl=iw&rclk=1
34.5953568,31.5232,שדרות,שווארמה גרבולי שדרות,4.1,83,44,56,63,69,21,31,14,24,9,True,estimated,"Estimated prices, not verified from menu.",https://www.google.com/maps/place/%D7%A9%D7%95%D7%95%D7%90%D7%A8%D7%9E%D7%94+%D7%92%D7%A8%D7%91%D7%95%D7%9C%D7%99+%D7%A9%D7%93%D7%A8%D7%95%D7%AA%E2%80%AD/data=!4m7!3m6!1s0x15028187d849d691:0xf8131e831a8b6c7a!8m2!3d31.5232!4d34.5953568!16s%2Fg%2F11kj2br8ng!19sChIJkdZJ2IeBAhURemyLGoMeE_g?authuser=0&hl=iw&rclk=1
34.5916292,31.5233287,שדרות,שווארמה התחנה,,1,45,50,60,63,19,28,14,23,9,True,estimated,"Estimated prices, not verified from menu.",https://www.google.com/maps/place/%D7%A9%D7%95%D7%95%D7%90%D7%A8%D7%9E%D7%94+%D7%94%D7%AA%D7%97%D7%A0%D7%94%E2%80%AD/data=!4m7!3m6!1s0x150281006476cf65:0xf2829eb53be42070!8m2!3d31.5233287!4d34.5916292!16s%2Fg%2F11z1t7tx47!19sChIJZc92ZACBAhURcCDkO7WegvI?authuser=0&hl=iw&rclk=1
35.3631602,31.1977767,עין בוקק,שווארמה מיקס בשרים,4.6,23,44,51,62,68,20,30,15,23,10,True,estimated,"Estimated prices, not verified from menu.",https://www.google.com/maps/place/%D7%A9%D7%95%D7%95%D7%90%D7%A8%D7%9E%D7%94+%D7%9E%D7%99%D7%A7%D7%A1+%D7%91%D7%A9%D7%A8%D7%99%D7%9D%E2%80%AD/data=!4m7!3m6!1s0x1503a90021729db1:0xd23206f713d5d83!8m2!3d31.1977767!4d35.3631602!16s%2Fg%2F11yzn639nm!19sChIJsZ1yIQCpAxURg109cW8gIw0?authuser=0&hl=iw&rclk=1
34.9248433,31.2931351,אל סייד,שווארמה אלסייד,5.0,2,44,52,55,68,20,29,15,22,9,False,estimated,"Estimated prices, not verified from menu.",https://www.google.com/maps/place/%D7%A9%D7%95%D7%95%D7%90%D7%A8%D7%9E%D7%94+%D7%90%D7%9C%D7%A1%D7%99%D7%99%D7%93%E2%80%AD/data=!4m7!3m6!1s0x15025f27b9306759:0x44c1b0e73115404c!8m2!3d31.2931351!4d34.9248433!16s%2Fg%2F11f76qxqwf!19sChIJWWcwuSdfAhURTEAVMeewwUQ?authuser=0&hl=iw&rclk=1
34.6211517,31.3141684,אופקים,שווארמה לב העיר סניף אופקים,4.1,104,45,53,57,69,22,28,15,25,9,False,estimated,"Estimated prices, not verified from menu.",https://www.google.com/maps/place/%D7%A9%D7%95%D7%95%D7%90%D7%A8%D7%9E%D7%94+%D7%9C%D7%91+%D7%94%D7%A2%D7%99%D7%A8+%D7%A1%D7%A0%D7%99%D7%A3+%D7%90%D7%95%D7%A4%D7%A7%D7%99%D7%9D%E2%80%AD/data=!4m7!3m6!1s0x15027a4a28068a99:0x2c0d299f2748e53f!8m2!3d31.3141684!4d34.6211517!16s%2Fg%2F1v3wh37_!19sChIJmYoGKEp6AhURP-VIJ58pDSw?authuser=0&hl=iw&rclk=1
34.6217872,31.3190985,אופקים,שווארמה ביס העגל כשר למהדרין,3.7,13,44,50,56,68,21,28,14,22,9,False,estimated,"Estimated prices, not verified from menu.",https://www.google.com/maps/place/%D7%A9%D7%95%D7%95%D7%90%D7%A8%D7%9E%D7%94+%D7%91%D7%99%D7%A1+%D7%94%D7%A2%D7%92%D7%9C+%D7%9B%D7%A9%D7%A8+%D7%9C%D7%9E%D7%94%D7%93%D7%A8%D7%99%D7%9F%E2%80%AD/data=!4m7!3m6!1s0x15027b68630499f5:0xa256983de22c9478!8m2!3d31.3190985!4d34.6217872!16s%2Fg%2F11y625ys96!19sChIJ9ZkEY2h7AhUReJQs4j2YVqI?authuser=0&hl=iw&rclk=1
34.6214121,31.3184272,אופקים,בית הפול והשווארמה - אופקים | חומוס | פלאפל | סביח | שניצל | שווארמה | משלוחים,4.0,129,46,55,55,63,21,28,14,23,10,False,estimated,"Estimated prices, not verified from menu.",https://www.google.com/maps/place/%D7%91%D7%99%D7%AA+%D7%94%D7%A4%D7%95%D7%9C+%D7%95%D7%94%D7%A9%D7%95%D7%95%D7%90%D7%A8%D7%9E%D7%94+-+%D7%90%D7%95%D7%A4%D7%A7%D7%99%D7%9D+%7C+%D7%97%D7%95%D7%9E%D7%95%D7%A1+%7C+%D7%A4%D7%9C%D7%90%D7%A4%D7%9C+%7C+%D7%A1%D7%91%D7%99%D7%97+%7C+%D7%A9%D7%A0%D7%99%D7%A6%D7%9C+%7C+%D7%A9%D7%95%D7%95%D7%90%D7%A8%D7%9E%D7%94+%7C+%D7%9E%D7%A9%D7%9C%D7%95%D7%97%D7%99%D7%9D%E2%80%AD/data=!4m7!3m6!1s0x15027bf4d161d3c9:0x7ed22d5420c4ebeb!8m2!3d31.3184272!4d34.6214121!16s%2Fg%2F11sfrlzfb2!19sChIJydNh0fR7AhUR6-vEIFQt0n4?authuser=0&hl=iw&rclk=1
34.5917565,31.5240715,שדרות,השווארמה של שונק,4.7,241,43,51,52,61,21,29,14,20,9,True,estimated,"Estimated prices, not verified from menu.",https://www.google.com/maps/place/%D7%94%D7%A9%D7%95%D7%95%D7%90%D7%A8%D7%9E%D7%94+%D7%A9%D7%9C+%D7%A9%D7%95%D7%A0%D7%A7%E2%80%AD/data=!4m7!3m6!1s0x150281806dfaa555:0xff668f7363d3009d!8m2!3d31.5240715!4d34.5917565!16s%2Fg%2F11swdsg933!19sChIJVaX6bYCBAhURnQDTY3OPZv8?authuser=0&hl=iw&rclk=1
35.0562187,32.6983989,דלית אל-כרמל,שווארמה זייד,4.6,62,43,48,51,60,19,27,13,22,8,True,estimated,"Estimated prices, not verified from menu.",https://www.google.com/maps/place/%D7%A9%D7%95%D7%95%D7%90%D7%A8%D7%9E%D7%94+%D7%96%D7%99%D7%99%D7%93%E2%80%AD/data=!4m7!3m6!1s0x151daf5ded6e2f39:0xca59fe1e15683a01!8m2!3d32.6983989!4d35.0562187!16s%2Fg%2F11t8379wxp!19sChIJOS9u7V2vHRURATpoFR7-Wco?authuser=0&hl=iw&rclk=1
34.59906,31.4234004,נתיבות,שווארמה כחלון,4.4,1493,46,50,51,64,21,27,13,20,9,True,estimated,"Estimated prices, not verified from menu.",https://www.google.com/maps/place/%D7%A9%D7%95%D7%95%D7%90%D7%A8%D7%9E%D7%94+%D7%9B%D7%97%D7%9C%D7%95%D7%9F%E2%80%AD/data=!4m7!3m6!1s0x15027ddf10978985:0x80ba4ca5967b284f!8m2!3d31.4234004!4d34.59906!16s%2Fg%2F11cs6kkkk3!19sChIJhYmXEN99AhURTyh7lqVMuoA?authuser=0&hl=iw&rclk=1
34.6011588,31.4245076,נתיבות,טורו שווארמה,4.4,288,40,46,57,60,21,25,14,20,8,,estimated,"Estimated prices, not verified from menu.",https://www.google.com/maps/place/%D7%98%D7%95%D7%A8%D7%95+%D7%A9%D7%95%D7%95%D7%90%D7%A8%D7%9E%D7%94%E2%80%AD/data=!4m7!3m6!1s0x15027dde5c8fffff:0x4918db24f55fabea!8m2!3d31.4245076!4d34.6011588!16s%2Fg%2F11hzsvrbk9!19sChIJ__-PXN59AhUR6qtf9STbGEk?authuser=0&hl=iw&rclk=1
34.5999097,31.4202682,נתיבות,שווארמה בני כחלון בד״צ,3.9,93,46,52,55,58,18,26,13,20,9,True,estimated,"Estimated prices, not verified from menu.",https://www.google.com/maps/place/%D7%A9%D7%95%D7%95%D7%90%D7%A8%D7%9E%D7%94+%D7%91%D7%A0%D7%99+%D7%9B%D7%97%D7%9C%D7%95%D7%9F+%D7%91%D7%93%D7%B4%D7%A6%E2%80%AD/data=!4m7!3m6!1s0x15027d242b25285f:0x951c6b30ab844995!8m2!3d31.4202682!4d34.5999097!16s%2Fg%2F11kr5zscys!19sChIJXyglKyR9AhURlUmEqzBrHJU?authuser=0&hl=iw&rclk=1
34.5725866,31.4123003,שדרות,שווארמה ברכבת - נתיבות,3.1,38,45,47,54,58,21,27,13,22,9,True,estimated,"Estimated prices, not verified from menu.",https://www.google.com/maps/place/%D7%A9%D7%95%D7%95%D7%90%D7%A8%D7%9E%D7%94+%D7%91%D7%A8%D7%9B%D7%91%D7%AA+-+%D7%A0%D7%AA%D7%99%D7%91%D7%95%D7%AA%E2%80%AD/data=!4m7!3m6!1s0x15027f30fc9ce411:0xfff82c78302370fa!8m2!3d31.4123003!4d34.5725866!16s%2Fg%2F11vwt9_fws!19sChIJEeSc_DB_AhUR-nAjMHgs-P8?authuser=0&hl=iw&rclk=1
34.7699764,31.3931091,רהט,אצל סמי שווארמה,4.4,448,41,48,51,65,20,26,12,22,8,True,estimated,"Estimated prices, not verified from menu.",https://www.google.com/maps/place/%D7%90%D7%A6%D7%9C+%D7%A1%D7%9E%D7%99+%D7%A9%D7%95%D7%95%D7%90%D7%A8%D7%9E%D7%94%E2%80%AD/data=!4m7!3m6!1s0x1502635dc511064f:0x39f33b02c569d191!8m2!3d31.3931091!4d34.7699764!16s%2Fg%2F11h5405fcn!19sChIJTwYRxV1jAhURkdFpxQI78zk?authuser=0&hl=iw&rclk=1
34.591916,31.5236005,שדרות,שאוורמה התחנה,3.0,2,45,51,58,59,19,25,13,20,8,True,estimated,"Estimated prices, not verified from menu.",https://www.google.com/maps/place/%D7%A9%D7%90%D7%95%D7%95%D7%A8%D7%9E%D7%94+%D7%94%D7%AA%D7%97%D7%A0%D7%94%E2%80%AD/data=!4m7!3m6!1s0x150281cdc7dc82ef:0x249ae6938774fc3f!8m2!3d31.5236005!4d34.591916!16s%2Fg%2F11yp7jt184!19sChIJ74Lcx82BAhURP_x0h5PmmiQ?authuser=0&hl=iw&rclk=1
34.9197001,32.5079271,אור עקיבא,שאולי אקספרס שווארמה,4.1,562,46,51,54,58,18,26,14,20,9,False,estimated,"Estimated prices, not verified from menu.",https://www.google.com/maps/place/%D7%A9%D7%90%D7%95%D7%9C%D7%99+%D7%90%D7%A7%D7%A1%D7%A4%D7%A8%D7%A1+%D7%A9%D7%95%D7%95%D7%90%D7%A8%D7%9E%D7%94%E2%80%AD/data=!4m7!3m6!1s0x151d0c50d036ef29:0xee12269b26cacd6c!8m2!3d32.5079271!4d34.9197001!16s%2Fg%2F11f1vv917t!19sChIJKe820FAMHRURbM3KJpsmEu4?authuser=0&hl=iw&rclk=1
34.8458794,32.1349304,רמת השרון,מאמא שווארמה,5.0,2,45,49,60,71,21,30,14,24,9,False,estimated,"Estimated prices, not verified from menu.",https://www.google.com/maps/place/%D7%9E%D7%90%D7%9E%D7%90+%D7%A9%D7%95%D7%95%D7%90%D7%A8%D7%9E%D7%94%E2%80%AD/data=!4m7!3m6!1s0x151d4c9941707395:0x351362085b19bf85!8m2!3d32.1349304!4d34.8458794!16s%2Fg%2F11h7s430x3!19sChIJlXNwQZlMHRURhb8ZWwhiEzU?authuser=0&hl=iw&rclk=1
34.8417698,32.1098619,תל אביב,שווארמה ענותי Anouti,4.5,20,49,54,62,67,19,31,13,23,10,True,estimated,"Estimated prices, not verified from menu.",https://www.google.com/maps/place/%D7%A9%D7%95%D7%95%D7%90%D7%A8%D7%9E%D7%94+%D7%A2%D7%A0%D7%95%D7%AA%D7%99+Anouti%E2%80%AD/data=!4m7!3m6!1s0x151d4900081bc49b:0x406765362f658124!8m2!3d32.1098619!4d34.8417698!16s%2Fg%2F11x5hpx0zz!19sChIJm8QbCABJHRURJIFlLzZlZ0A?authuser=0&hl=iw&rclk=1
34.8145618,32.0777919,רמת גן,שווארמה סירקין,,1,55,55,66,76,25,32,16,25,11,True,estimated,"Estimated prices, not verified from menu.",https://www.google.com/maps/place/%D7%A9%D7%95%D7%95%D7%90%D7%A8%D7%9E%D7%94+%D7%A1%D7%99%D7%A8%D7%A7%D7%99%D7%9F%E2%80%AD/data=!4m7!3m6!1s0x151d4b52b8e0ff3d:0xcb78a71886dcee35!8m2!3d32.0777919!4d34.8145618!16s%2Fg%2F11lcyrgr7c!19sChIJPf_guFJLHRURNe7chhineMs?authuser=0&hl=iw&rclk=1
34.9445835,32.097028,ראש העין,השוארמה של עזריאל,4.5,874,47,55,60,65,21,27,15,24,9,True,estimated,"Estimated prices, not verified from menu.",https://www.google.com/maps/place/%D7%94%D7%A9%D7%95%D7%90%D7%A8%D7%9E%D7%94+%D7%A9%D7%9C+%D7%A2%D7%96%D7%A8%D7%99%D7%90%D7%9C%E2%80%AD/data=!4m7!3m6!1s0x151d36d683ee3793:0xecdf24fcc6c57453!8m2!3d32.097028!4d34.9445835!16s%2Fg%2F11dxm68lr_!19sChIJkzfug9Y2HRURU3TFxvwk3-w?authuser=0&hl=iw&rclk=1
34.9460197,32.0932853,ראש העין,ניטשה שווארמה,4.6,55,42,48,58,71,21,28,14,22,10,False,estimated,"Estimated prices, not verified from menu.",https://www.google.com/maps/place/%D7%A0%D7%99%D7%98%D7%A9%D7%94+%D7%A9%D7%95%D7%95%D7%90%D7%A8%D7%9E%D7%94%E2%80%AD/data=!4m7!3m6!1s0x151d372ed55e4513:0x5ad0bcd2b45223f0!8m2!3d32.0932853!4d34.9460197!16s%2Fg%2F11z19m_6cg!19sChIJE0Ve1S43HRUR8CNStNK80Fo?authuser=0&hl=iw&rclk=1
34.9788584,32.0808552,ראש העין,שווארמה טורקיז,4.0,110,45,56,58,63,21,28,14,24,9,False,estimated,"Estimated prices, not verified from menu.",https://www.google.com/maps/place/%D7%A9%D7%95%D7%95%D7%90%D7%A8%D7%9E%D7%94+%D7%98%D7%95%D7%A8%D7%A7%D7%99%D7%96%E2%80%AD/data=!4m7!3m6!1s0x151d312799574be1:0xf8359b75f4d23a91!8m2!3d32.0808552!4d34.9788584!16s%2Fg%2F11xmngmp_m!19sChIJ4UtXmScxHRURkTrS9HWbNfg?authuser=0&hl=iw&rclk=1
34.968126,32.114636,כפר קאסם,שווארמה אבו מחפוד,4.4,429,48,54,57,69,20,29,14,24,9,False,estimated,"Estimated prices, not verified from menu.",https://www.google.com/maps/place/%D7%A9%D7%95%D7%95%D7%90%D7%A8%D7%9E%D7%94+%D7%90%D7%91%D7%95+%D7%9E%D7%97%D7%A4%D7%95%D7%93%E2%80%AD/data=!4m7!3m6!1s0x151d30bed89e7c5b:0x9fa682682897be8d!8m2!3d32.114636!4d34.968126!16s%2Fg%2F11c74bxmmt!19sChIJW3ye2L4wHRURjb6XKGiCpp8?authuser=0&hl=iw&rclk=1
34.9459382,32.0933377,ראש העין,שווארמה נתנאל,,1,49,49,63,61,22,31,14,22,10,False,estimated,"Estimated prices, not verified from menu.",https://www.google.com/maps/place/%D7%A9%D7%95%D7%95%D7%90%D7%A8%D7%9E%D7%94+%D7%A0%D7%AA%D7%A0%D7%90%D7%9C%E2%80%AD/data=!4m7!3m6!1s0x151d36d3ef74e497:0x63c1d48a8479da1b!8m2!3d32.0933377!4d34.9459382!16s%2Fg%2F11h51k3nbq!19sChIJl-R079M2HRURG9p5hIrUwWM?authuser=0&hl=iw&rclk=1
34.9654532,32.1092401,כפר קאסם,שווארמה של דינור,,1,46,51,60,67,20,30,15,24,10,True,estimated,"Estimated prices, not verified from menu.",https://www.google.com/maps/place/%D7%A9%D7%95%D7%95%D7%90%D7%A8%D7%9E%D7%94+%D7%A9%D7%9C+%D7%93%D7%99%D7%A0%D7%95%D7%A8%E2%80%AD/data=!4m7!3m6!1s0x151d30c6935363ff:0x4a1f6454f60acdff!8m2!3d32.1092401!4d34.9654532!16s%2Fg%2F11b6v67wk3!19sChIJ_2NTk8YwHRUR_80K9lRkH0o?authuser=0&hl=iw&rclk=1
34.9808084,32.1148374,כפר קאסם,שווארמה הסולטאן עבדאללה טהה,4.7,137,44,50,60,71,21,28,14,22,9,False,estimated,"Estimated prices, not verified from menu.",https://www.google.com/maps/place/%D7%A9%D7%95%D7%95%D7%90%D7%A8%D7%9E%D7%94+%D7%94%D7%A1%D7%95%D7%9C%D7%98%D7%90%D7%9F+%D7%A2%D7%91%D7%93%D7%90%D7%9C%D7%9C%D7%94+%D7%98%D7%94%D7%94%E2%80%AD/data=!4m7!3m6!1s0x151d31c518ef8b8f:0x8a8dfe5703be4d0d!8m2!3d32.1148374!4d34.9808084!16s%2Fg%2F11h90xggtj!19sChIJj4vvGMUxHRURDU2-A1f-jYo?authuser=0&hl=iw&rclk=1
34.9558864,32.1151137,כפר קאסם,שווארמה Döner,4.0,9,45,54,61,72,22,30,15,24,9,False,estimated,"Estimated prices, not verified from menu.",https://www.google.com/maps/place/%D7%A9%D7%95%D7%95%D7%90%D7%A8%D7%9E%D7%94+D%C3%B6ner%E2%80%AD/data=!4m7!3m6!1s0x151d31bfedd5a8d3:0xb1cefabd1c66797d!8m2!3d32.1151137!4d34.9558864!16s%2Fg%2F11rn7hldhv!19sChIJ06jV7b8xHRURfXlmHL36zrE?authuser=0&hl=iw&rclk=1
34.9418992,32.0985708,ראש העין,בנדורה שבזי שווארמה על גחלים,4.0,6,45,56,60,68,22,27,14,23,9,True,estimated,"Estimated prices, not verified from menu.",https://www.google.com/maps/place/%D7%91%D7%A0%D7%93%D7%95%D7%A8%D7%94+%D7%A9%D7%91%D7%96%D7%99+%D7%A9%D7%95%D7%95%D7%90%D7%A8%D7%9E%D7%94+%D7%A2%D7%9C+%D7%92%D7%97%D7%9C%D7%99%D7%9D%E2%80%AD/data=!4m7!3m6!1s0x151d36d7ae31fe0d:0xc1fc2ffd2e43229f!8m2!3d32.0985708!4d34.9418992!16s%2Fg%2F11cn8sdfcr!19sChIJDf4xrtc2HRURnyJDLv0v_ME?authuser=0&hl=iw&rclk=1
34.9520669,32.0882208,ראש העין,וואלה שווארמה,,1,44,53,61,65,22,26,14,24,10,True,estimated,"Estimated prices, not verified from menu.",https://www.google.com/maps/place/%D7%95%D7%95%D7%90%D7%9C%D7%94+%D7%A9%D7%95%D7%95%D7%90%D7%A8%D7%9E%D7%94%E2%80%AD/data=!4m7!3m6!1s0x151d312d425246d1:0xf6f62d6b1a5cf3ce!8m2!3d32.0882208!4d34.9520669!16s%2Fg%2F11b6v8c37f!19sChIJ0UZSQi0xHRURzvNcGmst9vY?authuser=0&hl=iw&rclk=1
34.8599537,32.0348445,אור יהודה,שווארמה שמעוני אור יהודה,4.5,13,48,56,56,65,21,29,14,23,10,True,estimated,"Estimated prices, not verified from menu.",https://www.google.com/maps/place/%D7%A9%D7%95%D7%95%D7%90%D7%A8%D7%9E%D7%94+%D7%A9%D7%9E%D7%A2%D7%95%D7%A0%D7%99+%D7%90%D7%95%D7%A8+%D7%99%D7%94%D7%95%D7%93%D7%94%E2%80%AD/data=!4m7!3m6!1s0x151d4b61d8f94457:0x31686ff386371f34!8m2!3d32.0348445!4d34.8599537!16s%2Fg%2F11zb4fx09w!19sChIJV0T52GFLHRURNB83hvNvaDE?authuser=0&hl=iw&rclk=1
34.8662187,32.0478257,סביון,שווארמה רימון,4.5,2,48,56,58,62,21,31,13,22,10,True,estimated,"Estimated prices, not verified from menu.",https://www.google.com/maps/place/%D7%A9%D7%95%D7%95%D7%90%D7%A8%D7%9E%D7%94+%D7%A8%D7%99%D7%9E%D7%95%D7%9F%E2%80%AD/data=!4m7!3m6!1s0x151d358113d7a53f:0x6d4ec12565ce2156!8m2!3d32.0478257!4d34.8662187!16s%2Fg%2F11j00r_3jj!19sChIJP6XXE4E1HRURViHOZSXBTm0?authuser=0&hl=iw&rclk=1
34.9984234,32.8186202,חיפה,שווארמה חאזן,4.6,87,48,54,62,66,19,30,15,22,9,,estimated,"Estimated prices, not verified from menu.",https://www.google.com/maps/place/%D7%A9%D7%95%D7%95%D7%90%D7%A8%D7%9E%D7%94+%D7%97%D7%90%D7%96%D7%9F%E2%80%AD/data=!4m7!3m6!1s0x151dbb1812d1bf83:0x8b6ee1a491f9585c!8m2!3d32.8186202!4d34.9984234!16s%2Fg%2F11jgx6zkcm!19sChIJg7_REhi7HRURXFj5kaThbos?authuser=0&hl=iw&rclk=1
34.8633686,32.0551438,קרית אונו,שווארמה אלוני,3.6,417,44,49,61,69,22,27,15,24,10,True,estimated,"Estimated prices, not verified from menu.",https://www.google.com/maps/place/%D7%A9%D7%95%D7%95%D7%90%D7%A8%D7%9E%D7%94+%D7%90%D7%9C%D7%95%D7%A0%D7%99%E2%80%AD/data=!4m7!3m6!1s0x151d3587e3eb3ed1:0xe8181522026b07ec!8m2!3d32.0551438!4d34.8633686!16s%2Fg%2F11c71bh91d!19sChIJ0T7r44c1HRUR7AdrAiIVGOg?authuser=0&hl=iw&rclk=1
34.9746195,32.7632041,טירת כרמל,פלאפל וטעים לי שווארמה,4.0,1,49,53,59,65,23,29,14,23,10,False,estimated,"Estimated prices, not verified from menu.",https://www.google.com/maps/place/%D7%A4%D7%9C%D7%90%D7%A4%D7%9C+%D7%95%D7%98%D7%A2%D7%99%D7%9D+%D7%9C%D7%99+%D7%A9%D7%95%D7%95%D7%90%D7%A8%D7%9E%D7%94%E2%80%AD/data=!4m7!3m6!1s0x151da523304bca9b:0xaa672ff39799190a!8m2!3d32.7632041!4d34.9746195!16s%2Fg%2F11hzbvk3ck!19sChIJm8pLMCOlHRURChmZl_MvZ6o?authuser=0&hl=iw&rclk=1
35.0918154,32.6428612,יקנעם,שווארמה אבי,4.6,413,45,53,57,70,20,27,13,21,9,True,estimated,"Estimated prices, not verified from menu.",https://www.google.com/maps/place/%D7%A9%D7%95%D7%95%D7%90%D7%A8%D7%9E%D7%94+%D7%90%D7%91%D7%99%E2%80%AD/data=!4m7!3m6!1s0x151da92e6f4fb617:0x118f93fb7c36cadb!8m2!3d32.6428612!4d35.0918154!16s%2Fg%2F1q66st1cw!19sChIJF7ZPby6pHRUR28o2fPuTjxE?authuser=0&hl=iw&rclk=1
35.1053829,32.6631775,יקנעם,"שווארמה, חומוס, סנדוויץ",4.2,102,47,53,56,70,19,30,14,21,9,True,estimated,"Estimated prices, not verified from menu.","https://www.google.com/maps/place/%D7%A9%D7%95%D7%95%D7%90%D7%A8%D7%9E%D7%94,+%D7%97%D7%95%D7%9E%D7%95%D7%A1,+%D7%A1%D7%A0%D7%93%D7%95%D7%95%D7%99%D7%A5%E2%80%AD/data=!4m7!3m6!1s0x151daebff3b2a34d:0xef8179d38436c22f!8m2!3d32.6631775!4d35.1053829!16s%2Fg%2F11bzr9_qs4!19sChIJTaOy87-uHRURL8I2hNN5ge8?authuser=0&hl=iw&rclk=1"
35.1052472,32.6598194,יקנעם,שווארמה עטרה,2.4,80,43,52,61,64,20,31,15,22,10,True,estimated,"Estimated prices, not verified from menu.",https://www.google.com/maps/place/%D7%A9%D7%95%D7%95%D7%90%D7%A8%D7%9E%D7%94+%D7%A2%D7%98%D7%A8%D7%94%E2%80%AD/data=!4m7!3m6!1s0x151daf49c0817905:0x612f56180f1dcf0a!8m2!3d32.6598194!4d35.1052472!16s%2Fg%2F11jnx7fqkw!19sChIJBXmBwEmvHRURCs8dDxhWL2E?authuser=0&hl=iw&rclk=1
35.1048153,32.6622265,חיפה,Shawarma El Babor,2.8,109,44,51,61,67,21,31,15,22,9,True,estimated,"Estimated prices, not verified from menu.",https://www.google.com/maps/place/Shawarma+El+Babor/data=!4m7!3m6!1s0x151dafae03099793:0xa7c9a27afd277597!8m2!3d32.6622265!4d35.1048153!16s%2Fg%2F11frdpydfb!19sChIJk5cJA66vHRURl3Un_Xqiyac?authuser=0&hl=iw&rclk=1
35.1057227,32.6610222,יקנעם,שווארמה ווינר,4.3,3,45,51,60,68,20,27,14,24,10,True,estimated,"Estimated prices, not verified from menu.",https://www.google.com/maps/place/%D7%A9%D7%95%D7%95%D7%90%D7%A8%D7%9E%D7%94+%D7%95%D7%95%D7%99%D7%A0%D7%A8%E2%80%AD/data=!4m7!3m6!1s0x151daf0deb033109:0xfb7883407eb051d9!8m2!3d32.6610222!4d35.1057227!16s%2Fg%2F11r6zq00p2!19sChIJCTED6w2vHRUR2VGwfkCDePs?authuser=0&hl=iw&rclk=1
35.0478557,32.6942898,דלית אל-כרמל,שווארמה מסעוד,4.8,18,48,48,63,63,20,27,15,22,9,True,estimated,"Estimated prices, not verified from menu.",https://www.google.com/maps/place/%D7%A9%D7%95%D7%95%D7%90%D7%A8%D7%9E%D7%94+%D7%9E%D7%A1%D7%A2%D7%95%D7%93%E2%80%AD/data=!4m7!3m6!1s0x151dafed36e506bd:0x53cd5546c1bab9cc!8m2!3d32.6942898!4d35.0478557!16s%2Fg%2F11hkbrb5lc!19sChIJvQblNu2vHRURzLm6wUZVzVM?authuser=0&hl=iw&rclk=1
35.2397097,32.6755612,מגדל העמק,שווארמה בר,,1,45,56,64,67,22,27,15,21,9,True,estimated,"Estimated prices, not verified from menu.",https://www.google.com/maps/place/%D7%A9%D7%95%D7%95%D7%90%D7%A8%D7%9E%D7%94+%D7%91%D7%A8%E2%80%AD/data=!4m7!3m6!1s0x151c537b979778ef:0xa23ca6351e2e95cf!8m2!3d32.6755612!4d35.2397097!16s%2Fg%2F11z5_lw2z9!19sChIJ73iXl3tTHBURz5UuHjWmPKI?authuser=0&hl=iw&rclk=1
35.2434509,32.6734547,מגדל העמק,שווארמה אלפסי,4.0,4,45,51,59,67,22,29,14,21,9,False,estimated,"Estimated prices, not verified from menu.",https://www.google.com/maps/place/%D7%A9%D7%95%D7%95%D7%90%D7%A8%D7%9E%D7%94+%D7%90%D7%9C%D7%A4%D7%A1%D7%99%E2%80%AD/data=!4m7!3m6!1s0x151c529bec74887f:0xe4716d48cb846bc3!8m2!3d32.6734547!4d35.2434509!16s%2Fg%2F11b6vhr4dz!19sChIJf4h07JtSHBURw2uEy0htceQ?authuser=0&hl=iw&rclk=1
35.2394918,32.6742438,מגדל העמק,שווארמה בכיכר,3.3,19,42,56,62,71,22,27,14,24,10,True,estimated,"Estimated prices, not verified from menu.",https://www.google.com/maps/place/%D7%A9%D7%95%D7%95%D7%90%D7%A8%D7%9E%D7%94+%D7%91%D7%9B%D7%99%D7%9B%D7%A8%E2%80%AD/data=!4m7!3m6!1s0x151c5376d459c76f:0x20fe65f11b06a56a!8m2!3d32.6742438!4d35.2394918!16s%2Fg%2F11qntvqt21!19sChIJb8dZ1HZTHBURaqUGG_Fl_iA?authuser=0&hl=iw&rclk=1
35.2434509,32.6734547,מגדל העמק,שווארמה א.מ.מ. העמק,,1,42,50,54,65,23,31,14,22,9,False,estimated,"Estimated prices, not verified from menu.",https://www.google.com/maps/place/%D7%A9%D7%95%D7%95%D7%90%D7%A8%D7%9E%D7%94+%D7%90.%D7%9E.%D7%9E.+%D7%94%D7%A2%D7%9E%D7%A7%E2%80%AD/data=!4m7!3m6!1s0x151c529bec74887f:0x67f6886f5d3fc00b!8m2!3d32.6734547!4d35.2434509!16s%2Fg%2F11b6vfw3nl!19sChIJf4h07JtSHBURC8A_XW-I9mc?authuser=0&hl=iw&rclk=1
35.4982757,32.5114647,בית שאן,המאיר לארץ שווארמה,4.5,167,48,55,57,68,20,29,15,24,10,False,estimated,"Estimated prices, not verified from menu.",https://www.google.com/maps/place/%D7%94%D7%9E%D7%90%D7%99%D7%A8+%D7%9C%D7%90%D7%A8%D7%A5+%D7%A9%D7%95%D7%95%D7%90%D7%A8%D7%9E%D7%94%E2%80%AD/data=!4m7!3m6!1s0x151c5fe81994b53f:0xdafb199793cec3d6!8m2!3d32.5114647!4d35.4982757!16s%2Fg%2F11tjwbcpyy!19sChIJP7WUGehfHBUR1sPOk5cZ-9o?authuser=0&hl=iw&rclk=1
35.4984126,32.4982196,בית שאן,פלאפל שווארמה בר ששת,4.5,448,47,54,62,67,22,29,14,24,10,True,estimated,"Estimated prices, not verified from menu.",https://www.google.com/maps/place/%D7%A4%D7%9C%D7%90%D7%A4%D7%9C+%D7%A9%D7%95%D7%95%D7%90%D7%A8%D7%9E%D7%94+%D7%91%D7%A8+%D7%A9%D7%A9%D7%AA%E2%80%AD/data=!4m7!3m6!1s0x151c5ec0f6223a61:0x28e5efdbe452be85!8m2!3d32.4982196!4d35.4984126!16s%2Fg%2F1ttl13gr!19sChIJYToi9sBeHBURhb5S5Nvv5Sg?authuser=0&hl=iw&rclk=1
35.497731,32.516656,בית שאן,"שווארמה חנן, בית שאן",5.0,2,45,56,60,69,20,29,13,24,10,False,estimated,"Estimated prices, not verified from menu.","https://www.google.com/maps/place/%D7%A9%D7%95%D7%95%D7%90%D7%A8%D7%9E%D7%94+%D7%97%D7%A0%D7%9F,+%D7%91%D7%99%D7%AA+%D7%A9%D7%90%D7%9F%E2%80%AD/data=!4m7!3m6!1s0x151c5ea05a03b561:0x7e54dddf7806433f!8m2!3d32.516656!4d35.497731!16s%2Fg%2F11hzsvvq8c!19sChIJYbUDWqBeHBURP0MGeN_dVH4?authuser=0&hl=iw&rclk=1"
35.5046543,32.5000716,בית שאן,MORRIS שווארמה בוטיק לארועים,5.0,1,42,53,56,64,20,28,13,24,10,True,estimated,"Estimated prices, not verified from menu.",https://www.google.com/maps/place/MORRIS+%D7%A9%D7%95%D7%95%D7%90%D7%A8%D7%9E%D7%94+%D7%91%D7%95%D7%98%D7%99%D7%A7+%D7%9C%D7%90%D7%A8%D7%95%D7%A2%D7%99%D7%9D%E2%80%AD/data=!4m7!3m6!1s0x151c5f8556e7c30f:0x72cb0619a933c34b!8m2!3d32.5000716!4d35.5046543!16s%2Fg%2F11rmxxv79d!19sChIJD8PnVoVfHBURS8MzqRkGy3I?authuser=0&hl=iw&rclk=1
35.4962179,32.4939357,בית שאן,מפגש השווארמה,4.5,181,44,49,56,66,22,27,13,23,9,True,estimated,"Estimated prices, not verified from menu.",https://www.google.com/maps/place/%D7%9E%D7%A4%D7%92%D7%A9+%D7%94%D7%A9%D7%95%D7%95%D7%90%D7%A8%D7%9E%D7%94%E2%80%AD/data=!4m7!3m6!1s0x151c5fdaf673e2cb:0x8ddb303663414350!8m2!3d32.4939357!4d35.4962179!16s%2Fg%2F11h5v978g3!19sChIJy-Jz9tpfHBURUENBYzYw240?authuser=0&hl=iw&rclk=1
35.276017,33.015026,מעלות תרשיחא,שווארמה גוני (ויסאם),4.5,3,48,51,59,63,21,27,14,22,10,False,estimated,"Estimated prices, not verified from menu.",https://www.google.com/maps/place/%D7%A9%D7%95%D7%95%D7%90%D7%A8%D7%9E%D7%94+%D7%92%D7%95%D7%A0%D7%99+%28%D7%95%D7%99%D7%A1%D7%90%D7%9D%29%E2%80%AD/data=!4m7!3m6!1s0x151c2da355bba587:0x28a5678357de0e8e!8m2!3d33.015026!4d35.276017!16s%2Fg%2F11rd2b99cm!19sChIJh6W7VaMtHBURjg7eV4NnpSg?authuser=0&hl=iw&rclk=1
35.2802834,33.0216836,מעלות תרשיחא,השווארמה של יוסי,3.7,12,43,53,57,67,19,31,13,23,9,True,estimated,"Estimated prices, not verified from menu.",https://www.google.com/maps/place/%D7%94%D7%A9%D7%95%D7%95%D7%90%D7%A8%D7%9E%D7%94+%D7%A9%D7%9C+%D7%99%D7%95%D7%A1%D7%99%E2%80%AD/data=!4m7!3m6!1s0x151c2db55c58586f:0x7d0f7af78c8e5699!8m2!3d33.0216836!4d35.2802834!16s%2Fg%2F11c1xh5mqh!19sChIJb1hYXLUtHBURmVaOjPd6D30?authuser=0&hl=iw&rclk=1
35.26658,33.008987,מעלות תרשיחא,שווארמה אבו חאלד,4.5,2,42,56,55,69,21,27,14,22,9,False,estimated,"Estimated prices, not verified from menu.",https://www.google.com/maps/place/%D7%A9%D7%95%D7%95%D7%90%D7%A8%D7%9E%D7%94+%D7%90%D7%91%D7%95+%D7%97%D7%90%D7%9C%D7%93%E2%80%AD/data=!4m7!3m6!1s0x151c2da25c717685:0x33b4fb0cb42471c8!8m2!3d33.008987!4d35.26658!16s%2Fg%2F11b6vg63zy!19sChIJhXZxXKItHBURyHEktAz7tDM?authuser=0&hl=iw&rclk=1
35.2665898,33.0095476,מעלות תרשיחא,שווארמה אלבלד,4.8,9,48,50,57,69,19,28,13,21,9,False,estimated,"Estimated prices, not verified from menu.",https://www.google.com/maps/place/%D7%A9%D7%95%D7%95%D7%90%D7%A8%D7%9E%D7%94+%D7%90%D7%9C%D7%91%D7%9C%D7%93%E2%80%AD/data=!4m7!3m6!1s0x151c2d33b556b407:0xb3a0aaeac0808453!8m2!3d33.0095476!4d35.2665898!16s%2Fg%2F11gkbq2rdf!19sChIJB7RWtTMtHBURU4SAwOqqoLM?authuser=0&hl=iw&rclk=1
35.2619864,33.0216057,מעונה,שווארמה אוסמה,4.4,285,42,52,63,66,22,29,14,24,9,False,estimated,"Estimated prices, not verified from menu.",https://www.google.com/maps/place/%D7%A9%D7%95%D7%95%D7%90%D7%A8%D7%9E%D7%94+%D7%90%D7%95%D7%A1%D7%9E%D7%94%E2%80%AD/data=!4m7!3m6!1s0x151c2d2dc57200eb:0x7e91ae63f5d8b279!8m2!3d33.0216057!4d35.2619864!16s%2Fg%2F11fltwd498!19sChIJ6wByxS0tHBURebLY9WOukX4?authuser=0&hl=iw&rclk=1
35.2560236,33.0285252,מעיליא,שווארמה הכפר شاورما البلد,4.9,37,46,54,58,63,20,30,15,23,10,False,estimated,"Estimated prices, not verified from menu.",https://www.google.com/maps/place/%D7%A9%D7%95%D7%95%D7%90%D7%A8%D7%9E%D7%94+%D7%94%D7%9B%D7%A4%D7%A8+%D8%B4%D8%A7%D9%88%D8%B1%D9%85%D8%A7+%D8%A7%D9%84%D8%A8%D9%84%D8%AF%E2%80%AD/data=!4m7!3m6!1s0x151c2db705e918dd:0xf91525070d95be42!8m2!3d33.0285252!4d35.2560236!16s%2Fg%2F11sszd6krp!19sChIJ3RjpBbctHBURQr6VDQclFfk?authuser=0&hl=iw&rclk=1
35.2768101,33.0148018,מעלות תרשיחא,איש קצב שווארמה,,55,42,49,58,61,21,31,15,22,10,False,estimated,"Estimated prices, not verified from menu.",https://www.google.com/maps/place/%D7%90%D7%99%D7%A9+%D7%A7%D7%A6%D7%91+%D7%A9%D7%95%D7%95%D7%90%D7%A8%D7%9E%D7%94%E2%80%AD/data=!4m7!3m6!1s0x151c2d003b220679:0xbfebdbfca55dd2dc!8m2!3d33.0148018!4d35.2768101!16s%2Fg%2F11ypy327k1!19sChIJeQYiOwAtHBUR3NJdpfzb678?authuser=0&hl=iw&rclk=1
35.276017,33.015026,מעלות תרשיחא,שווארמה אברהים,1.0,1,47,54,58,64,22,30,13,25,9,,estimated,"Estimated prices, not verified from menu.",https://www.google.com/maps/place/%D7%A9%D7%95%D7%95%D7%90%D7%A8%D7%9E%D7%94+%D7%90%D7%91%D7%A8%D7%94%D7%99%D7%9D%E2%80%AD/data=!4m7!3m6!1s0x151c2db745714085:0x3f615857fef5c309!8m2!3d33.015026!4d35.276017!16s%2Fg%2F11b6vhz__q!19sChIJhUBxRbctHBURCcP1_ldYYT8?authuser=0&hl=iw&rclk=1
35.2574256,33.0254628,מעיליא,"שווארמה אבו כרם ""של פעם""",5.0,16,48,56,62,67,20,28,15,23,10,False,estimated,"Estimated prices, not verified from menu.",https://www.google.com/maps/place/%D7%A9%D7%95%D7%95%D7%90%D7%A8%D7%9E%D7%94+%D7%90%D7%91%D7%95+%D7%9B%D7%A8%D7%9D+%22%D7%A9%D7%9C+%D7%A4%D7%A2%D7%9D%22%E2%80%AD/data=!4m7!3m6!1s0x151c2d784531e7db:0x5983a898ead696b9!8m2!3d33.0254628!4d35.2574256!16s%2Fg%2F11p4_881cr!19sChIJ2-cxRXgtHBURuZbW6piog1k?authuser=0&hl=iw&rclk=1
35.2666103,33.0135097,מעלות תרשיחא,שווארמה אימי,3.7,2,45,52,55,68,20,26,14,24,9,True,estimated,"Estimated prices, not verified from menu.",https://www.google.com/maps/place/%D7%A9%D7%95%D7%95%D7%90%D7%A8%D7%9E%D7%94+%D7%90%D7%99%D7%9E%D7%99%E2%80%AD/data=!4m7!3m6!1s0x151c2da466fe6fcf:0x31a5348f0f64f38b!8m2!3d33.0135097!4d35.2666103!16s%2Fg%2F11c54c9gh8!19sChIJz2_-ZqQtHBURi_NkD480pTE?authuser=0&hl=iw&rclk=1
35.255943,33.0267089,מעיליא,פיצה פאדי שווארמה,4.7,20,46,52,58,65,22,27,13,24,9,False,estimated,"Estimated prices, not verified from menu.",https://www.google.com/maps/place/%D7%A4%D7%99%D7%A6%D7%94+%D7%A4%D7%90%D7%93%D7%99+%D7%A9%D7%95%D7%95%D7%90%D7%A8%D7%9E%D7%94%E2%80%AD/data=!4m7!3m6!1s0x151c2df6d87ca619:0x712f334b55550c5b!8m2!3d33.0267089!4d35.255943!16s%2Fg%2F11pkblr1rg!19sChIJGaZ82PYtHBURWwxVVUszL3E?authuser=0&hl=iw&rclk=1
35.2555776,33.0288087,מעיליא,פיצה שווארמה Jerusalem,5.0,4,47,50,61,63,21,26,15,24,9,,estimated,"Estimated prices, not verified from menu.",https://www.google.com/maps/place/%D7%A4%D7%99%D7%A6%D7%94+%D7%A9%D7%95%D7%95%D7%90%D7%A8%D7%9E%D7%94+Jerusalem%E2%80%AD/data=!4m7!3m6!1s0x151c2dca0446303f:0x2aad31163a8c82dd!8m2!3d33.0288087!4d35.2555776!16s%2Fg%2F11ryf610nb!19sChIJPzBGBMotHBUR3YKMOhYxrSo?authuser=0&hl=iw&rclk=1
35.1551818,32.5232946,אום אל פחם,שווארמה אבו מחפוד,4.5,242,40,47,50,63,18,26,13,22,9,False,estimated,"Estimated prices, not verified from menu.",https://www.google.com/maps/place/%D7%A9%D7%95%D7%95%D7%90%D7%A8%D7%9E%D7%94+%D7%90%D7%91%D7%95+%D7%9E%D7%97%D7%A4%D7%95%D7%93%E2%80%AD/data=!4m7!3m6!1s0x151d00eec7891ae1:0x110d09e7aaa77fff!8m2!3d32.5232946!4d35.1551818!16s%2Fg%2F11f4lq0z3v!19sChIJ4RqJx-4AHRUR_3-nqucJDRE?authuser=0&hl=iw&rclk=1
35.146178,32.527083,אום אל פחם,שוארמה בעלבק,4.5,11,39,51,56,60,18,27,14,20,9,False,estimated,"Estimated prices, not verified from menu.",https://www.google.com/maps/place/%D7%A9%D7%95%D7%90%D7%A8%D7%9E%D7%94+%D7%91%D7%A2%D7%9C%D7%91%D7%A7%E2%80%AD/data=!4m7!3m6!1s0x151d00c22ca5a2c3:0xdb6356e034705fa4!8m2!3d32.527083!4d35.146178!16s%2Fg%2F11b6v9x4mb!19sChIJw6KlLMIAHRURpF9wNOBWY9s?authuser=0&hl=iw&rclk=1
35.1505919,32.5237305,אום אל פחם,ממלכת השוארמה مملكة الشوارما,4.5,34,39,46,57,57,18,26,14,21,8,False,estimated,"Estimated prices, not verified from menu.",https://www.google.com/maps/place/%D7%9E%D7%9E%D7%9C%D7%9B%D7%AA+%D7%94%D7%A9%D7%95%D7%90%D7%A8%D7%9E%D7%94+%D9%85%D9%85%D9%84%D9%83%D8%A9+%D8%A7%D9%84%D8%B4%D9%88%D8%A7%D8%B1%D9%85%D8%A7%E2%80%AD/data=!4m7!3m6!1s0x151d0117f34cb217:0xb87a13647f6dd671!8m2!3d32.5237305!4d35.1505919!16s%2Fg%2F11hfjvl908!19sChIJF7JM8xcBHRURcdZtf2QTerg?authuser=0&hl=iw&rclk=1
35.1555932,32.5207616,אום אל פחם,אלענותי מסעדה ושווארמה,4.2,6,41,47,54,62,19,27,14,22,8,False,estimated,"Estimated prices, not verified from menu.",https://www.google.com/maps/place/%D7%90%D7%9C%D7%A2%D7%A0%D7%95%D7%AA%D7%99+%D7%9E%D7%A1%D7%A2%D7%93%D7%94+%D7%95%D7%A9%D7%95%D7%95%D7%90%D7%A8%D7%9E%D7%94%E2%80%AD/data=!4m7!3m6!1s0x151d018b7889c669:0x871ab99d50e57a43!8m2!3d32.5207616!4d35.1555932!16s%2Fg%2F11pcx8dw1f!19sChIJacaJeIsBHRURQ3rlUJ25Goc?authuser=0&hl=iw&rclk=1
35.090024,32.499041,ערערה,شوارما الرايق - שוארמה ראיק,4.6,192,41,44,50,64,20,27,13,22,9,False,estimated,"Estimated prices, not verified from menu.",https://www.google.com/maps/place/%D8%B4%D9%88%D8%A7%D8%B1%D9%85%D8%A7+%D8%A7%D9%84%D8%B1%D8%A7%D9%8A%D9%82+-+%D7%A9%D7%95%D7%90%D7%A8%D7%9E%D7%94+%D7%A8%D7%90%D7%99%D7%A7%E2%80%AD/data=!4m7!3m6!1s0x151d0760eecb8731:0xb3e470089c6eb2ec!8m2!3d32.499041!4d35.090024!16s%2Fg%2F11f75pf5rr!19sChIJMYfL7mAHHRUR7LJunAhw5LM?authuser=0&hl=iw&rclk=1
35.0582803,32.5038348,כפר קרע,מלך השווארמה,4.3,405,41,48,52,60,20,26,13,19,9,False,estimated,"Estimated prices, not verified from menu.",https://www.google.com/maps/place/%D7%9E%D7%9C%D7%9A+%D7%94%D7%A9%D7%95%D7%95%D7%90%D7%A8%D7%9E%D7%94%E2%80%AD/data=!4m7!3m6!1s0x151d07c2726d3d9b:0xdd4961f945f6173c!8m2!3d32.5038348!4d35.0582803!16s%2Fg%2F11hy_xls4b!19sChIJmz1tcsIHHRURPBf2RflhSd0?authuser=0&hl=iw&rclk=1
35.0607758,32.5018034,כפר קרע,שווארמה אל שייח׳,4.4,1113,41,48,55,58,18,27,12,19,8,False,estimated,"Estimated prices, not verified from menu.",https://www.google.com/maps/place/%D7%A9%D7%95%D7%95%D7%90%D7%A8%D7%9E%D7%94+%D7%90%D7%9C+%D7%A9%D7%99%D7%99%D7%97%D7%B3%E2%80%AD/data=!4m7!3m6!1s0x151d060accdeaac7:0xf45a83f64e42604!8m2!3d32.5018034!4d35.0607758!16s%2Fg%2F11cn9myhhp!19sChIJx6rezAoGHRURBCbkZD-oRQ8?authuser=0&hl=iw&rclk=1
35.0931739,32.4653236,שטח C,שווארמה אלח'לה - شوارما الخلة,4.3,3,39,49,54,58,18,27,12,21,8,False,estimated,"Estimated prices, not verified from menu.",https://www.google.com/maps/place/%D7%A9%D7%95%D7%95%D7%90%D7%A8%D7%9E%D7%94+%D7%90%D7%9C%D7%97%27%D7%9C%D7%94+-+%D8%B4%D9%88%D8%A7%D8%B1%D9%85%D8%A7+%D8%A7%D9%84%D8%AE%D9%84%D8%A9%E2%80%AD/data=!4m7!3m6!1s0x151d05591f71a9cf:0x60c64a3a1f28a744!8m2!3d32.4653236!4d35.0931739!16s%2Fg%2F11tr_wrjvl!19sChIJz6lxH1kFHRURRKcoHzpKxmA?authuser=0&hl=iw&rclk=1
35.3107353,32.8606801,סכנין,מיסטר שווארמה,4.0,9,40,50,57,62,19,28,13,20,9,True,estimated,"Estimated prices, not verified from menu.",https://www.google.com/maps/place/%D7%9E%D7%99%D7%A1%D7%98%D7%A8+%D7%A9%D7%95%D7%95%D7%90%D7%A8%D7%9E%D7%94%E2%80%AD/data=!4m7!3m6!1s0x151c36842d90c68d:0x8ee7fa50b7eed176!8m2!3d32.8606801!4d35.3107353!16s%2Fg%2F11c6v6rkh8!19sChIJjcaQLYQ2HBURdtHut1D6544?authuser=0&hl=iw&rclk=1
35.3093139,32.8605538,סכנין,ملك الشوارما - מלך השווארמה,3.7,3,43,50,58,65,19,26,14,22,9,False,estimated,"Estimated prices, not verified from menu.",https://www.google.com/maps/place/%D9%85%D9%84%D9%83+%D8%A7%D9%84%D8%B4%D9%88%D8%A7%D8%B1%D9%85%D8%A7+-+%D7%9E%D7%9C%D7%9A+%D7%94%D7%A9%D7%95%D7%95%D7%90%D7%A8%D7%9E%D7%94%E2%80%AD/data=!4m7!3m6!1s0x151c37faf6128b6d:0x340f0cc4e674670!8m2!3d32.8605538!4d35.3093139!16s%2Fg%2F11s7sj3r39!19sChIJbYsS9vo3HBURcEZnTszwQAM?authuser=0&hl=iw&rclk=1
35.3382909,32.8443936,עראבה,שווארמה ופלאפל סאמח,4.7,20,41,48,58,64,19,25,12,20,8,False,estimated,"Estimated prices, not verified from menu.",https://www.google.com/maps/place/%D7%A9%D7%95%D7%95%D7%90%D7%A8%D7%9E%D7%94+%D7%95%D7%A4%D7%9C%D7%90%D7%A4%D7%9C+%D7%A1%D7%90%D7%9E%D7%97%E2%80%AD/data=!4m7!3m6!1s0x151c378dff66ff85:0xcb2116034902b6db!8m2!3d32.8443936!4d35.3382909!16s%2Fg%2F11mx71fw7t!19sChIJhf9m_403HBUR27YCSQMWIcs?authuser=0&hl=iw&rclk=1
35.3197528,32.9284432,נחף,שווארמה סתיתי,4.9,7,38,47,57,56,19,24,14,20,9,True,estimated,"Estimated prices, not verified from menu.",https://www.google.com/maps/place/%D7%A9%D7%95%D7%95%D7%90%D7%A8%D7%9E%D7%94+%D7%A1%D7%AA%D7%99%D7%AA%D7%99%E2%80%AD/data=!4m7!3m6!1s0x151c31004af36189:0x1579441367244615!8m2!3d32.9284432!4d35.3197528!16s%2Fg%2F11xgwg6xth!19sChIJiWHzSgAxHBURFUYkZxNEeRU?authuser=0&hl=iw&rclk=1
35.1518763,32.8166941,קרית אתא,Walla shawarma,3.9,179,44,44,53,61,19,25,13,21,9,False,estimated,"Estimated prices, not verified from menu.",https://www.google.com/maps/place/Walla+shawarma/data=!4m7!3m6!1s0x151db536989be6ff:0x4c07fbf349060fb5!8m2!3d32.8166941!4d35.1518763!16s%2Fg%2F11ftmqv2f3!19sChIJ_-abmDa1HRURtQ8GSfP7B0w?authuser=0&hl=iw&rclk=1
35.169971,32.805765,שפרעם,שווארמה חאזן אליאס,4.3,4,43,50,51,59,20,28,12,22,9,False,estimated,"Estimated prices, not verified from menu.",https://www.google.com/maps/place/%D7%A9%D7%95%D7%95%D7%90%D7%A8%D7%9E%D7%94+%D7%97%D7%90%D7%96%D7%9F+%D7%90%D7%9C%D7%99%D7%90%D7%A1%E2%80%AD/data=!4m7!3m6!1s0x151db45f43889f5d:0x4d4cffcdba81e23d!8m2!3d32.805765!4d35.169971!16s%2Fg%2F11b6vhqwgm!19sChIJXZ-IQ1-0HRURPeKBus3_TE0?authuser=0&hl=iw&rclk=1
35.1778679,32.8086328,שפרעם,שאוורמה אבו חסאן,4.8,21,42,46,54,60,20,26,14,22,9,False,estimated,"Estimated prices, not verified from menu.",https://www.google.com/maps/place/%D7%A9%D7%90%D7%95%D7%95%D7%A8%D7%9E%D7%94+%D7%90%D7%91%D7%95+%D7%97%D7%A1%D7%90%D7%9F%E2%80%AD/data=!4m7!3m6!1s0x151db5217aa352c1:0x6b11799de8a18295!8m2!3d32.8086328!4d35.1778679!16s%2Fg%2F11fq738b7w!19sChIJwVKjeiG1HRURlYKh6J15EWs?authuser=0&hl=iw&rclk=1
35.1865209,32.8553247,טמרה,שווארמה תנורין,4.8,4,41,50,55,63,18,25,13,21,9,False,estimated,"Estimated prices, not verified from menu.",https://www.google.com/maps/place/%D7%A9%D7%95%D7%95%D7%90%D7%A8%D7%9E%D7%94+%D7%AA%D7%A0%D7%95%D7%A8%D7%99%D7%9F%E2%80%AD/data=!4m7!3m6!1s0x151db5e1fdc68c95:0xda7d9469f0980be5!8m2!3d32.8553247!4d35.1865209!16s%2Fg%2F11rgry687w!19sChIJlYzG_eG1HRUR5QuY8GmUfdo?authuser=0&hl=iw&rclk=1
35.1855089,32.8531402,טמרה,שווארמה elkawaai,4.2,5,40,50,55,59,17,24,14,22,9,False,estimated,"Estimated prices, not verified from menu.",https://www.google.com/maps/place/%D7%A9%D7%95%D7%95%D7%90%D7%A8%D7%9E%D7%94+elkawaai%E2%80%AD/data=!4m7!3m6!1s0x151db55fa7717179:0x762f0569f14092e9!8m2!3d32.8531402!4d35.1855089!16s%2Fg%2F11l2yfvg7j!19sChIJeXFxp1-1HRUR6ZJA8WkFL3Y?authuser=0&hl=iw&rclk=1
35.1859141,32.8552512,טמרה,TaliRaz Shawarma&Grill,,1,42,44,57,62,20,27,13,20,8,False,estimated,"Estimated prices, not verified from menu.",https://www.google.com/maps/place/TaliRaz+Shawarma%26Grill/data=!4m7!3m6!1s0x151db50022585943:0xfefe0cfdc715b333!8m2!3d32.8552512!4d35.1859141!16s%2Fg%2F11xs1zfxkx!19sChIJQ1lYIgC1HRURM7MVx_0M_v4?authuser=0&hl=iw&rclk=1
35.201315,32.852247,טמרה,אנוטי שווארמה,,1,45,48,54,57,20,24,13,21,8,False,estimated,"Estimated prices, not verified from menu.",https://www.google.com/maps/place/%D7%90%D7%A0%D7%95%D7%98%D7%99+%D7%A9%D7%95%D7%95%D7%90%D7%A8%D7%9E%D7%94%E2%80%AD/data=!4m7!3m6!1s0x151dcb7b738e54c9:0x393be1aa825d93ad!8m2!3d32.852247!4d35.201315!16s%2Fg%2F11j5cfjlt2!19sChIJyVSOc3vLHRURrZNdgqrhOzk?authuser=0&hl=iw&rclk=1
35.005477,32.269395,טייבה,שאוורמה מעזוז,4.8,115,39,46,54,64,19,24,12,21,8,False,estimated,"Estimated prices, not verified from menu.",https://www.google.com/maps/place/%D7%A9%D7%90%D7%95%D7%95%D7%A8%D7%9E%D7%94+%D7%9E%D7%A2%D7%96%D7%95%D7%96%E2%80%AD/data=!4m7!3m6!1s0x151d3d1b38e325d7:0x1fe65ba99ab0d6ab!8m2!3d32.269395!4d35.005477!16s%2Fg%2F11ptqsrcvq!19sChIJ1yXjOBs9HRURq9awmqlb5h8?authuser=0&hl=iw&rclk=1
35.0135666,32.2739137,טייבה,Shawarma Rahiba,4.6,153,40,49,57,62,20,27,13,21,9,,estimated,"Estimated prices, not verified from menu.",https://www.google.com/maps/place/Shawarma+Rahiba/data=!4m7!3m6!1s0x151d3d20d2fdd835:0xa1d7ededf5794e0d!8m2!3d32.2739137!4d35.0135666!16s%2Fg%2F11ghs2vnjw!19sChIJNdj90iA9HRURDU559e3t16E?authuser=0&hl=iw&rclk=1
35.0172091,32.2646722,טייבה,שווארמה אלמדינה,4.1,9,39,45,56,64,19,26,13,21,9,False,estimated,"Estimated prices, not verified from menu.",https://www.google.com/maps/place/%D7%A9%D7%95%D7%95%D7%90%D7%A8%D7%9E%D7%94+%D7%90%D7%9C%D7%9E%D7%93%D7%99%D7%A0%D7%94%E2%80%AD/data=!4m7!3m6!1s0x151d3d0046dcbb2d:0xc29823b8165e6c63!8m2!3d32.2646722!4d35.0172091!16s%2Fg%2F11p_5_jylk!19sChIJLbvcRgA9HRURY2xeFrgjmMI?authuser=0&hl=iw&rclk=1
35.0011791,32.2661111,טייבה,שווארמה סלומה,4.1,71,39,47,55,58,19,25,13,21,8,False,estimated,"Estimated prices, not verified from menu.",https://www.google.com/maps/place/%D7%A9%D7%95%D7%95%D7%90%D7%A8%D7%9E%D7%94+%D7%A1%D7%9C%D7%95%D7%9E%D7%94%E2%80%AD/data=!4m7!3m6!1s0x151d3dd85db8cbbb:0x85247b9b1da345b7!8m2!3d32.2661111!4d35.0011791!16s%2Fg%2F11hz9rgb9b!19sChIJu8u4Xdg9HRURt0WjHZt7JIU?authuser=0&hl=iw&rclk=1
35.009675,32.266892,טייבה,שווארמה עאוני יפו,,1,39,44,57,57,19,24,13,21,8,False,estimated,"Estimated prices, not verified from menu.",https://www.google.com/maps/place/%D7%A9%D7%95%D7%95%D7%90%D7%A8%D7%9E%D7%94+%D7%A2%D7%90%D7%95%D7%A0%D7%99+%D7%99%D7%A4%D7%95%E2%80%AD/data=!4m7!3m6!1s0x151d3d6f14cd26f1:0x422f459d2a5040a8!8m2!3d32.266892!4d35.009675!16s%2Fg%2F1tf455r9!19sChIJ8SbNFG89HRURqEBQKp1FL0I?authuser=0&hl=iw&rclk=1
34.9820141,32.3003085,קלנסווה,שווארמה אבו אדם,4.1,463,40,49,53,62,19,24,13,22,9,,estimated,"Estimated prices, not verified from menu.",https://www.google.com/maps/place/%D7%A9%D7%95%D7%95%D7%90%D7%A8%D7%9E%D7%94+%D7%90%D7%91%D7%95+%D7%90%D7%93%D7%9D%E2%80%AD/data=!4m7!3m6!1s0x151d3d23c2b3ddef:0x53ed65715aca1f98!8m2!3d32.3003085!4d34.9820141!16s%2Fg%2F11mvxyt53b!19sChIJ792zwiM9HRURmB_KWnFl7VM?authuser=0&hl=iw&rclk=1
35.003989,32.2701239,טייבה,שווארמה טוב טעם,4.9,13,39,51,57,59,19,26,13,21,8,False,estimated,"Estimated prices, not verified from menu.",https://www.google.com/maps/place/%D7%A9%D7%95%D7%95%D7%90%D7%A8%D7%9E%D7%94+%D7%98%D7%95%D7%91+%D7%98%D7%A2%D7%9D%E2%80%AD/data=!4m7!3m6!1s0x151d3d00be44c0d3:0x1fb57e0eea956800!8m2!3d32.2701239!4d35.003989!16s%2Fg%2F11ngjj9r_c!19sChIJ08BEvgA9HRURAGiV6g5-tR8?authuser=0&hl=iw&rclk=1
34.9584606,32.233481,טירה,שווארמה סאמר,4.5,92,40,51,53,65,20,24,13,22,8,False,estimated,"Estimated prices, not verified from menu.",https://www.google.com/maps/place/%D7%A9%D7%95%D7%95%D7%90%D7%A8%D7%9E%D7%94+%D7%A1%D7%90%D7%9E%D7%A8%E2%80%AD/data=!4m7!3m6!1s0x151d3c18f2bcaac3:0x5fbc31ec2ae2e42f!8m2!3d32.233481!4d34.9584606!16s%2Fg%2F11csbfdwl6!19sChIJw6q88hg8HRURL-TiKuwxvF8?authuser=0&hl=iw&rclk=1
34.9826273,32.304507,קלנסווה,שווארמה הכיכר,4.8,127,40,50,51,57,18,25,13,19,9,False,estimated,"Estimated prices, not verified from menu.",https://www.google.com/maps/place/%D7%A9%D7%95%D7%95%D7%90%D7%A8%D7%9E%D7%94+%D7%94%D7%9B%D7%99%D7%9B%D7%A8%E2%80%AD/data=!4m7!3m6!1s0x151d179d8262956d:0x8ebec99376a0b056!8m2!3d32.304507!4d34.9826273!16s%2Fg%2F11h40dhll5!19sChIJbZVigp0XHRURVrCgdpPJvo4?authuser=0&hl=iw&rclk=1
34.9606271,32.2332549,טירה,שווארמה בונגור,4.5,49,41,50,54,60,18,24,13,21,9,,estimated,"Estimated prices, not verified from menu.",https://www.google.com/maps/place/%D7%A9%D7%95%D7%95%D7%90%D7%A8%D7%9E%D7%94+%D7%91%D7%95%D7%A0%D7%92%D7%95%D7%A8%E2%80%AD/data=!4m7!3m6!1s0x151d3dc05eda00fd:0x4608974f85e6bac9!8m2!3d32.2332549!4d34.9606271!16s%2Fg%2F11h0mmpcyf!19sChIJ_QDaXsA9HRURybrmhU-XCEY?authuser=0&hl=iw&rclk=1
34.959354,32.233336,טירה,שווארמה אבו אלמואמן,4.4,8,44,46,56,61,18,26,13,20,9,False,estimated,"Estimated prices, not verified from menu.",https://www.google.com/maps/place/%D7%A9%D7%95%D7%95%D7%90%D7%A8%D7%9E%D7%94+%D7%90%D7%91%D7%95+%D7%90%D7%9C%D7%9E%D7%95%D7%90%D7%9E%D7%9F%E2%80%AD/data=!4m7!3m6!1s0x151d3d311ce20c5b:0xe76a13fe8ec227fa!8m2!3d32.233336!4d34.959354!16s%2Fg%2F11f9f1zzss!19sChIJWwziHDE9HRUR-ifCjv4Tauc?authuser=0&hl=iw&rclk=1
34.9419237,32.2270401,טירה,Angos SteakHouse BBQ & Shawarma,4.5,19,42,48,53,66,19,25,14,20,8,,estimated,"Estimated prices, not verified from menu.",https://www.google.com/maps/place/Angos+SteakHouse+BBQ+%26+Shawarma/data=!4m7!3m6!1s0x151d3fcf17efa841:0x4959762d9ef3a465!8m2!3d32.2270401!4d34.9419237!16s%2Fg%2F11swmm4r4d!19sChIJQajvF88_HRURZaTzni12WUk?authuser=0&hl=iw&rclk=1
34.9809264,32.1167182,כפר קאסם,שווארמה דונר,,1,43,54,61,64,20,30,15,21,9,False,estimated,"Estimated prices, not verified from menu.",https://www.google.com/maps/place/%D7%A9%D7%95%D7%95%D7%90%D7%A8%D7%9E%D7%94+%D7%93%D7%95%D7%A0%D7%A8%E2%80%AD/data=!4m7!3m6!1s0x151d31ca84e2d289:0xb02a25f0238c099b!8m2!3d32.1167182!4d34.9809264!16s%2Fg%2F11tn0dpbr3!19sChIJidLihMoxHRURmwmMI_AlKrA?authuser=0&hl=iw&rclk=1
34.9608015,32.1127513,ראש העין,Shawarma Qassem,4.3,243,47,49,55,67,19,29,15,22,10,False,estimated,"Estimated prices, not verified from menu.",https://www.google.com/maps/place/Shawarma+Qassem/data=!4m7!3m6!1s0x151d317ff162745d:0xbc360c1a9ac11351!8m2!3d32.1127513!4d34.9608015!16s%2Fg%2F11fm78wdv2!19sChIJXXRi8X8xHRURURPBmhoMNrw?authuser=0&hl=iw&rclk=1
35.0322227,32.4271404,באקה אל גרביה,שווארמה 9,4.7,70,45,48,57,71,21,29,15,23,10,,estimated,"Estimated prices, not verified from menu.",https://www.google.com/maps/place/%D7%A9%D7%95%D7%95%D7%90%D7%A8%D7%9E%D7%94+9%E2%80%AD/data=!4m7!3m6!1s0x151d11da8476671b:0x572a2870c4885b95!8m2!3d32.4271404!4d35.0322227!16s%2Fg%2F11fsx1627x!19sChIJG2d2hNoRHRURlVuIxHAoKlc?authuser=0&hl=iw&rclk=1
35.0460172,32.4148771,באקה אל גרביה,شاورما بونجور (وسيم) בונו'ור שווארמה וסימ,4.7,41,44,53,54,69,19,30,15,22,9,False,estimated,"Estimated prices, not verified from menu.",https://www.google.com/maps/place/%D8%B4%D8%A7%D9%88%D8%B1%D9%85%D8%A7+%D8%A8%D9%88%D9%86%D8%AC%D9%88%D8%B1+%28%D9%88%D8%B3%D9%8A%D9%85%29+%D7%91%D7%95%D7%A0%D7%95%27%D7%95%D7%A8+%D7%A9%D7%95%D7%95%D7%90%D7%A8%D7%9E%D7%94+%D7%95%D7%A1%D7%99%D7%9E%E2%80%AD/data=!4m7!3m6!1s0x151d1bb2ea8f613d:0x75946549742e9073!8m2!3d32.4148771!4d35.0460172!16s%2Fg%2F11spgksx78!19sChIJPWGP6rIbHRURc5AudElllHU?authuser=0&hl=iw&rclk=1
35.0418119,32.4210009,באקה אל גרביה,שווארמה אבו מחפוד,4.3,67,47,55,57,63,20,28,14,24,9,,estimated,"Estimated prices, not verified from menu.",https://www.google.com/maps/place/%D7%A9%D7%95%D7%95%D7%90%D7%A8%D7%9E%D7%94+%D7%90%D7%91%D7%95+%D7%9E%D7%97%D7%A4%D7%95%D7%93%E2%80%AD/data=!4m7!3m6!1s0x151d1aaebbdfc7ed:0xbb5a5d2aeeeb38ff!8m2!3d32.4210009!4d35.0418119!16s%2Fg%2F11cmqytld0!19sChIJ7cffu64aHRUR_zjr7ipdWrs?authuser=0&hl=iw&rclk=1
35.0381044,32.4093084,באקה אל גרביה,שווארמה אלנור || شوارما النور,4.8,6,44,50,59,71,20,29,15,24,9,False,estimated,"Estimated prices, not verified from menu.",https://www.google.com/maps/place/%D7%A9%D7%95%D7%95%D7%90%D7%A8%D7%9E%D7%94+%D7%90%D7%9C%D7%A0%D7%95%D7%A8+%7C%7C+%D8%B4%D9%88%D8%A7%D8%B1%D9%85%D8%A7+%D8%A7%D9%84%D9%86%D9%88%D8%B1%E2%80%AD/data=!4m7!3m6!1s0x151d110040d697f5:0x6897058c5deca2f3!8m2!3d32.4093084!4d35.0381044!16s%2Fg%2F11xgq5p7xb!19sChIJ9ZfWQAARHRUR86LsXYwFl2g?authuser=0&hl=iw&rclk=1
35.035289,32.419305,באקה אל גרביה,שווארמה זיידו,5.0,2,44,52,55,71,22,26,15,23,10,False,estimated,"Estimated prices, not verified from menu.",https://www.google.com/maps/place/%D7%A9%D7%95%D7%95%D7%90%D7%A8%D7%9E%D7%94+%D7%96%D7%99%D7%99%D7%93%D7%95%E2%80%AD/data=!4m7!3m6!1s0x151d11000eb4ebf5:0x5dcec7fd0c352b26!8m2!3d32.419305!4d35.035289!16s%2Fg%2F11m76xtyl2!19sChIJ9eu0DgARHRURJis1DP3Hzl0?authuser=0&hl=iw&rclk=1
35.0421114,32.4208702,באקה אל גרביה,شوارما ابو شقير שווארמה אבו שקיר Abu Shker Shawarma,4.4,141,47,52,61,65,20,28,14,22,9,False,estimated,"Estimated prices, not verified from menu.",https://www.google.com/maps/place/%D8%B4%D9%88%D8%A7%D8%B1%D9%85%D8%A7+%D8%A7%D8%A8%D9%88+%D8%B4%D9%82%D9%8A%D8%B1+%D7%A9%D7%95%D7%95%D7%90%D7%A8%D7%9E%D7%94+%D7%90%D7%91%D7%95+%D7%A9%D7%A7%D7%99%D7%A8+Abu+Shker+Shawarma%E2%80%AD/data=!4m7!3m6!1s0x151d1b3ea63deced:0x3d351c8de30d09dd!8m2!3d32.4208702!4d35.0421114!16s%2Fg%2F11h40y_x1t!19sChIJ7ew9pj4bHRUR3QkN440cNT0?authuser=0&hl=iw&rclk=1
35.0666652,32.6861371,דלית אל-כרמל,שווארמה אחים חלבי,4.8,14,44,50,59,65,22,27,15,25,10,True,estimated,"Estimated prices, not verified from menu.",https://www.google.com/maps/place/%D7%A9%D7%95%D7%95%D7%90%D7%A8%D7%9E%D7%94+%D7%90%D7%97%D7%99%D7%9D+%D7%97%D7%9C%D7%91%D7%99%E2%80%AD/data=!4m7!3m6!1s0x151daf745a0cea53:0x1ebfcac173798b87!8m2!3d32.6861371!4d35.0666652!16s%2Fg%2F11gwhl59z4!19sChIJU-oMWnSvHRURh4t5c8HKvx4?authuser=0&hl=iw&rclk=1
35.0468074,32.4095653,באקה אל גרביה,שווארמה 10,4.9,61,45,52,63,71,22,28,15,22,9,,estimated,"Estimated prices, not verified from menu.",https://www.google.com/maps/place/%D7%A9%D7%95%D7%95%D7%90%D7%A8%D7%9E%D7%94+10%E2%80%AD/data=!4m7!3m6!1s0x151d0bcca66af5ed:0x34dfbaa77a641bf2!8m2!3d32.4095653!4d35.0468074!16s%2Fg%2F11sn_2n06v!19sChIJ7fVqpswLHRUR8htkeqe63zQ?authuser=0&hl=iw&rclk=1
35.0460562,32.4186198,באקה אל גרביה,שווארמה וישפודי אבו מחמוד,,1,49,52,63,64,21,31,15,24,10,False,estimated,"Estimated prices, not verified from menu.",https://www.google.com/maps/place/%D7%A9%D7%95%D7%95%D7%90%D7%A8%D7%9E%D7%94+%D7%95%D7%99%D7%A9%D7%A4%D7%95%D7%93%D7%99+%D7%90%D7%91%D7%95+%D7%9E%D7%97%D7%9E%D7%95%D7%93%E2%80%AD/data=!4m7!3m6!1s0x151d1bf49584b787:0xc85ff34c244aaa0d!8m2!3d32.4186198!4d35.0460562!16s%2Fg%2F11lgzr3ylx!19sChIJh7eElfQbHRURDapKJEzzX8g?authuser=0&hl=iw&rclk=1
34.7333957,31.3844051,רהט,شاورما رويال رهط שווארמה רויאל רהט,5.0,8,39,46,49,61,20,24,12,20,9,False,estimated,"Estimated prices, not verified from menu.",https://www.google.com/maps/place/%D8%B4%D8%A7%D9%88%D8%B1%D9%85%D8%A7+%D8%B1%D9%88%D9%8A%D8%A7%D9%84+%D8%B1%D9%87%D8%B7+%D7%A9%D7%95%D7%95%D7%90%D7%A8%D7%9E%D7%94+%D7%A8%D7%95%D7%99%D7%90%D7%9C+%D7%A8%D7%94%D7%98%E2%80%AD/data=!4m7!3m6!1s0x1502630c343647cd:0x40b13b9263e20d47!8m2!3d31.3844051!4d34.7333957!16s%2Fg%2F11v60qssk6!19sChIJzUc2NAxjAhURRw3iY5I7sUA?authuser=0&hl=iw&rclk=1
34.771919,31.393401,רהט,שוארמה אלמוכתאר,4.3,67,43,45,53,60,19,23,13,19,8,False,estimated,"Estimated prices, not verified from menu.",https://www.google.com/maps/place/%D7%A9%D7%95%D7%90%D7%A8%D7%9E%D7%94+%D7%90%D7%9C%D7%9E%D7%95%D7%9B%D7%AA%D7%90%D7%A8%E2%80%AD/data=!4m7!3m6!1s0x150262007af55089:0xeec0962e649d2e66!8m2!3d31.393401!4d34.771919!16s%2Fg%2F11hctjyzxz!19sChIJiVD1egBiAhURZi6dZC6WwO4?authuser=0&hl=iw&rclk=1
34.7418648,31.3937176,רהט,שווארמה TARBUSH,4.3,3,43,48,55,57,19,24,13,19,8,,estimated,"Estimated prices, not verified from menu.",https://www.google.com/maps/place/%D7%A9%D7%95%D7%95%D7%90%D7%A8%D7%9E%D7%94+TARBUSH%E2%80%AD/data=!4m7!3m6!1s0x15026303688a66f1:0x58b5809581d0d435!8m2!3d31.3937176!4d34.7418648!16s%2Fg%2F11g4h3zmdd!19sChIJ8WaKaANjAhURNdTQgZWAtVg?authuser=0&hl=iw&rclk=1
34.7804887,31.3738898,אל-עראקיב,בית הפול והשווארמה רהט,4.7,7,41,50,49,58,19,24,13,19,9,False,estimated,"Estimated prices, not verified from menu.",https://www.google.com/maps/place/%D7%91%D7%99%D7%AA+%D7%94%D7%A4%D7%95%D7%9C+%D7%95%D7%94%D7%A9%D7%95%D7%95%D7%90%D7%A8%D7%9E%D7%94+%D7%A8%D7%94%D7%98%E2%80%AD/data=!4m7!3m6!1s0x150263a5d93c9239:0x263f3a007261507e!8m2!3d31.3738898!4d34.7804887!16s%2Fg%2F11ych9qtzx!19sChIJOZI82aVjAhURflBhcgA6PyY?authuser=0&hl=iw&rclk=1
34.762033,31.387097,רהט,שווארמה רוואבי -شوارما روابي,,1,38,49,54,60,19,27,13,21,9,False,estimated,"Estimated prices, not verified from menu.",https://www.google.com/maps/place/%D7%A9%D7%95%D7%95%D7%90%D7%A8%D7%9E%D7%94+%D7%A8%D7%95%D7%95%D7%90%D7%91%D7%99+-%D8%B4%D9%88%D8%A7%D8%B1%D9%85%D8%A7+%D8%B1%D9%88%D8%A7%D8%A8%D9%8A%E2%80%AD/data=!4m7!3m6!1s0x15026314f1569073:0x83ad6421ce153ae5!8m2!3d31.387097!4d34.762033!16s%2Fg%2F11kq6m7kh0!19sChIJc5BW8RRjAhUR5ToVziFkrYM?authuser=0&hl=iw&rclk=1
34.7604254,31.3948692,רהט,טופ ‏שווארמה,3.7,3,43,44,56,56,20,26,13,22,9,,estimated,"Estimated prices, not verified from menu.",https://www.google.com/maps/place/%D7%98%D7%95%D7%A4+%E2%80%8F%D7%A9%D7%95%D7%95%D7%90%D7%A8%D7%9E%D7%94%E2%80%AD/data=!4m7!3m6!1s0x150289d95877ddf9:0x10a2edfe37c6889!8m2!3d31.3948692!4d34.7604254!16s%2Fg%2F11v3_5ll06!19sChIJ-d13WNmJAhURiWh8498uCgE?authuser=0&hl=iw&rclk=1
35.0865149,31.2487419,כסייפה,شوارما ومناسف كسيفه | שווארמה ומנאסף כסיפה,,1,42,50,64,63,21,27,15,23,9,False,estimated,"Estimated prices, not verified from menu.",https://www.google.com/maps/place/%D8%B4%D9%88%D8%A7%D8%B1%D9%85%D8%A7+%D9%88%D9%85%D9%86%D8%A7%D8%B3%D9%81+%D9%83%D8%B3%D9%8A%D9%81%D9%87+%7C+%D7%A9%D7%95%D7%95%D7%90%D7%A8%D7%9E%D7%94+%D7%95%D7%9E%D7%A0%D7%90%D7%A1%D7%A3+%D7%9B%D7%A1%D7%99%D7%A4%D7%94%E2%80%AD/data=!4m7!3m6!1s0x150257b5f052a16f:0x144938777a6fae9b!8m2!3d31.2487419!4d35.0865149!16s%2Fg%2F11yzd3hrbr!19sChIJb6FS8LVXAhURm65venc4SRQ?authuser=0&hl=iw&rclk=1
35.3771219,31.4172649,כסייפה,אישתלה- שווארמה פלאפל,1.8,6,48,51,61,70,21,31,15,22,10,False,estimated,"Estimated prices, not verified from menu.",https://www.google.com/maps/place/%D7%90%D7%99%D7%A9%D7%AA%D7%9C%D7%94-+%D7%A9%D7%95%D7%95%D7%90%D7%A8%D7%9E%D7%94+%D7%A4%D7%9C%D7%90%D7%A4%D7%9C%E2%80%AD/data=!4m7!3m6!1s0x15031b5c05ea1705:0xb86f742d5edef711!8m2!3d31.4172649!4d35.3771219!16s%2Fg%2F11fcts8ftz!19sChIJBRfqBVwbAxUREffeXi10b7g?authuser=0&hl=iw&rclk=1
34.7639523,31.4428142,שובל,Buni שווארמה ופלאפל,3.8,5,47,53,61,65,22,30,14,24,10,True,estimated,"Estimated prices, not verified from menu.",https://www.google.com/maps/place/Buni+%D7%A9%D7%95%D7%95%D7%90%D7%A8%D7%9E%D7%94+%D7%95%D7%A4%D7%9C%D7%90%D7%A4%D7%9C%E2%80%AD/data=!4m7!3m6!1s0x150289a4c2e8e12d:0x4841e712bb2db4d4!8m2!3d31.4428142!4d34.7639523!16s%2Fg%2F11hzx4wlkq!19sChIJLeHowqSJAhUR1LQtuxLnQUg?authuser=0&hl=iw&rclk=1
35.0150965,31.1622328,ערערה בנגב,شوارما السلام | שווארמה השלום,3.0,6,46,52,55,65,21,29,13,22,9,False,estimated,"Estimated prices, not verified from menu.",https://www.google.com/maps/place/%D8%B4%D9%88%D8%A7%D8%B1%D9%85%D8%A7+%D8%A7%D9%84%D8%B3%D9%84%D8%A7%D9%85+%7C+%D7%A9%D7%95%D7%95%D7%90%D7%A8%D7%9E%D7%94+%D7%94%D7%A9%D7%9C%D7%95%D7%9D%E2%80%AD/data=!4m7!3m6!1s0x15025b73cb278859:0x5d9703963eb3c120!8m2!3d31.1622328!4d35.0150965!16s%2Fg%2F11n4n6y5vx!19sChIJWYgny3NbAhURIMGzPpYDl10?authuser=0&hl=iw&rclk=1
34.9318373,30.9868176,ירוחם,"שווארמה ""הכל בורא עולם""",4.4,67,47,56,62,70,20,30,15,21,9,True,estimated,"Estimated prices, not verified from menu.",https://www.google.com/maps/place/%D7%A9%D7%95%D7%95%D7%90%D7%A8%D7%9E%D7%94+%22%D7%94%D7%9B%D7%9C+%D7%91%D7%95%D7%A8%D7%90+%D7%A2%D7%95%D7%9C%D7%9D%22%E2%80%AD/data=!4m7!3m6!1s0x15023f1e50f7563d:0xf34238ca74302adb!8m2!3d30.9868176!4d34.9318373!16s%2Fg%2F11ghfd5yx4!19sChIJPVb3UB4_AhUR2yowdMo4QvM?authuser=0&hl=iw&rclk=1
34.770492,31.8153164,גדרה,שווארמה שמעוני,4.2,1986,43,53,56,62,19,29,15,23,10,,estimated,"Estimated prices, not verified from menu.",https://www.google.com/maps/place/%D7%A9%D7%95%D7%95%D7%90%D7%A8%D7%9E%D7%94+%D7%A9%D7%9E%D7%A2%D7%95%D7%A0%D7%99%E2%80%AD/data=!4m7!3m6!1s0x1502bbe43d88daf3:0xdb25e36c6452e8cd!8m2!3d31.8153164!4d34.770492!16s%2Fg%2F1tgw785d!19sChIJ89qIPeS7AhURzehSZGzjJds?authuser=0&hl=iw&rclk=1
34.9339552,31.2990309,חורה,שוארמה ובשרים אבו שארב,,1,45,56,58,66,21,27,15,24,9,True,estimated,"Estimated prices, not verified from menu.",https://www.google.com/maps/place/%D7%A9%D7%95%D7%90%D7%A8%D7%9E%D7%94+%D7%95%D7%91%D7%A9%D7%A8%D7%99%D7%9D+%D7%90%D7%91%D7%95+%D7%A9%D7%90%D7%A8%D7%91%E2%80%AD/data=!4m7!3m6!1s0x15025f5cc917d8f9:0x101770aa6a5212cd!8m2!3d31.2990309!4d34.9339552!16s%2Fg%2F11z357nzy6!19sChIJ-dgXyVxfAhURzRJSaqpwFxA?authuser=0&hl=iw&rclk=1
34.8018633,30.6102896,מצפה רמון,שווארמה גבריאל,2.6,71,46,54,57,67,19,28,15,23,9,True,estimated,"Estimated prices, not verified from menu.",https://www.google.com/maps/place/%D7%A9%D7%95%D7%95%D7%90%D7%A8%D7%9E%D7%94+%D7%92%D7%91%D7%A8%D7%99%D7%90%D7%9C%E2%80%AD/data=!4m7!3m6!1s0x1501f34d32881e25:0x4c77fa0af7903578!8m2!3d30.6102896!4d34.8018633!16s%2Fg%2F11kh_h6mpm!19sChIJJR6IMk3zARUReDWQ9wr6d0w?authuser=0&hl=iw&rclk=1
34.8028116,30.612571,מצפה רמון,שווארמה דראי'ס,2.6,23,44,49,58,65,21,30,15,22,9,,estimated,"Estimated prices, not verified from menu.",https://www.google.com/maps/place/%D7%A9%D7%95%D7%95%D7%90%D7%A8%D7%9E%D7%94+%D7%93%D7%A8%D7%90%D7%99%27%D7%A1%E2%80%AD/data=!4m7!3m6!1s0x1501f3b1e1d1c379:0x4e4247e51f87dad7!8m2!3d30.612571!4d34.8028116!16s%2Fg%2F11shkbt5j7!19sChIJecPR4bHzARUR19qHH-VHQk4?authuser=0&hl=iw&rclk=1
35.1444952,31.7930872,מבשרת ציון,"שווארמה ""השמן"" קסטל- מבשרת ציון",4.1,922,42,49,55,68,22,28,15,23,9,,estimated,"Estimated prices, not verified from menu.",https://www.google.com/maps/place/%D7%A9%D7%95%D7%95%D7%90%D7%A8%D7%9E%D7%94+%22%D7%94%D7%A9%D7%9E%D7%9F%22+%D7%A7%D7%A1%D7%98%D7%9C-+%D7%9E%D7%91%D7%A9%D7%A8%D7%AA+%D7%A6%D7%99%D7%95%D7%9F%E2%80%AD/data=!4m7!3m6!1s0x1502d75888a31055:0xc8e0220b591e3a72!8m2!3d31.7930872!4d35.1444952!16s%2Fg%2F11fmjrwllp!19sChIJVRCjiFjXAhURcjoeWQsi4Mg?authuser=0&hl=iw&rclk=1
35.2985885,31.773532,מעלה אדומים,שווארמה בלאדי,4.7,91,45,51,63,66,22,31,13,21,9,,estimated,"Estimated prices, not verified from menu.",https://www.google.com/maps/place/%D7%A9%D7%95%D7%95%D7%90%D7%A8%D7%9E%D7%94+%D7%91%D7%9C%D7%90%D7%93%D7%99%E2%80%AD/data=!4m7!3m6!1s0x15032973cf68a285:0xddc89bfcb78730ba!8m2!3d31.773532!4d35.2985885!16s%2Fg%2F11s5xt746f!19sChIJhaJoz3MpAxURujCHt_ybyN0?authuser=0&hl=iw&rclk=1
35.5432156,32.9254677,עמיעד,שווארמה אבו סאלח,3.6,236,42,49,55,67,22,29,13,24,9,True,estimated,"Estimated prices, not verified from menu.",https://www.google.com/maps/place/%D7%A9%D7%95%D7%95%D7%90%D7%A8%D7%9E%D7%94+%D7%90%D7%91%D7%95+%D7%A1%D7%90%D7%9C%D7%97%E2%80%AD/data=!4m7!3m6!1s0x151c23ccdb7fc94d:0xd1b81f4c0992e79c!8m2!3d32.9254677!4d35.5432156!16s%2Fg%2F11jq06ggd_!19sChIJTcl_28wjHBURnOeSCUwfuNE?authuser=0&hl=iw&rclk=1
35.0609941,32.6962041,דלית אל-כרמל,שווארמה סאפי,4.6,151,46,53,59,63,21,29,15,24,10,True,estimated,"Estimated prices, not verified from menu.",https://www.google.com/maps/place/%D7%A9%D7%95%D7%95%D7%90%D7%A8%D7%9E%D7%94+%D7%A1%D7%90%D7%A4%D7%99%E2%80%AD/data=!4m7!3m6!1s0x151daf0ab8921d89:0xe4e1fdd64f6c0021!8m2!3d32.6962041!4d35.0609941!16s%2Fg%2F11dd_p3r2j!19sChIJiR2SuAqvHRURIQBsT9b94eQ?authuser=0&hl=iw&rclk=1
35.1226013,32.0975812,אזור,אהרל׳ה שווארמה,4.6,49,47,50,57,66,23,27,15,21,10,True,estimated,"Estimated prices, not verified from menu.",https://www.google.com/maps/place/%D7%90%D7%94%D7%A8%D7%9C%D7%B3%D7%94+%D7%A9%D7%95%D7%95%D7%90%D7%A8%D7%9E%D7%94%E2%80%AD/data=!4m7!3m6!1s0x151d25697c19b8f7:0x81eec35f679c9ee0!8m2!3d32.0975812!4d35.1226013!16s%2Fg%2F11k565j6_y!19sChIJ97gZfGklHRUR4J6cZ1_D7oE?authuser=0&hl=iw&rclk=1
35.219577,32.2288001,שטח A,Sham Gate Shawarma بوابة الشام للشاورما,1.0,1,43,50,59,67,20,28,14,25,10,False,estimated,"Estimated prices, not verified from menu.",https://www.google.com/maps/place/Sham+Gate+Shawarma+%D8%A8%D9%88%D8%A7%D8%A8%D8%A9+%D8%A7%D9%84%D8%B4%D8%A7%D9%85+%D9%84%D9%84%D8%B4%D8%A7%D9%88%D8%B1%D9%85%D8%A7%E2%80%AD/data=!4m7!3m6!1s0x151ce1f3d76a4103:0x661c455313aa5c00!8m2!3d32.2288001!4d35.219577!16s%2Fg%2F11scynqd20!19sChIJA0Fq1_PhHBURAFyqE1NFHGY?authuser=0&hl=iw&rclk=1
35.0461517,32.6922569,דלית אל-כרמל,רטרו שווארמה,4.6,120,44,54,55,69,21,29,13,22,10,False,estimated,"Estimated prices, not verified from menu.",https://www.google.com/maps/place/%D7%A8%D7%98%D7%A8%D7%95+%D7%A9%D7%95%D7%95%D7%90%D7%A8%D7%9E%D7%94%E2%80%AD/data=!4m7!3m6!1s0x151daf64c5b3873d:0x2e69e3513d6ddbc5!8m2!3d32.6922569!4d35.0461517!16s%2Fg%2F11dxm7qm08!19sChIJPYezxWSvHRURxdttPVHjaS4?authuser=0&hl=iw&rclk=1
34.9925797,32.4654191,פרדס חנה,אלוף השווארמה והפלאפל,4.0,1,45,55,63,70,20,30,15,22,10,True,estimated,"Estimated prices, not verified from menu.",https://www.google.com/maps/place/%D7%90%D7%9C%D7%95%D7%A3+%D7%94%D7%A9%D7%95%D7%95%D7%90%D7%A8%D7%9E%D7%94+%D7%95%D7%94%D7%A4%D7%9C%D7%90%D7%A4%D7%9C%E2%80%AD/data=!4m7!3m6!1s0x151d0f2d19738547:0x9bdccf010028f296!8m2!3d32.4654191!4d34.9925797!16s%2Fg%2F11rxrrm41w!19sChIJR4VzGS0PHRURlvIoAAHP3Js?authuser=0&hl=iw&rclk=1
34.9903556,32.4709188,פרדס חנה,רפאל שווארמה ובשרים,,1,42,54,58,63,20,27,14,23,9,,estimated,"Estimated prices, not verified from menu.",https://www.google.com/maps/place/%D7%A8%D7%A4%D7%90%D7%9C+%D7%A9%D7%95%D7%95%D7%90%D7%A8%D7%9E%D7%94+%D7%95%D7%91%D7%A9%D7%A8%D7%99%D7%9D%E2%80%AD/data=!4m7!3m6!1s0x151d0f4d9ce51a1b:0xe7193f7c2ea8acc3!8m2!3d32.4709188!4d34.9903556!16s%2Fg%2F11h4lprl3l!19sChIJGxrlnE0PHRURw6yoLnw_Gec?authuser=0&hl=iw&rclk=1
34.9515231,32.601358,פוריידיס,מפגש אלאסיל- שווארמה,4.9,106,49,53,62,66,21,29,14,24,9,False,estimated,"Estimated prices, not verified from menu.",https://www.google.com/maps/place/%D7%9E%D7%A4%D7%92%D7%A9+%D7%90%D7%9C%D7%90%D7%A1%D7%99%D7%9C-+%D7%A9%D7%95%D7%95%D7%90%D7%A8%D7%9E%D7%94%E2%80%AD/data=!4m7!3m6!1s0x151d0bd35fc3bc0f:0x1f26e65e1d8602f1!8m2!3d32.601358!4d34.9515231!16s%2Fg%2F11wj75dvvy!19sChIJD7zDX9MLHRUR8QKGHV7mJh8?authuser=0&hl=iw&rclk=1
34.9541057,32.5747214,זכרון יעקב,שווארמה שאולי אקספרס זכרון יעקב,4.2,386,46,49,63,71,20,29,14,23,10,,estimated,"Estimated prices, not verified from menu.",https://www.google.com/maps/place/%D7%A9%D7%95%D7%95%D7%90%D7%A8%D7%9E%D7%94+%D7%A9%D7%90%D7%95%D7%9C%D7%99+%D7%90%D7%A7%D7%A1%D7%A4%D7%A8%D7%A1+%D7%96%D7%9B%D7%A8%D7%95%D7%9F+%D7%99%D7%A2%D7%A7%D7%91%E2%80%AD/data=!4m7!3m6!1s0x151d0981b7a1ede9:0x65e5b943c6e54828!8m2!3d32.5747214!4d34.9541057!16s%2Fg%2F11c6v7qgdf!19sChIJ6e2ht4EJHRURKEjlxkO55WU?authuser=0&hl=iw&rclk=1
35.1721196,32.70649,רמת ישי,רזניק שווארמה,4.9,403,46,52,55,71,21,27,13,21,9,True,estimated,"Estimated prices, not verified from menu.",https://www.google.com/maps/place/%D7%A8%D7%96%D7%A0%D7%99%D7%A7+%D7%A9%D7%95%D7%95%D7%90%D7%A8%D7%9E%D7%94%E2%80%AD/data=!4m7!3m6!1s0x151db3901332a773:0xb49ded5001f518c8!8m2!3d32.70649!4d35.1721196!16s%2Fg%2F11x7xgqds6!19sChIJc6cyE5CzHRURyBj1AVDtnbQ?authuser=0&hl=iw&rclk=1
34.9293569,32.517565,בנימינה,ענק השווארמה,3.3,11,49,51,61,68,21,27,14,22,9,False,estimated,"Estimated prices, not verified from menu.",https://www.google.com/maps/place/%D7%A2%D7%A0%D7%A7+%D7%94%D7%A9%D7%95%D7%95%D7%90%D7%A8%D7%9E%D7%94%E2%80%AD/data=!4m7!3m6!1s0x151d0d002a48f883:0x57f5b449ee2fab77!8m2!3d32.517565!4d34.9293569!16s%2Fg%2F11m6h18zb9!19sChIJg_hIKgANHRURd6sv7km09Vc?authuser=0&hl=iw&rclk=1
35.1731641,32.1051691,שטח C,שווארמה לולו,3.4,57,49,48,58,63,21,31,14,23,10,True,estimated,"Estimated prices, not verified from menu.",https://www.google.com/maps/place/%D7%A9%D7%95%D7%95%D7%90%D7%A8%D7%9E%D7%94+%D7%9C%D7%95%D7%9C%D7%95%E2%80%AD/data=!4m7!3m6!1s0x151d37dea29de01b:0xf52df6df333b6a81!8m2!3d32.1051691!4d35.1731641!16s%2Fg%2F11vcxkvlnj!19sChIJG-Cdot43HRURgWo7M9_2LfU?authuser=0&hl=iw&rclk=1
34.8271039,32.0972117,בני ברק,שווארמה הלל אריאל,,1,44,52,60,68,22,30,15,22,10,True,estimated,"Estimated prices, not verified from menu.",https://www.google.com/maps/place/%D7%A9%D7%95%D7%95%D7%90%D7%A8%D7%9E%D7%94+%D7%94%D7%9C%D7%9C+%D7%90%D7%A8%D7%99%D7%90%D7%9C%E2%80%AD/data=!4m7!3m6!1s0x151d49aa5ee377e9:0x74f61ff0b507454f!8m2!3d32.0972117!4d34.8271039!16s%2Fg%2F11fmh73mrx!19sChIJ6XfjXqpJHRURT0UHtfAf9nQ?authuser=0&hl=iw&rclk=1
35.3113066,31.7824447,מעלה אדומים,השווארמה בסיבוב,4.0,10,47,50,57,67,23,28,14,24,9,False,estimated,"Estimated prices, not verified from menu.",https://www.google.com/maps/place/%D7%94%D7%A9%D7%95%D7%95%D7%90%D7%A8%D7%9E%D7%94+%D7%91%D7%A1%D7%99%D7%91%D7%95%D7%91%E2%80%AD/data=!4m7!3m6!1s0x15032fcddffa59c3:0x3cd558d231460ca8!8m2!3d31.7824447!4d35.3113066!16s%2Fg%2F11tjdtb0vx!19sChIJw1n6380vAxURqAxGMdJY1Tw?authuser=0&hl=iw&rclk=1
35.1194008,31.8018443,אבו גוש,שווארמה אל בלד,4.0,157,47,50,63,69,21,31,15,23,10,True,estimated,"Estimated prices, not verified from menu.",https://www.google.com/maps/place/%D7%A9%D7%95%D7%95%D7%90%D7%A8%D7%9E%D7%94+%D7%90%D7%9C+%D7%91%D7%9C%D7%93%E2%80%AD/data=!4m7!3m6!1s0x1502d1b7985f0b33:0x5724d169ca38918d!8m2!3d31.8018443!4d35.1194008!16s%2Fg%2F11gyysctsw!19sChIJMwtfmLfRAhURjZE4ymnRJFc?authuser=0&hl=iw&rclk=1
